<?xml version="1.0" encoding="utf-8"?>
<language code="de" name="Deutsch" decimal_sep="," thousand_sep=".">
  <text digest="f679fc5558402f85339ec5a7e47a2d65">0-100, 0=keine Änderung</text>
  <text digest="237904cc5ea18e8ead0cf8798c8bb584">0-100, 0=deckend, 100=durchsichtig</text>
  <text digest="2cfe6c6ee7bf12671c84a2b601ee7e61">(Leer lassen, um aktuelles Paßwort beizubehalten)</text>
  <text digest="6f0646d61d342cf041668c1b3aabf257">Muss mindestens 5 Zeichen lang sein</text>
  <text digest="68cc3e8d8723a18074c321b0394971b7">eine Adresse pro Zeile</text>
  <text digest="3ad51f84f9fcd139c484b9657449fc6a">RRGGBB hexadezimal</text>
  <text digest="c7ff15f8e20c78720107f6bb411b3903">0=keine Grenze</text>
  <text digest="e3f7f54834cb55663cfc8daa3e1296da">&lt;strong&gt;Achtung:&lt;/strong&gt; Aufgrund von Einschränkungen des PHP XML Parsers, &lt;strong&gt;muss&lt;/strong&gt; die XML-Datei UTF-8 kodiert sein.</text>
  <text digest="294c070625c56242b19a20468cf07e89">Eine URL wird benötigt</text>
  <text digest="08bd40c7543007ad06e4fce31618f6ec">Konto</text>
  <text digest="3771bf858c98d52dbc5d250dd1f4e72f">Kontendetails</text>
  <text digest="004bf6c9a40003140292e97330236c53">Aktion</text>
  <text digest="4d3d769b812b6faa6b76e1a8abaece2d">Aktiv</text>
  <text digest="a5dac79ddad1cbdb8b60c5b347ee047e">Momentane Größe</text>
  <text digest="982efc929531febc7ddd68c5ffd9cdcd">Kommentar hinzufügen</text>
  <text digest="365b7e8763e8438d42db3f1f4025074d">Gitter hinzufügen</text>
  <text digest="1e22f543ce92434613f8518ea3b3d5ee">Sprache hinzufügen</text>
  <text digest="a508cd6ee07b35ea8efdf98d6520ce83">Kommentar hinzufügen</text>
  <text digest="1a41181f428efff363c6711afd3cbaae">Die Übersetzung nach dem Kommentar (aber innerhalb der --</text>
  <text digest="56cc559d234df2ffabc88b8926592264">Admin Home</text>
  <text digest="7258e7251413465e0a3eb58094430bde">Administration</text>
  <text digest="98aa505f420487b8d46ba6c92535060f">Administration</text>
  <text digest="2e7f473229466aab583b6a5b6c12944b">EMail des Administrators</text>
  <text digest="0b8b4e972d0c2d2023c02e036e50ed6e">E-Mail Adresse des Administrators</text>
  <text digest="2b996dca68382a098fd21e100119868b">Administrator Login</text>
  <text digest="b1c94ca2fbc3e78fc30069c8d0f01680">Alle</text>
  <text digest="717985ca4705973c8e2bcc24f731e685">Blog-Kommentare zulassen</text>
  <text digest="102779676feeffd385f7038542c05441">existiert bereits</text>
  <text digest="0208315ed9010b3aa21e0602b80ff5aa">Wert des Alt Tag</text>
  <text digest="c1fd3564fa7e4c04ff48aa628b7a1d4f">Alt-Tag für Ihre Pixel</text>
  <text digest="b2f40690858b404ed10e62bdf422c704">Summe</text>
  <text digest="0cd5a075b4d373a7cdfef5ef970a9905">Ein Konto mit dieser EMail-Adresse existiert bereits.</text>
  <text digest="4df0983b5f0fef389ff6dde220a2fa00">Ihnen wurde eine E-Mail mit Anweisungen zum Aktivieren Ihres Kontos zugesendet.</text>
  <text digest="256dc5b24a8bff2be45053611b5d7688">und alle damit verbundenen Regionen</text>
  <text digest="44ad1813bccc5fe8f24b7143f1a720e5">und alle damit verbundenen Texte</text>
  <text digest="33e022c6f0615ded20209d196ba220bd">Artikel-ID</text>
  <text digest="dd183cda820de726fe770720317eb6af">Dem Administrator zuweisen</text>
  <text digest="9159e8b2505e7aa3112e8d92d5bcd662">Versuch, die Zeile zu löschen wurde nicht gespeichert</text>
  <text digest="d2eb444e35c0a71f0a85df8194acb5b6">Attribut</text>
  <text digest="a517747c3d12f99244ae598910d979c5">Autor</text>
  <text digest="78945de8de090e90045d299651a68a9b">Verfügbar</text>
  <text digest="75e7422f2fe253fc69d3f6c148d197ee">Hintergrundfarbe</text>
  <text digest="abd809c9e3c1c08e97740f86b8ceabfb">Hintergrundbild</text>
  <text digest="be8df1f28c0abc85a0ed0c6860e5d832">Blog</text>
  <text digest="d3f12f6a2441abf9154561d5511cf99a">Blog Kommentare</text>
  <text digest="ac101b32dda4448cf13a93fe283dddd8">Body</text>
  <text digest="97b962852e8f5605148f7bb114e90388">Titel für Button kaufen</text>
  <text digest="30bb48edbb3180b4f158b54154390aca">Jetzt kaufen &gt;&gt;</text>
  <text digest="8e4ccc20183151e99e9169d9c9d832a7">Die Standardsprache kann nicht gelöscht werden:</text>
  <text digest="c0f9c6715531c64943f20597714f075c">CAPTCHA Bild</text>
  <text digest="8f1e77e0d2be21da93cd4d9a939148f7">Passwort ändern</text>
  <text digest="a1a54fabe4d39a33de432c5bcea2a7a4">Ändern zu 'Verifiziert'</text>
  <text digest="9c3cc01fe422f094cbb1e0cc31a53224">Benutzername/Passwort ändern</text>
  <text digest="90052c651c8ee6972bb05e44396ed4a5">Eine Andere Zahlungsmethode wählen</text>
  <text digest="a3b294b172203e5d3cb2840963612ea9">Kompilierte Schablonen löschen</text>
  <text digest="a2185b84cb564de630c6d371938bd55f">Kompilierte Schablonen jetzt löschen</text>
  <text digest="17738df6781b3f3af8dc83fbf55e6493">Fehlerstatus leeren</text>
  <text digest="1357e394106c1adabf10aba7b3bbc3b3">Bild löschen</text>
  <text digest="1e3708f8221705fb1a889efb229b6035">Clicken und ziehen Sie ihre Maus, um einen Bereich von Pixeln auszuwählen</text>
  <text digest="0df37c3395fea64e33cd4f1670428a7a">Clicken Sie auf eine Site, um Ihre Pixel zu aktualisieren</text>
  <text digest="cbdb553aaace16e77bb205e9bc3375ef">Clicks</text>
  <text digest="1976d7f704de389d9fe064e08ea35b2d">Spalte</text>
  <text digest="0be8406951cdfda82f00f79328cf4efc">Kommentar</text>
  <text digest="ba280a9b71dfa9bc4fd987ea66295100">Kommentar(e)</text>
  <text digest="8413c683b4b27cc3f4dbd4c90329d8ba">Kommentare</text>
  <text digest="e14891a26424266ae9fed563cd6db1fe">Kommentare zu/über</text>
  <text digest="be7046a84bd4e51e5100b4751a016147">Kompilierte Schablonen erfolgreich gelöscht</text>
  <text digest="07ca5050e697392c9ed47e6453f1453f">Vollständig</text>
  <text digest="f1206f9fadc5ce41694f69129aecac26">Konfigurieren</text>
  <text digest="ac00a91889d65fde368168c9ff6d3cf6">Bezahlungsmodul konfigurieren</text>
  <text digest="413e8eec79fec581e1be288e893e0cb9">Zahlung bestätigen</text>
  <text digest="205bc73c4ab4286a1fb9d4c18322777c">Bestätigt</text>
  <text digest="a0bfb8e59e6c13fc8d990781f77694fe">Weiter</text>
  <text digest="c884b1a5c353df470b30ffe6d42f9f2b">Passwort erzeugen</text>
  <text digest="739405e73cc9f2e323506440d0883734">Neues Benutzerkonto</text>
  <text digest="3e09ef3ed19172303d8d36354e509284">'Interlaced'-Bilder erzeugen</text>
  <text digest="cc7f8622005b8863ec2699a204a0ebc3">Palettenbilder erzeugen</text>
  <text digest="aeb0751452ff345883daec1aa25de87c">Region erzeugen</text>
  <text digest="0eceeb45861f9585dd7a97a3e36f85c6">Erzeugt</text>
  <text digest="4dc7aa6ddf532ae536da360ea389430f">Prüfziffern der Kreditkarte</text>
  <text digest="5e038f03415db5461c13d380469436cb">Nummer der Kreditkarte</text>
  <text digest="9dc0432a5467a0c376999d3c0f916244">Besitzer der Karte</text>
  <text digest="ccc4262fa6d8d0e05bd79fb58c52e66d">Art der Kreditkarte</text>
  <text digest="94cebe752e18a99e25477a437d006771">Währungssymbol</text>
  <text digest="4bc28f132d571b160ba407e143915de2">Aktuelles Passwort</text>
  <text digest="de777c62ae5555f733a06f3ca8afeaf8">Datenbankfehler</text>
  <text digest="44749712dbec183e983dcd78a7736c41">Datum</text>
  <text digest="ba989292c988a2d8cc2131b51e13de72">Erstellungsdatum</text>
  <text digest="23f255aef8a8833fbb07a91987d1a42f">Einstellungsdatum</text>
  <text digest="29ee8c149301d3cd854208ce0a542ee5">Zeichen für den Dezimalpunkt</text>
  <text digest="22fd15787bc9a2ab3961b3d9b55b373e">Version der Standardsprache für Body wird benötigt</text>
  <text digest="9c7382acaa0eff647b9d54d741f97a0e">Version der Standardsprache für Titel wird benötigt</text>
  <text digest="f2a6c498fb90ee345d997f888fce3b18">Löschen</text>
  <text digest="4d5362989c7c72cae7b54c0f0b8cc97f">Blogbeitrag löschen</text>
  <text digest="ca586ff7ae16cd0e4783f5e969bdabf1">Gitter löschen</text>
  <text digest="7ef5e8668303d811f813e8cfee0ba56c">Sprache löschen</text>
  <text digest="d000c412d028411920210a16a1ad5acc">Newsletter löschen</text>
  <text digest="a8d4361ae1587818d8a5d032c6db9a59">Region löschen</text>
  <text digest="6ac9a034dc3a8b4cf5a3902d2b7755d4">Diese löschen</text>
  <text digest="f8a2cff100250140c8bde8d55fa3c959">Diesen Kommentar löschen</text>
  <text digest="11250a0cf71313e83d01bb2ff9bd49e1">Benutzerkonto löschen</text>
  <text digest="226d815cf7520958de31ee454ac187e1">Durch das Löschen eines Gitters werden &lt;strong&gt;ALLE&lt;/strong&gt; damit verbundenen Regionen für das Gitter aus der Datenbank gelöscht!</text>
  <text digest="dd2e9661c1742b1362fde903f702cba5">Durch das Löschen einer Sprache werden &lt;strong&gt;ALLE&lt;/strong&gt; mit dieser Sprache verbundenen Texte aus der Datenbank gelöscht!</text>
  <text digest="703bd0f92eab5c26660442bca97a9af2">Das Löschen eines Newsletters entfernt ihn dauerhaft aus der Datenbank.</text>
  <text digest="d6f727e8bc3b9834fa00154b53d4c9cd">Das Löschen einer Region entfernt sie dauerhaft aus der Datenbank.</text>
  <text digest="5cdb92717822689c27dbef1e9031fc8e">Das Löschen eines Benutzerkontos entfernt ihn dauerhaft aus der Datenbank</text>
  <text digest="d41fc32cf752b30eaa4952c3ce024201">Das Löschen eines Artikels entfernt ihn dauerhaft aus der Datenbank.</text>
  <text digest="8de083bc06a2e250e4899eb953fffdef">Beschreiben Sie Ihre Pixel</text>
  <text digest="e5cfc515f312c9e85f367e9854d9963e">Digest</text>
  <text digest="a51bc38545605e56fa2fc6f529935664">Verzeichnis wird angezeigt</text>
  <text digest="fb24df5535e7d367bab0b56f4ce8e661">Verzeichnis nach der aktuellen Regionsinformationen</text>
  <text digest="bcfaccebf745acfd5e75351095a5394a">Deaktivieren</text>
  <text digest="296993584750e6ab52793cf0e6fbe27a">Sortierung</text>
  <text digest="d014344ae4d89aad4137a16ad6a74f69">Möchten Sie diese Datei überschreiben?</text>
  <text digest="b78ae460675b4d19661913e11951f4aa">scheint keine gültige Adresse zu sein</text>
  <text digest="d7e210d720545ec137ea7062c59490e8">scheint keine gültige e-Mail-Adresse zu sein</text>
  <text digest="a5f61298da21626d0f490ebd06ecd811">Keinen Account?</text>
  <text digest="29d0abeab115c63faaf7fc2a3c9cc5ed">Im Moment wegen Wartungsarbeiten nicht erreichbar</text>
  <text digest="ec585a5e4095d996807fc89d55755798">Doppelte Zahlungs-ID</text>
  <text digest="082e55a73f10496681c84231dc1c88f7">E-Mail</text>
  <text digest="185d23ff9526ad93077a1c9ad5ed26a2">E-Mail Adresse</text>
  <text digest="f510776e5c9ba250fcf3ee60e7fe78c8">E-Mail Adresse wird benötigt</text>
  <text digest="6505425433576237024e3046506a2f4e">E-Mail Adresse(n)</text>
  <text digest="6b27673aa75d2ca88ad746e7512fcdca">Blog-Artikel ändern</text>
  <text digest="002a3919156b671a6f64e44d0fbf2793">Email-Schablone ändern</text>
  <text digest="6259df978c6b6ade43b9610b12ceca8a">Gitter ändern</text>
  <text digest="8f6e92037361563f553e283b1cbc139a">Sprache ändern</text>
  <text digest="7de2efab88c509281ba6f5770bb786ce">Newsletter ändern</text>
  <text digest="c3c35fbb4b93e280434acb72888c9667">Zahlungshistorie ändern</text>
  <text digest="2961b2d8f45b1c45a5fe74f0284273de">Region ändern</text>
  <text digest="2d4aa0297eaffa9eb6d33cad1f1ba38b">Benutzerkonto ändern</text>
  <text digest="582c365f0918d19bfe0ded51281ebc8e">Ihre Daten ändern</text>
  <text digest="bdfc5da748534e04c57746d7ea0ed351">Element passt nicht zur zum Import gewünschten Sprache</text>
  <text digest="49c3ba4130a88f7ab532f142fba92efe">Element). Sie sollten die Kommentarzeichen nur löschen, wenn Sie den englischen Text als direkte Übersetzung wünschen. Bitte löschen oder ändern Sie nicht die --</text>
  <text digest="1fecaa43ef33ed8ede57c234d2016e4b">Elemente mit nicht-leeren Kommentaren werden importiert. Der englische Text innerhalb der XML-Kommentare wird dabei ignoriert.</text>
  <text digest="ce8ae9da5b7cd6c3df2929543a9af92d">Email</text>
  <text digest="e958bee302ce77cb42982784cb7529ae">Email Format</text>
  <text digest="c143a6b696f32a8cb3aec51f15435239">EMail Schablonen</text>
  <text digest="2faec1f9f8cc7f8f40d521c4dd574f49">Aktivieren</text>
  <text digest="e472d07f9c5160054406659749857591">Geben Sie die Maße des neuen Gitters ein. Sobald das Gitter erzeugt wurde, können die Maße nicht mehr geändert werden. Im nächsten Schritt können Sie weitere Gitterparameter ändern.</text>
  <text digest="4440c0be08f987170f74405f2fabc6a6">Geben Sie Ihre E-Mail Adresse ein</text>
  <text digest="a72ac3935e10f07971dc6934557ef6ca">Geben Sie Ihre E-Mail Adresse ein</text>
  <text digest="902b0d55fddef6f8d651fe1035b7d4bd">Fehler</text>
  <text digest="072d0ff589d26935fcb26469fe880bf5">Fehler?</text>
  <text digest="5ef0c737746fae2ca90e66c39333f8f6">Fehler</text>
  <text digest="2aef74ba8cae1f8c81d9e38ad08210f3">Erwartete ID</text>
  <text digest="652ae06667a8dcee10bf4f69d14cac28">erwartete ID</text>
  <text digest="90bd4d50d8cd2351aedaadb54aca3205">Sprachtexte exportieren</text>
  <text digest="f284bb28034af699d1206d2cc04c8bd9">Export Language Texts--&gt;Sprachtexte exportieren</text>
  <text digest="63f1df06278dd9eb5e07a2ae75e66d08">Texte exportieren</text>
  <text digest="8b04d5e3775d298e78455efc5ca404d5">zuerst</text>
  <text digest="bdfab27698872612a30a2ad26368cef9">falls Sie dies noch nicht getan haben.</text>
  <text digest="bc910f8bdf70f29374f496f05be0330c">Vorname</text>
  <text digest="c6631869fbb1e424e58bf74cdbc387cc">Vorname wird benötigt</text>
  <text digest="5188c95fcfc3875a0554aaa564278507">Passwort vergessen?</text>
  <text digest="b24ce0cd392a5b0b8dedc66c25213594">Kostenlos</text>
  <text digest="8be74e315d95cf330323b8fd56e82653">Pixel holen</text>
  <text digest="5174d1309f275ba6f275db3af9eb3e18">Gitter</text>
  <text digest="610930c7ebefa254adf1b54173302149">Beschreibung des Gitters</text>
  <text digest="e7ada0a0fe0f6526f47f0b3febc6c622">Höhe des Gitters</text>
  <text digest="d2bc02659318db2da688b38ff330e374">Name des Gitters</text>
  <text digest="7663ae33dc58d5c765bdbcafc202cfa6">Titel des Gitters</text>
  <text digest="147ba37d1b04b43e4fa445a65b72e640">Breite des Gitters</text>
  <text digest="268409e5f6aa5240754cd811eb2055b9">Gitter erfolgreich veröffentlicht</text>
  <text digest="1aa4d06e8e68435726ccfab06f17ed4c">Farbe der Gitterlinien</text>
  <text digest="bebd00372b825306ad52eb7689461ae6">Durchsichtigkeit der Gitterlinien</text>
  <text digest="e985db04b7808550d0276a72890ded91">Gitter</text>
  <text digest="cc72b836bde0c046cd09151316b4aedf">wurden exportiert nach</text>
  <text digest="9ac6f89f824e9679c85ead5d1d33f494">wurden importiert von</text>
  <text digest="8cf04a9734132302f96da8e113e80ce5">Home</text>
  <text digest="4c4ad5fca2e7a3f74dbb1ced00381aa4">HTML</text>
  <text digest="490aa6e856ccf208a054389e47ce0d06">ID</text>
  <text digest="1dc2fb4c9d0bd771d956a75a07c7e6ae">Falls Sie schon ein Benutzerkonto haben, können Sie sich</text>
  <text digest="d507f81279d3dd09ee13c718820eb75c">falls Sie uns bezüglich dieser Transaktion kontaktieren müssen</text>
  <text digest="be53a0541a6d36f6ecb879fa2c584b08">Bild</text>
  <text digest="323126045a230b218de6ebd6a53fb7f8">Bilddatei</text>
  <text digest="bb10b1837ff0698fd821afedbfdd6a66">Aufhellungsfaktor des Bildes</text>
  <text digest="712bd47cf0934a7240b43b79d9f0667f">Sprachtexte importieren</text>
  <text digest="e756487927dd90f1e390f5e37728011c">Texte importieren</text>
  <text digest="8dee49165153fc68ffacb5f7f7bf9a3a">stattdessen</text>
  <text digest="dbf373dd3565accf2d2fd19700f6a5ae">Ungültige Aktion</text>
  <text digest="6e659c47c94d1e1dc7121859f43fb2b0">Ungültige Email-Adresse</text>
  <text digest="662bba18b2ddcc9c1839c2229ef25c04">Ungültger email_key Wert</text>
  <text digest="9c10994e78fa30b3fedebecbf545a0a4">Ungültiger module_key</text>
  <text digest="578f377f078ccbccfe26ea07184460e4">Ungültiger Benutzername oder Passwort</text>
  <text digest="cde17aa92ac50788ad11b07bf1dc3fdc">ist im Moment wegen Wartungsarbeiten nicht erreichbar. Bitte schauen Sie später nochmal rein.</text>
  <text digest="0a5fa53f3f20f67f98bd6c3b16df059d">wird benötigt</text>
  <text digest="d5b4d696faf96035dadc0a5511ec0202">Sprachtexte für Sprache</text>
  <text digest="273d4de0292e898b50f9057a136b250d">Zu exportierende Sprache</text>
  <text digest="36aed4d2adb24c429f2730acae8995be">Importierende Sprache</text>
  <text digest="32e24b0772629ec41145845076f2f172">Sprach-Code</text>
  <text digest="f40309c7972d85f25b031d3e131f4e21">Name der Sprache</text>
  <text digest="911b64dd7764a81f683994d1ea5774d3">Sprachunterstützung</text>
  <text digest="d4cb0947a71dfcaa0460d8fd3b42ba9c">Sprachtexte erfolgreich aktualisiert</text>
  <text digest="77587239bf4c54ea493c7033e1dbf636">Nachname</text>
  <text digest="e51b62746c48b9311ae857890adb70ba">Nachname wird benötigt</text>
  <text digest="6691dace894a729d5f820d2385c9e30f">Leer lassen, um aktuelle Adresse zu beizubehalten</text>
  <text digest="ed0028074cce914a81c423192f4db197">Leer lassen, um aktuelles Passwort beizubehalten</text>
  <text digest="4803e6b9e63dabf04de980788d6a13c4">Linie</text>
  <text digest="ce5bf551379459c1c61d2a204061c455">Ort</text>
  <text digest="3bbbad631029e3575da7a151bba4f37c">Einloggen</text>
  <text digest="2267c8f720278846a7d5098e38dc4bc9">Jetzt einloggen</text>
  <text digest="b0c2b25b3312c7a32d7aa9d701b6ae1d">Ausloggen</text>
  <text digest="99dea78007133396a7b8ed70578ac6ae">Einloggen</text>
  <text digest="0323de4f66a1700e2173e9bcdce02715">Ausloggen</text>
  <text digest="ab5b979f7bc8c846b49e736bb8bc890a">Vergrösserung aus</text>
  <text digest="10bf5d79406f984de7f857e8377eb640">Vergrösserung ein</text>
  <text digest="290267b42926ffd9c4012025c7e7bfdb">Gitter warten</text>
  <text digest="4da1d963b8a0f7e9c699d38a2a40ea90">Sprachen warten</text>
  <text digest="ee3715bb2ddfb3c05d5a1049d2adf71e">Regionen warten</text>
  <text digest="1305ea717a13a41743beebc1804d538a">Einstellungen warten</text>
  <text digest="8d8cc5c9e9d56cdb0736658e9ba3f10f">Maximale Höhe einer Region</text>
  <text digest="97f04b260655a4d308b5e92f3d180cdd">Maximale Breite einer Region</text>
  <text digest="457add0e51960b82ece5a58dbd77fc59">Adresen verschmelzen:</text>
  <text digest="4c3880bb027f159e801041b1021e88e8">Methode</text>
  <text digest="e55f75a29310d7b60f7ac1d390c8ae42">Modul</text>
  <text digest="6bc362dbf494c61ea117fe3c71ca48a5">Bewegen</text>
  <text digest="bfe40d134c486fdca406470f14dd9165">muss &gt;= 0 sein</text>
  <text digest="4b6aa34a50f26e2467e5a35c2ae06247">musse in Vielfachess sein von</text>
  <text digest="006472a83fd02e2b94fe0a57b711f6a6">muss aus sechs Hexadezimalzahlen bestehen</text>
  <text digest="e9b3b28bb29b162e2f0f464a923e0e7f">muss eine ganze Zahl sein</text>
  <text digest="45e45c524ab0f6767ff5557e3d12a45c">muss zwischen %s und %s sein</text>
  <text digest="49ee3087348e8d44e1feda1917443987">Name</text>
  <text digest="2816b5c8a6d091b92e2a8225d38187b1">Neuer Blog-Artikel</text>
  <text digest="b4b5a594db37ac41771ac560e065d25a">Neue E-Mail-Adresse</text>
  <text digest="59b53c186d2f13dc1824484fb58e112c">Neues Gitter</text>
  <text digest="c8bd41f5d0c0d9b5ecb3b2078bcb8726">Neue Sprache</text>
  <text digest="48f4d45876bb72765da898c88716915d">Neuer Newsletter</text>
  <text digest="ae3bb2a1ac61750150b606298091d38a">Neues Passwort</text>
  <text digest="fdde48f3e6b48ff72d35274886b96be8">Newsletter erfolgreich verschikt</text>
  <text digest="31a5a1743892bdd5a8d76f11666e6e34">Zu sendender Newsletter</text>
  <text digest="d04ccf61aef8e1107d25b84cf8e37d55">Newsletter</text>
  <text digest="bafd7322c6e97d25b6299b5d6fe8920b">Kein(e)</text>
  <text digest="a2519dd09f48ea0c3b48cc3508f4b813">Es wurden keine Sprach-XML-Dateien gefunden in</text>
  <text digest="a944690800dd22e1e0051b477ae699a9">Keine passenden Zahlungen gefunden</text>
  <text digest="459dfbb7f44151c96311b134ec1b9148">Keine Zahlung notwendig. Wählen Sie &quot;Weiter&quot;, um ihre Pixel anzulegen.</text>
  <text digest="0f542d33bb0c412c7c0db5bcd9b88be7">Keine Zahlung notwendig</text>
  <text digest="0af453b8ad0f94a2b18912678bb335f0">Nicht alle Texte wurden importiert</text>
  <text digest="d8f4a1993546cc4b850cde3599e27aec">nicht gefunden</text>
  <text digest="f4c6f851b00d5518bf888815de279aba">Anmerkungen</text>
  <text digest="8392461cf759088854e16710b9b75d1a">Nur</text>
  <text digest="850068ca05fab9932deb436fcc2f51c0">Nur Sprachen, für die XML-Dateien existieren in der</text>
  <text digest="285c71407955765dd84cd3e7a55daf4d">Oder wählen Sie unten eines der vordefinierten Bilder:</text>
  <text digest="6311ae17c1ee52b36e68aaf4ad066387">Andere</text>
  <text digest="3f70f03550aca2dc979d186e3c9d75e1">Verfügbare Parameter</text>
  <text digest="dc647eb65e6711e155375218212b3964">Passwort</text>
  <text digest="4a9c16cd3b4e937464aeec7d67dbf67a">Passwort muss mindestens fünf Zeichen lang sein</text>
  <text digest="06df4bfdd9e2861a328b6a0a60295a96">Passwort gesendet</text>
  <text digest="b06c5ecc37b9cd61a0cab0534ed1f15d">Fehler bei der Zahlung</text>
  <text digest="91a1bd08a417cbd1ce9ee50d8c67bab6">Zahlungshistorie</text>
  <text digest="1e63d1811556fc2dad106dcbd4217a69">Zahlungs-ID</text>
  <text digest="8b34365831eadc0f27586c35fb2c5d91">Zahlungs-ID nicht festgelegt</text>
  <text digest="707436a5aa13b82a4d777f64c717a625">Zahlungsmethode</text>
  <text digest="6cbce829ab8d77328a5e093efc071dab">Zahlungsmodule</text>
  <text digest="a9afb81f203651728b321a2d316d24bc">Zahlung nicht vollständig</text>
  <text digest="daef64964ee3b9b904f5d467586e217f">Zahlungen</text>
  <text digest="2d13df6f8b5e4c5af9f87e0dc39df69d">Zu Bestätigen</text>
  <text digest="fe3838c7c11aa406dd956566e17360d5">pro</text>
  <text digest="4b4ebf8bc3adee2af4f8a818e98eaadd">Pro Block von</text>
  <text digest="c399ace8bdd28dcb36190197ed8d1810">pro Pixel</text>
  <text digest="2338c4450e3e37e94c766b6f3a117add">Pixel-Block</text>
  <text digest="dc0981bf1c3a58ee19a694d2d924e507">Pixel Liste</text>
  <text digest="b806b636baef257e5e767c04b6aa9d93">Pixel-Besitzer</text>
  <text digest="c3d2f5d37334dc978fd8b17fc77408a1">Pixel</text>
  <text digest="d399848208da8b80a306af0fd62bb03f">Pixel</text>
  <text digest="aa96728344423187c7477819cdb2600d">Pixel müssen ein Vielfaches sein von</text>
  <text digest="94c9c74f6bda44f4e749215cc1629178">Pixel verkauft</text>
  <text digest="88831291c9aab03e0f3e4304e02fd34c">Pixel; muss ein Vielfaches sein von</text>
  <text digest="e44b145bd8b49b06e0ad2ced1ad56466">Reiner Text</text>
  <text digest="27e4596406eff1a65381806facfd75aa">Bitte bestätigen Sie die unteren Details:</text>
  <text digest="c8f84ddee81641eb502c98df915dac05">Bitte erzeugen Sie ein Passwort mit mind. fünf Zeichen.</text>
  <text digest="3066d74f56ce60e0d9d7c33b63f49ec9">Bitte geben Sie mindestens eine E-Mail Adresse ein</text>
  <text digest="393d545b14b8865c4121a3ccc58e9db9">Bitte geben Sie Ihre E-Mail-Adresse ein:</text>
  <text digest="90c599e1aba75b071b31c68e0cc7c46e">Bitte geben Sie Ihre E-Mail-Adresse ein:</text>
  <text digest="396174fcd62305830c9f0d78ace8e38c">Bitte geben Sie Ihre E-Mail-Adresse (die Sie beim Kauf der Pixel angegeben haben) ein, um Ihre Identität zu bestätigen</text>
  <text digest="b7c0f5c88cb24f6f957d16a141f7b35f">Bitte geben Sie Ihre E-Mail-Adresse ein, damit wir Sie wegen ihrer Pixel kontaktieren können. Wir werden Ihnen einen speziellen Link schicken, damit Sie ihr Pixelbild, den Titel oder die URL ändern können.</text>
  <text digest="67372fd578db62fc68dace10251b0cda">Bitte geben Sie Ihre E-Mail-Adresse ein.</text>
  <text digest="d204f77cee6364285eac4a5c619ef398">Bitte geben Sie Ihren Vornamen ein</text>
  <text digest="a4cd68d07493873243dccd63aa7ba0a7">Bitte geben Sie die E-Mail-Adresse ihres Freundes ein</text>
  <text digest="355f1b7d95d1b0e67b2c3e6425766f21">Bitte geben Sie Ihren Nachnamen ein</text>
  <text digest="3bcf2f9ff620e72576bba9dadd0570fa">Bitte geben Sie Ihren Namen ein</text>
  <text digest="94afdae0167fe5386318343db5da4c84">Bitte bewahren Sie diese Nummer auf, falls Sie uns bzgl. Ihrer Pixel kontaktieren müssen.</text>
  <text digest="54ddd162c77ceb6a136f831456c16e27">Bitte loggen Sie sich ein, um fortzufahren.</text>
  <text digest="c7f1380a005a2b5100f310ab02add80b">Bitte loggen Sie sich ein, um auf ihr Konto zuzugreifen</text>
  <text digest="b6acebbdd243e7db2506aee7f05c0f2a">Bitte geben Sie die Nummer der Referenz-ID ein</text>
  <text digest="1e0c97491f44d9f69e5753ba75e0d5f3">Bitte wählen Sie eine Sprache</text>
  <text digest="cc6c0386db75e53308201df2586b835c">Bitte wählen Sie iene Region</text>
  <text digest="995f77fbdf7d044301a412148f180220">Bitte wählen Sie von den Funktionen auf der linken Seite</text>
  <text digest="0c5cb0cc4d9883b800c5a7f89dea16c0">Bitte laden sie eine gültige Datei hoch</text>
  <text digest="60cc25cace35df4995d399983cc18cc3">Vorherige Artikel</text>
  <text digest="3601146c4e948c32b6424d2c0a7f0118">Preis</text>
  <text digest="f2c12ae14393ffc83551d56f32bb03cc">Preis:</text>
  <text digest="760d643b436dc8b45291ac8a9e490584">E-Mail-Adresse erneut eingeben</text>
  <text digest="61ee91f7c2163418ca2682083b030685">Neue E-Mail Adresse erneut eingeben</text>
  <text digest="b7b5c6d6b7bf1a7d9a4129ed8d08e81b">Neues Passwort erneut eingeben</text>
  <text digest="67589722e4f4bbe6aa7c843d1de2dff9">Passwort erneut eingeben</text>
  <text digest="7f547bae34e148f552c6dc4e0601ec1c">E-Mail-Adresse erneut eingeben</text>
  <text digest="1a4bf7b868e3d052692955fe17c303cd">Neues Passwort erneut eingeben</text>
  <text digest="cc32a5ae9823284e6dccefcde24902d1">Erlaubnis für Region erforderlich?</text>
  <text digest="8b1fd00c74b7679cb1bd405a861b9236">Regions-ID</text>
  <text digest="5948f3347ebc02ebc690227c059661e1">Regionen</text>
  <text digest="5dec156b63fee20ec9d84d44e5cebebd">Bild ersetzen</text>
  <text digest="f9e88481552d37c3c5199d869f55d43d">Gitter erneut veröffentlichen</text>
  <text digest="57fe3188ed92a4c4a52f0622231ae8a5">Gitter jetzt erneut veröffentlichen</text>
  <text digest="942d4e37dd5607ab68e54755540d4a47">Reserviert</text>
  <text digest="0d0e2934af7d3bc4e7263fcb1f9bc51c">Passwort wiedererlangen</text>
  <text digest="20d781bd6c9966b7ea0c9f412e68f8bc">Zur Homepage zurückkehren</text>
  <text digest="c9cc8cce247e49bae79f15173ce97354">Speichern</text>
  <text digest="f5d6040ed78ca86ddc73296a49b18510">Änderungen speichern</text>
  <text digest="0bc3427d153784fd483102834aa250ca">Skript Version</text>
  <text digest="5eb6bb157528b365f84c27bb4784031b">Geheimer Schlüssel</text>
  <text digest="776ce18ce0df318a12121c92afab7279">Wählen Sie einen Newsletter-Titel, um einen Newsletter zu ändern oder zu löschen. Wählen Sie den Link &quot;Copy&quot;, um einen neuen Newsletter durch das Kopieren eines bereits existierenden Newsletters zu erstellen. Wählen Sie den Link &quot;New Newsletter&quot;, um einen neuen, leeren Newsletter anzulegen</text>
  <text digest="7d1cd83f94cc1b04eaa07df260b0e29d">Gitter wählen</text>
  <text digest="047feb1823201faa75c7f5c2621ba2e5">Zahlungsmethode wählen</text>
  <text digest="6510ea0815f4f5fa90b9d67d87564ea0">Wählen Sie ihre Pixel</text>
  <text digest="11a5d0ba5c46912814c0420a82833018">Mein Passwort zusenden</text>
  <text digest="15e1bdee49e196d6c9a0f12dda0ef29f">Newsletter senden</text>
  <text digest="98f9aaca12e8998fc97120d9fc5999b1">Jetzt anmelden</text>
  <text digest="a7d6475ec8993b7224d6facc8cb0ead6">Seite</text>
  <text digest="22d6a35a4c252115e717adba28374fab">Beschreibung der Seite</text>
  <text digest="668445f09da337d276dc852bb6a0dbb3">Name der Seite</text>
  <text digest="c79bbde212562ceac1034cebde0ad6d5">Seitenstatus</text>
  <text digest="6f6cb72d544962fa333e2e34ce64f719">Größe</text>
  <text digest="5a4d5a89d5dca2f301d337f03f4ad92c">Snippet::snippet: ungültiger Sprachcode</text>
  <text digest="7d102b34bca77d98da5f32fec4e7fe2a">Geben Sie die URL der Seite an, auf die Ihre Pixel verweisen sollen. Sie muss mit &lt;tt&gt;http://&lt;/tt&gt; oder &lt;tt&gt;https://&lt;/tt&gt; beginnen. Sie können optional auch einen Titel und ein Alt-Tag für Ihre Pixel angeben. Lassen Sie den Titel leer, wird die URL als Titel verwendet. Lassen Sie das Alt-Tag leer, wird der Titel (oder die URL) verwendet.</text>
  <text digest="ec53a8c4f07baed5d8825072c89799be">Status</text>
  <text digest="c7892ebbb139886662c6f2fc8c450710">Betreff</text>
  <text digest="821cdce7e19008a18c3089781c783249">Zahlung senden</text>
  <text digest="8bf906833cc7aea8084f552217ed9c1d">Aufgehoben</text>
  <text digest="aeb989922c420dcfd5122b2a23e6d34d">Einem Freund empfehlen</text>
  <text digest="a7ce94417ec99d0de85338df3501176f">Einem Freund empfehlen</text>
  <text digest="da9bf09a31dc2e4345e11e8d90c19320">Erzähle einem Freund von</text>
  <text digest="0c1ec80465825af171a2cb9df19ac8d7">Name der Schablone</text>
  <text digest="07c698ab44e79839fee2cb77ec7f6d6b">Tex vom Bild rechts</text>
  <text digest="94917ab8c61c926e7cb40cfc68cb8928">Texte, die keine Übersetzung haben, werden in die XML-Datei als englischer Text in einem XML-Kommentar geschrieben.</text>
  <text digest="40d65b862ec9137f3a34353b6ae36ddd">Einzuschliessende Texte</text>
  <text digest="7a7c46aab7e07559c6f7a8b25f2b9ef4">Vielen Dank</text>
  <text digest="b315ed055787c0994d8a7b08b2be9244">Vielen Dank</text>
  <text digest="e08e65334c09762d91ca607127db9fc9">Danke, dass Sie Ihr Konto aktiviert haben</text>
  <text digest="f403ac95a07ddae169d88c4833ace3ce">Vielen Dank für Ihre Bestellung!</text>
  <text digest="ff5e09b70599314ffab1a87b4b10112a">Dies scheint keine gültige E-Mail-Adresse zu sein.</text>
  <text digest="81354618b50973fd80b9cda3fcf7336a">Ihre E-Mail-Adresse ist uns nicht bekannt.</text>
  <text digest="69c25b790a70384d7fba562500ae8d8a">Diese E-Mail-Adresse ist nicht gültig. Bitte geben Sie die E-Mail Adresse an, die sie beim Kauf Ihrer Pixel angegeben haben.</text>
  <text digest="8b44ae62f2d1b6a1051557d02c2179d3">Die Region ist größer als zugelassen</text>
  <text digest="6f025c174d720dc09eeaed572aca998c">Die Region überschneidet sich mit mindestens einer bestehenden Region.</text>
  <text digest="403ba0bbb4d362facc94abcaf0ce1980">Die Exportdatei</text>
  <text digest="0f07bfc547183c196967d44a8876c01d">Die Datei scheint keine gültige Grafik zu sein</text>
  <text digest="88388c4c3bf5a6af4c23fd2d8d4f2923">Die folgenden Sprachen sind verfügbar. Wählen Sie eine Sprache, um ihre Beschreibung zu ändern, oder um sie zu löschen.</text>
  <text digest="b24b44f7fe548b453ac371ce11301a60">Der folgende unerwartete Fehler ist aufgetreten</text>
  <text digest="8bc6239aedc9aabdf85ef7825bb75fbf">Das Bild muss im Format GIF, JPG oder PNG sein.</text>
  <text digest="81184dcc378fe2a42ec8c80b61b94144">Die Anordnung, in der diese Methode angezeigt werden woll, wenn mehrere Zahlungsmethoden verfügbar sind:</text>
  <text digest="4d31633236d2e82468afd530ca64a224">Angegebener Digest ist ungültig</text>
  <text digest="2ea230d21e70a4b1a0764692b1f48846">Text vom Bild wurde nicht korrekt eingegeben</text>
  <text digest="4c70e8b708a4072b3aa495b99f6658d7">Die URL muss eine absolute URL sein und mit &quot;http://&quot; oder &quot;https://&quot; beginnen.</text>
  <text digest="43a112a006922a0c0a6f6c5a7bcea819">Es gab einen Fehler beim Verarbeiten der Traksaktion</text>
  <text digest="473c68a65e7b4c0f718c24ca82572480">Diese Funktion erlaubt es Ihnen, den Status einer Region oder andere Parameter zu ändern.</text>
  <text digest="6a6b93c0ba67083cb9aaed5f5fff2698">Diese Funktion erlaubt es ihnen, den Benutzernamen und/oder das Passwort des Administrators zu ändern.</text>
  <text digest="063233c7ddc14c12cc803274c2978852">Diese Funktion erlaubt es Ihnen, eine Region auf einem Ihrer Gitter zu erzeugen. Die Region wird zu Beginn &quot;Reserviert&quot; sein, aber Sie können ihren Status oder andere Parameter nach dem Erzeugen ändern.</text>
  <text digest="524f80b32e3c7e846f94b7c5d775208e">Diese Funktion wird alle kompilierten Smarty-Schablonen aus dem folgenden Verzeichnis löschen:</text>
  <text digest="d5b88e6656ce6e5998b9816284fef16b">Diese Funktion exportiert Texte für eine Sprache in eine XML-Datei in das &quot;temp&quot;-Verzeichnis Ihrer Anwendung.</text>
  <text digest="2a71ea143a1405497007e10b7ddc5253">Diese Funktion importiert vorher exportierte Sprachtexte aus eine XML-Datei, der Übersetzungen hinzugefügt wurden.</text>
  <text digest="ec60db66e736510ba77c8880e8ba9a8c">Diese Funktion erzeugt erneut die Gittergrafik(en) im</text>
  <text digest="1a33eaccf125c602d613dfd2619f1546">Diese Funktion durchsucht Templates und PHP Code mit mehrsprachigen Texten die etwa so in in Doppelkreuzen eingeklammer sind:</text>
  <text digest="8ae96b429400e97874186312dc8be3e7">Die Transaktion wurde abgelehnt</text>
  <text digest="aa6879ecc77f2c385a23d73aace50fb9">Trennzeichen für Tausender</text>
  <text digest="b78a3223503896721cca1303f776159b">Titel</text>
  <text digest="cfd030171f6152237706919d5739fed4">Titel für Ihre Pixel</text>
  <text digest="88427ec035734b45aae9f7d8859a5008">Transaktions ID</text>
  <text digest="e661b77ea9f3c1a0122aea94ba2c46b7">Fehler beim Erzeugen von</text>
  <text digest="a2fc4090b280a2a81773dc3f5f0ded55">Kann Gitter mit früherer display_order nicht finden.</text>
  <text digest="33c53fb0899e8569ac58219d2060278c">Kann hochgeladene Datei nicht in temporäres Verzeichnis schieben</text>
  <text digest="ae2bd63c09fb292e212849c554f1d04d">Fehler beim Öffnen von</text>
  <text digest="733296967e1fffed81e5e7279443a898">Unerwarteter Fehler</text>
  <text digest="aee9784c03b80d38d3271cde2b252b8d">Unbekannter Fehler</text>
  <text digest="d5ca088299d5908ca359f17692071761">Nicht verifiziert</text>
  <text digest="258f49887ef8d14ac268c92b02503aaa">Aktiv</text>
  <text digest="46496b1548bc707fb261e7252847afe5">Sprachtexte aktualisieren</text>
  <text digest="9440fda7060e2a4b8738b485186f9261">Sprachtexte jetzt aktualisieren</text>
  <text digest="6e3bc548c6e007af186f4ebf5be80df0">Ihre Pixel aktualisieren</text>
  <text digest="ff5c08e44e4c7a76922a5cd8e0c99e79">Laden Sie ein GIF, JPG odder PNG-Bild hoch. Es wird automatisch in das PNG-Format konvertiert und dann angepasst für ein Gitter der Größe</text>
  <text digest="f2174ebd1875527abe46f1fe2782e761">Laden Sie ein GIF, JPG odder PNG-Bild hoch. Es wird automatisch in das PNG-Format konvertiert und dann angepasst für eine Region der Größe</text>
  <text digest="1f98842c354dc496970446bce14f4c50">Bild hochladen</text>
  <text digest="7877a94cbd593dd296e342df78aeb213">Ihr Bild hochladen</text>
  <text digest="e6b391a8d2c4d45902a23a8b6585703d">URL</text>
  <text digest="459afb28a6eca8ed130ae2673701da0c">URL für Ihre Seite</text>
  <text digest="a0a1cbfacfb5302f99e1dc3440b548ad">Benutzen Sie Werte von &lt;a href=&quot;http://www.loc.gov/standards/iso639-2/englangn.html&quot; target=&quot;_blank&quot;&gt;ISO 639-1 Language Code&lt;/a&gt;</text>
  <text digest="46eed9a70f2d59210b4034000cc938e0">FCKeditor benutzen</text>
  <text digest="7dba491977ffd22a9b68d9cf12353355">Benutzes Sie dieses Formular zum Anlegen eines Kontos bei</text>
  <text digest="814df24aafe2a2e88ce6f85134f4dd8d">Benutzerkonten verwenden?</text>
  <text digest="e55adecd2f6d6a34c281c35189b654ed">Benutzerkonten</text>
  <text digest="1edcdad89b3a2245d759a169da1bf5a3">Benutzer-ID</text>
  <text digest="92f1b1481fa6ff46c4a3caae78354dab">Benutzername</text>
  <text digest="f9aae5fda8d810a29f12d1e61b4ab25f">Benutzer</text>
  <text digest="a9647e3663a9e7f4b094d3b9f8e40aa9">Verifizierungs-Variablen</text>
  <text digest="3f68e67dc6c397aaa9d1c24c356f754f">Verifiziert</text>
  <text digest="9df5e418b69684e9c225bea8bf78f870">Verifiziert?</text>
  <text digest="522bf35ce3719884885e0e3c6a03f0bf">ACHTUNG</text>
  <text digest="a750407248427e74c2d7a28eeec8b852">Wir konnten Ihre Bestellung nicht bearbeiten</text>
  <text digest="bedac05f805c4746882e489e78b84f03">Was soll mit den Regionen (falls vorhanden) des Benutzers geschehen?</text>
  <text digest="aacc829a685b96825cd2f816658d0085">Fehler beim XML-Parsen in</text>
  <text digest="93cba07454f06a4a960172bbd6e2a435">Ja</text>
  <text digest="c642c7a681c3bd55312067aa05185e2a">Ja, lösche Gitter</text>
  <text digest="0a795523e2fcfc2df79e52af297d0e1a">Ja, lösche Sprache</text>
  <text digest="9f7194f7ec9dfb7937e3cbea3d042c48">Ja, lösche Artikel</text>
  <text digest="608e8153c8e49a1ef7c2c38f8ef7c1e7">Ja, lösche Newsletter</text>
  <text digest="936ea009ed99dd34ca517e708869f93a">Ja, lösche das Benutzerkonto von</text>
  <text digest="27fcbc851fea2ec63719e998b88f9793">Ja, lösche diese Region</text>
  <text digest="4dbf7624e437cd4711e5d77ce24ed154">Ja, überschreibe die Datei</text>
  <text digest="b4eb4e49176872cff5d0d58129a9336b">Sie können alle Texte exportieren, oder nur die texte, die noch keine Übersetzung haben. Nach der Übersetzung können Sie die Datei erneut importieren mit</text>
  <text digest="16cdce413f6e657526f53c48bde7aff6">Sie müssen eine Sprache exportieren, indem Sie</text>
  <text digest="adfd19e0fe33a9752f0e39596b38303a">Starten Sie</text>
  <text digest="5ac272b74089a85e706873a025f1f929">Sue werden bald eine E-Mail von uns mit Anweisungen erhalten, wie Sie ihre Pixel aktualisieren können.</text>
  <text digest="a0623b78a5f2cfe415d9dbbd4428ea40">Ihr Konto</text>
  <text digest="e868dd111353d296c2a78c9808c21337">Ihr Kommentar</text>
  <text digest="26437b002b58282199ab6818edee7bcf">Ihre Bestellnummer ist </text>
  <text digest="acbd4f68b2ca837345b216b38e418b22">Ihre Daten</text>
  <text digest="890c49344604346a2ae9ff5c700c2845">Ihre E-Mail Adresse</text>
  <text digest="817b8002b596344349ad2a2f44c066c7">Ihre E-Mail-Adresse scheint keine gültige Adresse zu sein.</text>
  <text digest="c49c70de9f24981a975d0c3dd6f6ec35">Ihre E-Mail-Adresse oder Ihr Passwort ist nicht korrekt</text>
  <text digest="ce1f86955fbfd05ab0622d04458dd680">Ihre E-Mail Adresse wird Ihr Login.</text>
  <text digest="7d8ac38c5db6ff413900f295797695fe">EMail-Adresse Ihres Freundes</text>
  <text digest="174fc8804f98a6ee65c3d24c8779a142">Die EMail-Adresse Ihres Freudnes scheint nicht gültig zu sein.</text>
  <text digest="29a313aaac4e35189ba323153d8b91cb">Ihr Bild</text>
  <text digest="71cb324233a6412bfff64c2530b54911">Ihre Login-Daten wurden an Ihre EMail-Adresse geschickt.</text>
  <text digest="614cffa523202658a898e34a5d94d05e">Ihr Name</text>
  <text digest="df15356c756aed37b001685b36c45b69">Ihre Pixel</text>
  <text digest="b9fe0b9250a8d4d3d21fd4885af235f9">Ihre Pixel wurden aktualisiert. Vielen Dank!</text>
  <text digest="0bb1b513ccc003593dc4f6118f919e82">Die erneute Adresse passt nicht. Bitte nochmal versuchen.</text>
  <text digest="4b3f3b3f711d814c0820e2c6bbdea119">Ihr erneutes Passwort passt nicht. Bitte nochmal versuchen.</text>
  <text digest="38b235bcc8fc76c2f9f4853912365580">Ihre Empfehlung wurde gesendet an</text>
  <text digest="9e4c86c49f0ef3e9f73ae04e314d574e">Ihre Auswahl</text>
</language>
