<?xml version="1.0" encoding="utf-8"?>
<language code="hi" name="Hindi" decimal_sep="." thousand_sep=",">
  <text digest="f679fc5558402f85339ec5a7e47a2d65"><!--(0-100, 0=no change)-->०-१००, ०=कोई परिवर्तन नहीं</text>
  <text digest="237904cc5ea18e8ead0cf8798c8bb584"><!--(0-100, 0=opaque, 100=fully transparent)-->०-१००, ०=धूंधला १००= पूर्णतया पारदर्शी</text>
  <text digest="2cfe6c6ee7bf12671c84a2b601ee7e61"><!--(Leave blank to keep current password)-->वर्तमान पासवर्ड रखने के लिये खाली रेहने दें</text>
  <text digest="6f0646d61d342cf041668c1b3aabf257"><!--(Must be at least 5 characters long)-->कम से कम ५ अक्षर का होना जरूरी है</text>
  <text digest="68cc3e8d8723a18074c321b0394971b7"><!--(one address per line)-->एक पंक्ति में सिर्फ एक पता लिखिये</text>
  <text digest="3ad51f84f9fcd139c484b9657449fc6a"><!--(RRGGBB hex digits)-->RRGGBB हेक्‍स अंक</text>
  <text digest="c7ff15f8e20c78720107f6bb411b3903"><!--0=no limit-->०= कोई सीमा नहीं</text>
  <text digest="e3f7f54834cb55663cfc8daa3e1296da"><!--&lt;strong&gt;Note:&lt;/strong&gt; Due to limitations of the
PHP XML parser, the XML file &lt;strong&gt;must&lt;/strong&gt; be in UTF-8 encoding.-->&lt;strong&gt;ध्यान दें:&lt;/strong&gt;पीएचपी एक्‍सएमएल पार्सर की परिमितता के कारण, फाइल का यूटीएफ-८ में होना&lt;strong&gt;बहुत&lt;/strong&gt; जरूरी है.
</text>
  <text digest="294c070625c56242b19a20468cf07e89"><!--A URL is required-->यूआरएल का होना जरूरी है</text>
  <text digest="08bd40c7543007ad06e4fce31618f6ec"><!--Account-->खाता</text>
  <text digest="3771bf858c98d52dbc5d250dd1f4e72f"><!--Account Details-->खाते की विस्तृत जानकारी</text>
  <text digest="004bf6c9a40003140292e97330236c53"><!--Action-->कार्यवाही</text>
  <text digest="4d3d769b812b6faa6b76e1a8abaece2d"><!--Active-->सक्रिय</text>
  <text digest="a5dac79ddad1cbdb8b60c5b347ee047e"><!--Actual Size-->वास्तविक आकार</text>
  <text digest="982efc929531febc7ddd68c5ffd9cdcd"><!--Add A Comment-->एक टिप्पणी जोड़ें</text>
  <text digest="365b7e8763e8438d42db3f1f4025074d"><!--Add a Grid-->एक ग्रिड (खण्ड/जाली) जोड़ें</text>
  <text digest="1e22f543ce92434613f8518ea3b3d5ee"><!--Add a Language-->एक भाषा जोड़ें</text>
  <text digest="a508cd6ee07b35ea8efdf98d6520ce83"><!--Add Comment-->टिप्पणी जोड़ें</text>
  <text digest="1a41181f428efff363c6711afd3cbaae"><!--Add your translation after the comment (but inside the-->अपना अनुवाद टिप्पणी के बाद लेकिन ( के भीतर लिखें--></text>
  <text digest="56cc559d234df2ffabc88b8926592264"><!--Admin Home-->प्रशासक का घर</text>
  <text digest="7258e7251413465e0a3eb58094430bde"><!--Administration-->प्रशासन</text>
  <text digest="98aa505f420487b8d46ba6c92535060f"><!--Administration Area-->प्रशासन कार्यक्षेत्र</text>
  <text digest="2e7f473229466aab583b6a5b6c12944b"><!--Administrator E-Mail-->प्रशासक ई-मेल</text>
  <text digest="0b8b4e972d0c2d2023c02e036e50ed6e"><!--Administrator E-Mail Address-->प्रशासक ई-मेल पता</text>
  <text digest="2b996dca68382a098fd21e100119868b"><!--Administrator Login-->प्रशासक लोगिन</text>
  <text digest="b1c94ca2fbc3e78fc30069c8d0f01680"><!--All-->समस्‍त</text>
  <text digest="717985ca4705973c8e2bcc24f731e685"><!--Allow Blog Comments-->ब्लॉग टिप्पणी स्वीकार है</text>
  <text digest="102779676feeffd385f7038542c05441"><!--already exists-->पहले से मौजूद है</text>
  <text digest="0208315ed9010b3aa21e0602b80ff5aa"><!--Alt Tag Value-->आलट टैग के गुण</text>
  <text digest="c1fd3564fa7e4c04ff48aa628b7a1d4f"><!--Alt Tag Value for Your Pixels-->आपके पिक्‍सेल के आलट टैग के गुण</text>
  <text digest="b2f40690858b404ed10e62bdf422c704"><!--Amount-->राशि</text>
  <text digest="0cd5a075b4d373a7cdfef5ef970a9905"><!--An account with that email address already exists.-->इस ई-मेल पते से एक खाता पहले से जुड़ा है</text>
  <text digest="4df0983b5f0fef389ff6dde220a2fa00"><!--An E-Mail has been sent with instructions on how to activate your account.-->आपके खाते को सक्रिय करने हेतु निर्देश ई-मेल द्वारा प्रेषित कर दिये हैं
</text>
  <text digest="256dc5b24a8bff2be45053611b5d7688"><!--and all its associated regions-->और उससे संबंधित सभी भाग</text>
  <text digest="44ad1813bccc5fe8f24b7143f1a720e5"><!--and all its associated texts-->और उससे संबंधित सभी विषय</text>
  <text digest="33e022c6f0615ded20209d196ba220bd"><!--Article Id-->लेख परिचय-संख्या</text>
  <text digest="dd183cda820de726fe770720317eb6af"><!--Assign them to administrator-->प्रशासक को सौंपें</text>
  <text digest="9159e8b2505e7aa3112e8d92d5bcd662"><!--Attempt to delete row not saved-->पंक्ति मिटाने का प्रयास विफल हुआ</text>
  <text digest="d2eb444e35c0a71f0a85df8194acb5b6"><!--attribute-->गुण</text>
  <text digest="a517747c3d12f99244ae598910d979c5"><!--Author-->लेखक</text>
  <text digest="78945de8de090e90045d299651a68a9b"><!--Available-->प्राप्य,मौजूद है</text>
  <text digest="75e7422f2fe253fc69d3f6c148d197ee"><!--Background Color-->पृष्टभूमि का रंग</text>
  <text digest="abd809c9e3c1c08e97740f86b8ceabfb"><!--Background Image-->पृष्टभूमि का चित्र</text>
  <text digest="be8df1f28c0abc85a0ed0c6860e5d832"><!--Blog-->ब्लॉग</text>
  <text digest="d3f12f6a2441abf9154561d5511cf99a"><!--Blog Comments-->ब्लॉग टिप्पणी</text>
  <text digest="ac101b32dda4448cf13a93fe283dddd8"><!--Body-->शरीर</text>
  <text digest="97b962852e8f5605148f7bb114e90388"><!--Buy Button Title-->बटन शीर्षक खरीदें</text>
  <text digest="30bb48edbb3180b4f158b54154390aca"><!--Buy Now &gt;&gt;-->अभी खरीदें &gt;&gt;</text>
  <text digest="8e4ccc20183151e99e9169d9c9d832a7"><!--Cannot delete default language-->डिफाल्‍ट भाषा नहीं हटा सकते</text>
  <text digest="c0f9c6715531c64943f20597714f075c"><!--CAPTCHA Image-->CAPTCHA चित्र</text>
  <text digest="8f1e77e0d2be21da93cd4d9a939148f7"><!--Change Password-->पासवर्ड बदलें</text>
  <text digest="a1a54fabe4d39a33de432c5bcea2a7a4"><!--Change to 'Verified'-->'प्रमाणित' में बदलें</text>
  <text digest="9c3cc01fe422f094cbb1e0cc31a53224"><!--Change Username/Password-->प्रयोक्ता (यूजर) नाम/पासवर्ड बदलें</text>
  <text digest="90052c651c8ee6972bb05e44396ed4a5"><!--Choose Another Payment Method-->भुगतान पद्धति बदलें</text>
  <text digest="a3b294b172203e5d3cb2840963612ea9"><!--Clear Compiled Templates-->संकलित टेम्‍पलेट साफ करें</text>
  <text digest="a2185b84cb564de630c6d371938bd55f"><!--Clear Compiled Templates Now-->संकलित टेम्‍पलेट अभी साफ करें </text>
  <text digest="17738df6781b3f3af8dc83fbf55e6493"><!--Clear Error Status-->दोष स्थिति/सूत्र हटायें</text>
  <text digest="1357e394106c1adabf10aba7b3bbc3b3"><!--Clear Image-->चित्र हटायें</text>
  <text digest="1e3708f8221705fb1a889efb229b6035"><!--Click and drag your mouse to select a region of pixels.-->पिक्‍सल क्षेत्र चुनने हेतु मूषक को दबाकर खींचें</text>
  <text digest="0df37c3395fea64e33cd4f1670428a7a"><!--Click on a site to update your pixels-->अपने पिक्‍सलस के नवीनीकरण हेतु स्थल पर क्‍लिक करें</text>
  <text digest="cbdb553aaace16e77bb205e9bc3375ef"><!--Clicks-->क्‍लिकस</text>
  <text digest="1976d7f704de389d9fe064e08ea35b2d"><!--Column-->पंक्ति / काँलम</text>
  <text digest="0be8406951cdfda82f00f79328cf4efc"><!--Comment-->टिप्पणी </text>
  <text digest="ba280a9b71dfa9bc4fd987ea66295100"><!--Comment(s)-->टिप्‍पणियाँ</text>
  <text digest="8413c683b4b27cc3f4dbd4c90329d8ba"><!--Comments-->टिप्‍पणियाँ</text>
  <text digest="e14891a26424266ae9fed563cd6db1fe"><!--Comments on-->के लिये टिप्‍पणियाँ</text>
  <text digest="be7046a84bd4e51e5100b4751a016147"><!--Compiled templates successfully cleared.-->संकलित टेम्‍पलेट सफलतापूर्वक साफ कर दी गई हैं</text>
  <text digest="07ca5050e697392c9ed47e6453f1453f"><!--Completed-->सम्‍पूर्ण हुआ</text>
  <text digest="f1206f9fadc5ce41694f69129aecac26"><!--Configure-->समनुरुप / काँनफिग्‍र</text>
  <text digest="ac00a91889d65fde368168c9ff6d3cf6"><!--Configure Payment Module-->भुगतान सूत्र(माड्‍यूल) परिवर्तित करें</text>
  <text digest="413e8eec79fec581e1be288e893e0cb9"><!--Confirm Payment-->भुगतान प्रमाणित करें</text>
  <text digest="205bc73c4ab4286a1fb9d4c18322777c"><!--Confirmed-->प्रमाणित हुआ</text>
  <text digest="a0bfb8e59e6c13fc8d990781f77694fe"><!--Continue-->जारी रखें</text>
  <text digest="c884b1a5c353df470b30ffe6d42f9f2b"><!--Create a Password-->पासवर्ड बनाएं</text>
  <text digest="739405e73cc9f2e323506440d0883734"><!--Create Account-->खाता बनाएं</text>
  <text digest="3e09ef3ed19172303d8d36354e509284"><!--Create Interlaced Images-->अंतर्वयन चित्र बनायें</text>
  <text digest="cc7f8622005b8863ec2699a204a0ebc3"><!--Create Palette Images-->रंग-पट्टिका चित्र बनायें</text>
  <text digest="aeb0751452ff345883daec1aa25de87c"><!--Create Region-->खण्ड बनायें</text>
  <text digest="0eceeb45861f9585dd7a97a3e36f85c6"><!--Created-->बन गया</text>
  <text digest="4dc7aa6ddf532ae536da360ea389430f"><!--Credit Card Check Number-->क्रेडिट कार्ड जांच संख्‍या</text>
  <text digest="5e038f03415db5461c13d380469436cb"><!--Credit Card Number-->क्रेडिट कार्ड संख्‍या</text>
  <text digest="9dc0432a5467a0c376999d3c0f916244"><!--Credit Card Owner-->क्रेडिट कार्ड मालिक</text>
  <text digest="ccc4262fa6d8d0e05bd79fb58c52e66d"><!--Credit Card Type-->क्रेडिट कार्ड प्रकार</text>
  <text digest="94cebe752e18a99e25477a437d006771"><!--Currency Symbol-->मुद्रा प्रतिरूप</text>
  <text digest="4bc28f132d571b160ba407e143915de2"><!--Current Password-->वर्तमान पासवर्ड</text>
  <text digest="de777c62ae5555f733a06f3ca8afeaf8"><!--Database Error-->डेटाबेस (आंकड़ासंचय) में त्रुटि हुई है</text>
  <text digest="44749712dbec183e983dcd78a7736c41"><!--Date-->तिथि</text>
  <text digest="ba989292c988a2d8cc2131b51e13de72"><!--Date Created-->सृजन तिथि</text>
  <text digest="23f255aef8a8833fbb07a91987d1a42f"><!--Date Posted-->प्रविष्ट तिथि</text>
  <text digest="29ee8c149301d3cd854208ce0a542ee5"><!--Decimal Point Char-->दशमलव बिन्दु अक्षर</text>
  <text digest="22fd15787bc9a2ab3961b3d9b55b373e"><!--Default language version of body is required-->डिफाल्‍ट भाषा में शरीर का होना आवश्यक है</text>
  <text digest="9c7382acaa0eff647b9d54d741f97a0e"><!--Default language version of title is required-->डिफाल्‍ट भाषा में शीर्षक का होना आवश्यक है</text>
  <text digest="f2a6c498fb90ee345d997f888fce3b18"><!--Delete-->नष्ट कर दें</text>
  <text digest="4d5362989c7c72cae7b54c0f0b8cc97f"><!--Delete Blog Article-->ब्लॉग लेख नष्ट कर दें</text>
  <text digest="ca586ff7ae16cd0e4783f5e969bdabf1"><!--Delete Grid-->ग्रिड (खण्ड / जाली) नष्ट कर दें</text>
  <text digest="7ef5e8668303d811f813e8cfee0ba56c"><!--Delete Language-->भाषा नष्ट कर दें</text>
  <text digest="d000c412d028411920210a16a1ad5acc"><!--Delete Newsletter-->सूचनापत्र नष्ट कर दें</text>
  <text digest="a8d4361ae1587818d8a5d032c6db9a59"><!--Delete Region-->खण्ड नष्ट कर दें</text>
  <text digest="6ac9a034dc3a8b4cf5a3902d2b7755d4"><!--Delete them-->उनको नष्ट कर दें</text>
  <text digest="f8a2cff100250140c8bde8d55fa3c959"><!--Delete this comment-->इस टिप्पणी को नष्ट कर दें</text>
  <text digest="11250a0cf71313e83d01bb2ff9bd49e1"><!--Delete User Account-->प्रयोक्ता (यूजर) खाता नष्ट कर दें</text>
  <text digest="226d815cf7520958de31ee454ac187e1"><!--Deleting a grid will delete &lt;strong&gt;ALL&lt;/strong&gt; associated regions for that grid from the database.-->ग्रिड (खण्ड / जाली) नष्ट कर देने से उस ग्रिड से सम्बन्धित &lt;strong&gt;सभी&lt;/strong&gt; जानकारी डेटाबेस से हमेशा के लिए नष्ट कर दी जाएगी</text>
  <text digest="dd2e9661c1742b1362fde903f702cba5"><!--Deleting a language will delete &lt;strong&gt;ALL&lt;/strong&gt; associated texts for that language from the database.-->भाषा नष्ट कर देने से उस भाषा से सम्बन्धित &lt;strong&gt;सभी&lt;/strong&gt; जानकारी डेटाबेस से हमेशा के लिए नष्ट कर दी जाएगी</text>
  <text digest="703bd0f92eab5c26660442bca97a9af2"><!--Deleting a newsletter will permanently remove it from the database.-->सूचनापत्र नष्ट कर देने से उस सूचनापत्र से सम्बन्धित सभी जानकारी डेटाबेस से हमेशा के लिए नष्ट कर दी जाएगी</text>
  <text digest="d6f727e8bc3b9834fa00154b53d4c9cd"><!--Deleting a region will permanently remove it from the database.-->खण्ड नष्ट कर देने से उस खण्ड से सम्बन्धित सभी जानकारी डेटाबेस से हमेशा के लिए नष्ट कर दी जाएगी</text>
  <text digest="5cdb92717822689c27dbef1e9031fc8e"><!--Deleting a user account will permanently remove it from the database.-->प्रयोक्ता (यूजर) खाता नष्ट कर देने से उस प्रयोक्ता (यूजर) से सम्बन्धित सभी जानकारी डेटाबेस से हमेशा के लिए नष्ट कर दी जाएगी</text>
  <text digest="d41fc32cf752b30eaa4952c3ce024201"><!--Deleting an article will permanently remove it from the database.-->लेख नष्ट कर देने से उस लेख से सम्बन्धित सभी जानकारी डेटाबेस से हमेशा के लिए नष्ट कर दी जाएगी</text>
  <text digest="8de083bc06a2e250e4899eb953fffdef"><!--Describe Your Pixels-->अपने पिक्‍सलस का विवरण दें</text>
  <text digest="e5cfc515f312c9e85f367e9854d9963e"><!--Digest-->संग्रह</text>
  <text digest="a51bc38545605e56fa2fc6f529935664"><!--directory are shown-->डायरेक्टरी (निर्देशिका) दिखाई जा रही है</text>
  <text digest="fb24df5535e7d367bab0b56f4ce8e661"><!--directory, according to the current region information.-->वर्तमान खण्ड के अनुरूप  डायरेक्टरी (निर्देशिका) दिखाई जा रही है</text>
  <text digest="bcfaccebf745acfd5e75351095a5394a"><!--Disable-->निर्योग्य कर दें</text>
  <text digest="296993584750e6ab52793cf0e6fbe27a"><!--Display Order-->आज्ञा (आर्डर) दिखाऐं</text>
  <text digest="d014344ae4d89aad4137a16ad6a74f69"><!--Do you wish to overwrite this file?-->क्‍या आप इस फाइल के उपरिलेखन करना चाहते हैं?</text>
  <text digest="b78ae460675b4d19661913e11951f4aa"><!--does not appear to be a valid address-->पता मान्य प्रतीत नहीं लग रहा है</text>
  <text digest="d7e210d720545ec137ea7062c59490e8"><!--does not appear to be a valid e-mail address-->ई-मेल पता मान्य प्रतीत नहीं लग रहा है</text>
  <text digest="a5f61298da21626d0f490ebd06ecd811"><!--Don't have an account?-->खाता नहीं है</text>
  <text digest="29d0abeab115c63faaf7fc2a3c9cc5ed"><!--Down for Maintenance-->रखरखाव हेतु बन्‍द है</text>
  <text digest="ec585a5e4095d996807fc89d55755798"><!--Duplicate Payment Id-->भुगतान की प्रतिलिपि परिचय-संख्‍या (इस संख्‍या से पहले भुगतान हो चुका है)</text>
  <text digest="082e55a73f10496681c84231dc1c88f7"><!--E-Mail-->ई-मेल</text>
  <text digest="185d23ff9526ad93077a1c9ad5ed26a2"><!--E-Mail Address-->ई-मेल पता</text>
  <text digest="f510776e5c9ba250fcf3ee60e7fe78c8"><!--E-Mail address is required-->ई-मेल पता जरूरी है</text>
  <text digest="6505425433576237024e3046506a2f4e"><!--E-Mail Address(es)-->ई-मेल पता (पते)</text>
  <text digest="6b27673aa75d2ca88ad746e7512fcdca"><!--Edit Blog Article-->ब्लॉग लेख सम्पादित करैं</text>
  <text digest="002a3919156b671a6f64e44d0fbf2793"><!--Edit Email Template-->ई-मेल टेम्‍पलेट सम्पादित करैं</text>
  <text digest="6259df978c6b6ade43b9610b12ceca8a"><!--Edit Grid-->ग्रिड (खण्ड / जाली) सम्पादित करैं</text>
  <text digest="8f6e92037361563f553e283b1cbc139a"><!--Edit Language-->भाषा सम्पादित करैं</text>
  <text digest="7de2efab88c509281ba6f5770bb786ce"><!--Edit Newsletter-->सूचनापत्र सम्पादित करैं</text>
  <text digest="c3c35fbb4b93e280434acb72888c9667"><!--Edit Payment History-->भुगतान इतिहास सम्पादित करैं</text>
  <text digest="2961b2d8f45b1c45a5fe74f0284273de"><!--Edit Region-->खण्ड सम्पादित करैं</text>
  <text digest="2d4aa0297eaffa9eb6d33cad1f1ba38b"><!--Edit User Account-->प्रयोक्ता (यूजर) खाता सम्पादित करैं</text>
  <text digest="582c365f0918d19bfe0ded51281ebc8e"><!--Edit Your Details-->अपना विवरण सम्पादित करैं</text>
  <text digest="bdfc5da748534e04c57746d7ea0ed351"><!--element does not match requested language to import-->तत्व (एलीमेंट) अनुरोध भाषा के आयात हेतु उपयुक्त नहीं है</text>
  <text digest="49c3ba4130a88f7ab532f142fba92efe"><!--element). You should'only remove the comment marks if you wish to use the
English text verbatim as the translation text. Do not remove or change the-->अगर आप अग्रेंजी भाषा रूपांतर की टिप्‍पणी का प्रयोग करना चाहते हैं, तब आपको  टिप्‍पणी चिह्न निरस्‍त करने होंगे. कृपया इनको न हटायें.</text>
  <text digest="1fecaa43ef33ed8ede57c234d2016e4b"><!--elements with non-empty comment will be imported.  The English text enclosed in XML comments will be ignored-->सिर्फ उन तत्वों (एलीमेंटस) का आयात होगा जो रिक्‍त नहीं होंगे. एक्‍सएमएल चिह्न के भीतर लिखे अग्रेंजी के शब्‍दों पर ध्‍यान नहीं  दिया जाएगा.</text>
  <text digest="ce8ae9da5b7cd6c3df2929543a9af92d"><!--Email-->ई-मेल</text>
  <text digest="e958bee302ce77cb42982784cb7529ae"><!--Email Format-->ई-मेल स्‍वरूप (फॉर्मेट)</text>
  <text digest="c143a6b696f32a8cb3aec51f15435239"><!--Email Templates-->ई-मेल टेम्‍पलेट</text>
  <text digest="2faec1f9f8cc7f8f40d521c4dd574f49"><!--Enable-->योग्य कर दें</text>
  <text digest="e472d07f9c5160054406659749857591"><!--Enter the dimensions for the new grid. Once a grid has been created, its dimensions cannot be changed. You will be able to change other grid parameters at the next step.-->नवीन ग्रिड (खण्ड/ जाली) के माप दें. एक बार ग्रिड (खण्ड/जाली) के बनने के पश्‍चात उसके माप में परिवर्तन संभव नहीं होगा. अगले क्रम में ग्रिड (खण्ड/जाली) के अन्‍य गुणों में परिवर्तन करना संभव होगा.</text>
  <text digest="4440c0be08f987170f74405f2fabc6a6"><!--Enter Your E-Mail Address-->अपना ई-मेल पता लिखें</text>
  <text digest="a72ac3935e10f07971dc6934557ef6ca"><!--Enter your E-Mail Address-->अपना ई-मेल पता लिखें</text>
  <text digest="902b0d55fddef6f8d651fe1035b7d4bd"><!--Error-->त्रुटि</text>
  <text digest="072d0ff589d26935fcb26469fe880bf5"><!--Error?-->त्रुटि?</text>
  <text digest="5ef0c737746fae2ca90e66c39333f8f6"><!--Errors-->त्रुटियाँ</text>
  <text digest="2aef74ba8cae1f8c81d9e38ad08210f3"><!--Expected id-->अपेक्षित परिचय-संख्‍या(आई-डी)</text>
  <text digest="652ae06667a8dcee10bf4f69d14cac28"><!--expected id-->अपेक्षित परिचय-संख्‍या(आई-डी)</text>
  <text digest="90bd4d50d8cd2351aedaadb54aca3205"><!--Export Language Texts-->भाषा के शब्‍दों को निर्यात करें.</text>
  <text digest="f284bb28034af699d1206d2cc04c8bd9"><!--Export Lanugage Texts-->भाषा के शब्‍दों को निर्यात करें.</text>
  <text digest="63f1df06278dd9eb5e07a2ae75e66d08"><!--Export Texts-->शब्‍दों को निर्यात करें</text>
  <text digest="8b04d5e3775d298e78455efc5ca404d5"><!--first-->प्रथम</text>
  <text digest="bdfab27698872612a30a2ad26368cef9"><!--first if you haven't already done so.-->प्रथम, यदि आपने पहले नहीं किया है</text>
  <text digest="bc910f8bdf70f29374f496f05be0330c"><!--First Name-->पहला नाम</text>
  <text digest="c6631869fbb1e424e58bf74cdbc387cc"><!--First name is required-->पहला नाम जरूरी है</text>
  <text digest="5188c95fcfc3875a0554aaa564278507"><!--Forgot your Password?-->पासवर्ड भूल गए?</text>
  <text digest="b24ce0cd392a5b0b8dedc66c25213594"><!--Free-->मुफ्‍त/निःशुल्क</text>
  <text digest="8be74e315d95cf330323b8fd56e82653"><!--Get Pixels-->पिक्‍सेलस पायें</text>
  <text digest="5174d1309f275ba6f275db3af9eb3e18"><!--Grid-->ग्रिड (खण्ड/जाली) </text>
  <text digest="610930c7ebefa254adf1b54173302149"><!--Grid Description-->ग्रिड (खण्ड/जाली) का विवरण</text>
  <text digest="e7ada0a0fe0f6526f47f0b3febc6c622"><!--Grid Height-->ग्रिड (खण्ड/जाली) की ऊंचाई</text>
  <text digest="d2bc02659318db2da688b38ff330e374"><!--Grid Name-->ग्रिड (खण्ड/जाली) का नाम</text>
  <text digest="7663ae33dc58d5c765bdbcafc202cfa6"><!--Grid Title-->ग्रिड (खण्ड/जाली) का शीर्षक</text>
  <text digest="147ba37d1b04b43e4fa445a65b72e640"><!--Grid Width-->ग्रिड (खण्ड/जाली) की चौड़ाई</text>
  <text digest="268409e5f6aa5240754cd811eb2055b9"><!--Grid(s) successfully published.-->ग्रिड (खण्ड/जाली) सफलतापूर्वक प्रकाशित हो गई</text>
  <text digest="1aa4d06e8e68435726ccfab06f17ed4c"><!--Gridline Color-->ग्रिड-रेखा के रंग</text>
  <text digest="bebd00372b825306ad52eb7689461ae6"><!--Gridline Transparency-->ग्रिड-रेखा की पारदर्शिता</text>
  <text digest="e985db04b7808550d0276a72890ded91"><!--Grids-->ग्रिडस (खण्ड/जालियाँ)</text>
  <text digest="cc72b836bde0c046cd09151316b4aedf"><!--have been exported to-->निर्यात हो गया</text>
  <text digest="9ac6f89f824e9679c85ead5d1d33f494"><!--have been imported from-->से आयात हो गया</text>
  <text digest="8cf04a9734132302f96da8e113e80ce5"><!--Home-->मुख्य पृष्ठ</text>
  <text digest="4c4ad5fca2e7a3f74dbb1ced00381aa4"><!--HTML-->एचटीएमएल</text>
  <text digest="490aa6e856ccf208a054389e47ce0d06"><!--Id-->परिचय-संख्‍या</text>
  <text digest="1dc2fb4c9d0bd771d956a75a07c7e6ae"><!--If you already have an account, you may-->अगर आपका खाता है तो आप</text>
  <text digest="d507f81279d3dd09ee13c718820eb75c"><!--if you need to contact us about this transaction.-->अगर आपको इस कारोबार के बारे में हमसे सम्‍पर्क करना है</text>
  <text digest="be53a0541a6d36f6ecb879fa2c584b08"><!--Image-->चित्र</text>
  <text digest="323126045a230b218de6ebd6a53fb7f8"><!--Image File-->चित्र फाइल</text>
  <text digest="bb10b1837ff0698fd821afedbfdd6a66"><!--Image Lighten Factor-->चित्र चमकाना प्रतिशत.</text>
  <text digest="712bd47cf0934a7240b43b79d9f0667f"><!--Import Language Texts-->भाषा के शब्‍दों को आयात करें</text>
  <text digest="e756487927dd90f1e390f5e37728011c"><!--Import T'xts-->शब्‍दों को आयात करें</text>
  <text digest="8dee49165153fc68ffacb5f7f7bf9a3a"><!--instead-->बल्‍कि</text>
  <text digest="dbf373dd3565accf2d2fd19700f6a5ae"><!--Invalid action-->अवैध कार्यवाही</text>
  <text digest="6e659c47c94d1e1dc7121859f43fb2b0"><!--Invalid e-mail address-->अवैध ई-मेल पता</text>
  <text digest="662bba18b2ddcc9c1839c2229ef25c04"><!--Invalid email_key value-->अवैध ई-मेल मान</text>
  <text digest="9c10994e78fa30b3fedebecbf545a0a4"><!--Invalid module_key-->अवैध सूत्र (माड्‍यूल) मान</text>
  <text digest="578f377f078ccbccfe26ea07184460e4"><!--Invalid user name or password-->प्रयोक्ता(यूजर) का  नाम या पासवर्ड अवैध है</text>
  <text digest="cde17aa92ac50788ad11b07bf1dc3fdc"><!--is currently down for maintenance. Please check back later.-->अभी रखरखाव हेतु बन्‍द है, कृपया थोड़ी देर में पुन: प्रयास करें</text>
  <text digest="0a5fa53f3f20f67f98bd6c3b16df059d"><!--is required-->जरूरी है</text>
  <text digest="d5b4d696faf96035dadc0a5511ec0202"><!--Langage Texts for language-->भाषा के लिये भाषा सूत्रग्रंथ</text>
  <text digest="273d4de0292e898b50f9057a136b250d"><!--Langage to Export-->निर्यात की भाषा</text>
  <text digest="36aed4d2adb24c429f2730acae8995be"><!--Langage to Import-->आयात की भाषा</text>
  <text digest="32e24b0772629ec41145845076f2f172"><!--Language Code-->भाषा कोड</text>
  <text digest="f40309c7972d85f25b031d3e131f4e21"><!--Language Name-->भाषा का नाम</text>
  <text digest="911b64dd7764a81f683994d1ea5774d3"><!--Language Support-->भाषा सहायक</text>
  <text digest="d4cb0947a71dfcaa0460d8fd3b42ba9c"><!--Language texts successfully updated.-->भाषा के शब्‍दों का सफलतापूर्वक नवीनीकरण हो गया है</text>
  <text digest="77587239bf4c54ea493c7033e1dbf636"><!--Last Name-->अन्तिम नाम</text>
  <text digest="e51b62746c48b9311ae857890adb70ba"><!--Last name is required-->अन्तिम नाम जरूरी है</text>
  <text digest="6691dace894a729d5f820d2385c9e30f"><!--Leave blank to keep current address-->वर्तमान पता रखने के लिये खाली छोड़ें</text>
  <text digest="ed0028074cce914a81c423192f4db197"><!--Leave blank to keep current password-->वर्तमान पासवर्ड रखने के लिये खाली रेहने दें</text>
  <text digest="4803e6b9e63dabf04de980788d6a13c4"><!--Line-->रेखा</text>
  <text digest="ce5bf551379459c1c61d2a204061c455"><!--Location-->स्थान</text>
  <text digest="3bbbad631029e3575da7a151bba4f37c"><!--Log In-->लाग-इन</text>
  <text digest="2267c8f720278846a7d5098e38dc4bc9"><!--Log In Now-->अभी लाग-इन करें</text>
  <text digest="b0c2b25b3312c7a32d7aa9d701b6ae1d"><!--Log Out-->लाग आउट करें</text>
  <text digest="99dea78007133396a7b8ed70578ac6ae"><!--Login-->लागइन</text>
  <text digest="0323de4f66a1700e2173e9bcdce02715"><!--Logout-->लागआउट</text>
  <text digest="ab5b979f7bc8c846b49e736bb8bc890a"><!--Magnifier Off-->मैगनिफायर बन्‍द है</text>
  <text digest="10bf5d79406f984de7f857e8377eb640"><!--Magnifier On-->मैगनिफायर चालू है</text>
  <text digest="290267b42926ffd9c4012025c7e7bfdb"><!--Maintain Grids-->ग्रिड (खण्ड/जाली) संभालें रहें</text>
  <text digest="4da1d963b8a0f7e9c699d38a2a40ea90"><!--Maintain Languages-->भाषा संभालें रहें</text>
  <text digest="ee3715bb2ddfb3c05d5a1049d2adf71e"><!--Maintain Regions-->खण्ड संभालें रहें</text>
  <text digest="1305ea717a13a41743beebc1804d538a"><!--Maintain Settings-->सेटिंग्‍स संभालें रहें</text>
  <text digest="8d8cc5c9e9d56cdb0736658e9ba3f10f"><!--Maximum Region Height-->अधिकतम खण्ड ऊंचाई</text>
  <text digest="97f04b260655a4d308b5e92f3d180cdd"><!--Maximum Region Width-->अधिकतम खण्ड चौड़ाई</text>
  <text digest="457add0e51960b82ece5a58dbd77fc59"><!--Merge Addresses:-->पते विलय करें</text>
  <text digest="4c3880bb027f159e801041b1021e88e8"><!--Method-->पद्धति</text>
  <text digest="e55f75a29310d7b60f7ac1d390c8ae42"><!--Module-->सूत्र(माड्‍यूल)</text>
  <text digest="6bc362dbf494c61ea117fe3c71ca48a5"><!--Move-->चाल</text>
  <text digest="bfe40d134c486fdca406470f14dd9165"><!--must be &gt;= 0-->&gt;=० जरुरी है </text>
  <text digest="4b6aa34a50f26e2467e5a35c2ae06247"><!--must be a multiple of-->का गुणक होना आवश्‍यक है</text>
  <text digest="006472a83fd02e2b94fe0a57b711f6a6"><!--must be a string of six hex digits-->शब्‍द छह हेक्‍स अंकों का होना चाहिए</text>
  <text digest="e9b3b28bb29b162e2f0f464a923e0e7f"><!--must be an integer-->पूर्णांक(इंटीजर) होना चाहिए</text>
  <text digest="45e45c524ab0f6767ff5557e3d12a45c"><!--must be between %s and %s-->%s और %s के बीच का होना चाहिए</text>
  <text digest="49ee3087348e8d44e1feda1917443987"><!--Name-->नाम</text>
  <text digest="2816b5c8a6d091b92e2a8225d38187b1"><!--New Blog Article-->नया ब्लॉग लेख</text>
  <text digest="b4b5a594db37ac41771ac560e065d25a"><!--New E-Mail Address-->नया ई-मेल पता </text>
  <text digest="59b53c186d2f13dc1824484fb58e112c"><!--New Grid-->नया ग्रिड (खण्ड/जाली)</text>
  <text digest="c8bd41f5d0c0d9b5ecb3b2078bcb8726"><!--New Language-->नयी भाषा</text>
  <text digest="48f4d45876bb72765da898c88716915d"><!--New Newsletter-->नया सूचनापत्र</text>
  <text digest="ae3bb2a1ac61'50150b606298091d38a"><!--New Password-->नया पासवर्ड</text>
  <text digest="fdde48f3e6b48ff72d35274886b96be8"><!--Newsletter successfully sent.-->सूचनापत्र सफलतापूर्वक भेजा गया</text>
  <text digest="31a5a1743892bdd5a8d76f11666e6e34"><!--Newsletter to Send-->सूचनापत्र जो भेजना है</text>
  <text digest="d04ccf61aef8e1107d25b84cf8e37d55"><!--Newsletters-->सूचनापत्र</text>
  <text digest="bafd7322c6e97d25b6299b5d6fe8920b"><!--No-->नहीं</text>
  <text digest="a2519dd09f48ea0c3b48cc3508f4b813"><!--No language XML files were found in-->किसी भी भाषा की एक्‍सएमएल फाइल नहीं मिली</text>
  <text digest="a944690800dd22e1e0051b477ae699a9"><!--No matching payments found-->मिलता हुआ भुगतान नहीं मिला</text>
  <text digest="459dfbb7f44151c96311b134ec1b9148"><!--No payment is required. Select &quot;Continue&quot; to create your pixels.-->
भुगतान की आवश्‍यकता नहीं है. अपनी पिक्‍सेलस बनाने के लिये चुनना &quot;जारी रखें&quot;</text>
  <text digest="0f542d33bb0c412c7c0db5bcd9b88be7"><!--No Payment Required-->कोई भुगतान जरूरी नहीं है</text>
  <text digest="0af453b8ad0f94a2b18912678bb335f0"><!--Not all texts were imported-->समस्‍त शब्‍दों का आयात नहीं हो पाया</text>
  <text digest="d8f4a1993546cc4b850cde3599e27aec"><!--not found-->नहीं मिला</text>
  <text digest="f4c6f851b00d5518bf888815de279aba"><!--Notes-->ध्यान दें</text>
  <text digest="8392461cf759088854e16710b9b75d1a"><!--Only-->केवल</text>
  <text digest="850068ca05fab9932deb436fcc2f51c0"><!--Only languages for which XML files exist in the-->केवल वो भाषाएं जिनकी एक्‍सएमएल फाइल मौजूद है</text>
  <text digest="285c71407955765dd84cd3e7a55daf4d"><!--Or, select from a one of the predefined images below:-->या नीचे दर्शित चित्रों में से कोई एक चुनें: </text>
  <text digest="6311ae17c1ee52b36e68aaf4ad066387"><!--Other-->अन्य</text>
  <text digest="3f70f03550aca2dc979d186e3c9d75e1"><!--Parameters Available-->उप्‍लब्‍ध  मानक(पेरामीटर)</text>
  <text digest="dc647eb65e6711e155375218212b3964"><!--Password-->पासवर्ड</text>
  <text digest="4a9c16cd3b4e937464aeec7d67dbf67a"><!--Password must be at least 5 characters-->पासवर्ड कम से कम ५ अक्षर का होना चाहिए</text>
  <text digest="06df4bfdd9e2861a328b6a0a60295a96"><!--Password Sent-->पासवर्ड भेज दिया है</text>
  <text digest="b06c5ecc37b9cd61a0cab0534ed1f15d"><!--Payment Error-->भुगतान में त्रुटि हुई है </text>
  <text digest="91a1bd08a417cbd1ce9ee50d8c67bab6"><!--Payment History-->भुगतान का लेखाजोखा</text>
  <text digest="1e63d1811556fc2dad106dcbd4217a69"><!--Payment ID-->भुगतान परिचय-संख्‍या</text>
  <text digest="8b34365831eadc0f27586c35fb2c5d91"><!--Payment ID not set-->भुगतान परिचय-संख्‍या स्थापित नहीं हुई है</text>
  <text digest="707436a5aa13b82a4d777f64c717a625"><!--Payment Method-->भुगतान पद्धति</text>
  <text digest="6cbce829ab8d77328a5e093efc071dab"><!--Payment Modules-->भुगतान सूत्र(माड्‍यूल)</text>
  <text digest="a9afb81f203651728b321a2d316d24bc"><!--Payment not complete-->भुगतान पूरा नहीं है</text>
  <text digest="daef64964ee3b9b904f5d467586e217f"><!--Payments-->भुगतान</text>
  <text digest="2d13df6f8b5e4c5af9f87e0dc39df69d"><!--Pending-->बकाया</text>
  <text digest="fe3838c7c11aa406dd956566e17360d5"><!--per-->प्रति</text>
  <text digest="4b4ebf8bc3adee2af4f8a818e98eaadd"><!--Per block of-->प्रति खण्ड</text>
  <text digest="c399ace8bdd28dcb36190197ed8d1810"><!--per pixel-->प्रति पिक्‍सेल</text>
  <text digest="2338c4450e3e37e94c766b6f3a117add"><!--pixel block-->पिक्‍सेल खण्ड</text>
  <text digest="dc0981bf1c3a58ee19a694d2d924e507"><!--Pixel List-->पिक्‍सेल सूची</text>
  <text digest="b806b636baef257e5e767c04b6aa9d93"><!--Pixel Owners-->पिक्‍सेल मालिक</text>
  <text digest="c3d2f5d37334dc978fd8b17fc77408a1"><!--Pixels-->पिक्‍सेलस</text>
  <text digest="d399848208da8b80a306af0fd62bb03f"><!--pixels-->पिक्‍सेलस</text>
  <text digest="aa96728344423187c7477819cdb2600d"><!--pixels (must be a multiple of-->पिक्‍सेलस (का गुणक होना आवश्‍यक है</text>
  <text digest="94c9c74f6bda44f4e749215cc1629178"><!--Pixels Sold-->पिक्‍सेलस बिक गये</text>
  <text digest="88831291c9aab03e0f3e4304e02fd34c"><!--pixels; must be a multiple of-->पिक्‍सेलस; का गुणक होना आवश्‍यक है</text>
  <text digest="e44b145bd8b49b06e0ad2ced1ad56466"><!--Plain Text-->सादा सूत्र</text>
  <text digest="27e4596406eff1a65381806facfd75aa"><!--Please confirm payment details below:-->कृपया नीचे लिखे भुगतान विवरण को सुनिश्‍चित कर लें: </text>
  <text digest="c8f84ddee81641eb502c98df915dac05"><!--Please create a password of at least 5 characters-->पासवर्ड कम से कम ५ अक्षर का होना चाहिए</text>
  <text digest="3066d74f56ce60e0d9d7c33b63f49ec9"><!--Please enter at least one e-mail address-->कृपया कम से कम एक ई-मेल पता जरूर लिखें</text>
  <text digest="393d545b14b8865c4121a3ccc58e9db9"><!--Please enter your e-mail address-->कृपया अपना ई-मेल पता लिखें</text>
  <text digest="90c599e1aba75b071b31c68e0cc7c46e"><!--Please enter your E-Mail address-->कृपया अपना ई-मेल पता लिखें</text>
  <text digest="396174fcd62305830c9f0d78ace8e38c"><!--Please enter your E-Mail address (used when you purchased the pixels) to 
confirm your identity.-->कृपया अपना ई-मेल पता लिखें (जो आपने पिक्‍सेलस खरीदते समय इस्‍तेमाल किया था) ताकि आपकी पहचान निश्‍चित करी जा सके. </text>
  <text digest="b7c0f5c88cb24f6f957d16a141f7b35f"><!--Please enter your e-mail address so we can contact you about your pixels.
We will send a special link to this address that you can use to change your pixel image, URL, or title.-->कृपया अपना ई-मेल पता लिखें ताकि आपसे आपके पिक्‍सेलस के बारे में सम्‍पर्क किया जा सके. इस ई-मेल पते पर आपको पिक्‍सेलस, चित्र, यूआरएल व शीर्षक आदि का विवरण बदलने का सूत्र(लिंक) भेजा जाएगा</text>
  <text digest="67372fd578db62fc68dace10251b0cda"><!--Please enter your E-Mail address.-->कृपया अपना ई-मेल पता लिखें</text>
  <text digest="d204f77cee6364285eac4a5c619ef398"><!--Please enter your first name-->कृपया अपना पहला नाम लिखें</text>
  <text digest="a4cd68d07493873243dccd63aa7ba0a7"><!--Please enter your friend's E-Mail address.-->कृपया अपने मित्र का ई-मेल पता लिखें</text>
  <text digest="355f1b7d95d1b0e67b2c3e6425766f21"><!--Please enter your last name-->कृपया अपना आखिरी नाम लिखें</text>
  <text digest="3bcf2f9ff620e72576bba9dadd0570fa"><!--Please enter your name.-->कृपया अपना नाम लिखें</text>
  <text digest="94afdae0167fe5386318343db5da4c84"><!--Please keep this number in case you need to contact us about your pixels.-->इस परिचय-संख्या  को संभाल कर रखें. पिक्‍सेलस के बारे में सम्‍पर्क करने के लिए इसकी आवश्‍यकता जरूरी होगी.</text>
  <text digest="54ddd162c77ceb6a136f831456c16e27"><!--Please log in before proceeding-->आगे बढने से पहले लाग-इन जरूरी है</text>
  <text digest="c7f1380a005a2b5100f310ab02add80b"><!--Please log in to access your account-->अपने खाते के विवरण को देखने के लिए पहले लाग-इन करें</text>
  <text digest="b6acebbdd243e7db2506aee7f05c0f2a"><!--Please reference ID number-->परिचय-संख्‍या</text>
  <text digest="1e0c97491f44d9f69e5753ba75e0d5f3"><!--Please select a Language-->कृपया एक भाषा चुनें</text>
  <text digest="cc6c0386db75e53308201df2586b835c"><!--Please select a region-->कृपया एक खण्ड चुनें</text>
  <text digest="995f77fbdf7d044301a412148f180220"><!--Please select from the functions at left.-->बाऐं ओर से फन्‍कशन चुनें</text>
  <text digest="0c5cb0cc4d9883b800c5a7f89dea16c0"><!--Please upload a valid file-->कृपया एक वैध फाइल अपलोड करें</text>
  <text digest="60cc25cace35df4995d399983cc18cc3"><!--Previous Articles-->पहले के लेख</text>
  <text digest="3601146c4e948c32b6424d2c0a7f0118"><!--Price-->मूल्‍य</text>
  <text digest="f2c12ae14393ffc83551d56f32bb03cc"><!--Price:-->मूल्‍य:</text>
  <text digest="760d643b436dc8b45291ac8a9e490584"><!--Re-Enter E-Mail Address-->ई-मेल पता दुबारा लिखें</text>
  <text digest="61ee91f7c2163418ca2682083b030685"><!--Re-Enter New E-Mail Address-->नया ई-मेल पता दुबारा लिखें</text>
  <text digest="b7b5c6d6b7bf1a7d9a4129ed8d08e81b"><!--Re-Enter New Password-->नया पासवर्ड दुबारा लिखें</text>
  <text digest="67589722e4f4bbe6aa7c843d1de2dff9"><!--Re-enter Password-->पासवर्ड दुबारा लिखें</text>
  <text digest="7f547bae34e148f552c6dc4e0601ec1c"><!--Re-enter your E-Mail Address-->ई-मेल पता दुबारा लिखें</text>
  <text digest="1a4bf7b868e3d052692955fe17c303cd"><!--Re-Type New Password-->नया पासवर्ड दुबारा लिखें</text>
  <text digest="cc32a5ae9823284e6dccefcde24902d1"><!--Region Approval Required?-->खण्ड अनुमोदन जरूरी है?</text>
  <text digest="8b1fd00c74b7679cb1bd405a861b9236"><!--Region ID-->खण्ड परिचय-संख्‍या</text>
  <text digest="5948f3347ebc02ebc690227c059661e1"><!--Regions-->खण्ड</text>
  <text digest="5dec156b63fee20ec9d84d44e5cebebd"><!--Replace Image-->चित्र बदलें</text>
  <text digest="f9e88481552d37c3c5199d869f55d43d"><!--Republish Grids-->ग्रिड (खण्ड/जाली) प्रकाशित करें </text>
  <text digest="57fe3188ed92a4c4a52f0622231ae8a5"><!--Republish Grids Now-->ग्रिड (खण्ड/जाली) तुरंत प्रकाशित करें</text>
  <text digest="942d4e37dd5607ab68e54755540d4a47"><!--Reserved-->आरक्षित (रिजर्व)</text>
  <text digest="0d0e2934af7d3bc4e7263fcb1f9bc51c"><!--Retrieve Password-->पासवर्ड ढूंढो</text>
  <text digest="20d781bd6c9966b7ea0c9f412e68f8bc"><!--Return to Home Page-->मुख्‍य पृष्‍ट पर लौटें</text>
  <text digest="c9cc8cce247e49bae79f15173ce97354"><!--Save-->सेव(बचाऐं)</text>
  <text digest="f5d6040ed78ca86ddc73296a49b18510"><!--Save Changes-->सेव चेन्‍जस (परिवर्तन बचाऐं)</text>
  <text digest="0bc3427d153784fd483102834aa250ca"><!--Script Version-->सक्रिप्‍ट रूपांतर</text>
  <text digest="5eb6bb157528b365f84c27bb4784031b"><!--Secret Key-->गुप्‍त कुंजी</text>
  <text digest="776ce18ce0df318a12121c92afab7279"><!--Select a newsletter title to edit or delete a newsletter. Select the
&quot;Copy&quot; link to create a new newsletter by copying an existing one. Select
the &quot;New Newsletter&quot; link to create a new, blank newsletter.-->संपादन अथवा नष्‍ट करने हेतु सूचनापत्र शीर्षक चुनिये. &quot;कॉपी&quot; लिंक पर जाने से आप उप्‍लब्‍ध सूचनापत्र की नकल करके नवीन बना सकते हैं या &quot;नया सूचनापत्र&quot; लिंक पर जाने से आप नवीन सूचनापत्र बना सकते हैं </text>
  <text digest="7d1cd83f94cc1b04eaa07df260b0e29d"><!--Select Grid-->ग्रिड (खण्ड/जाली) चुनें</text>
  <text digest="047feb1823201faa75c7f5c2621ba2e5"><!--Select Payment Method-->भुगतान पद्धति चुनें</text>
  <text digest="6510ea0815f4f5fa90b9d67d87564ea0"><!--Select Your Pixels-->पिक्‍सेलस चुनें</text>
  <text digest="11a5d0ba5c46912814c0420a82833018"><!--Send My Password-->पासवर्ड भेजें</text>
  <text digest="15e1bdee49e196d6c9a0f12dda0ef29f"><!--Send Newsletter-->सूचनापत्र भेजें</text>
  <text digest="98f9aaca12e8998fc97120d9fc5999b1"><!--Sign Up Now-->अभी साईन-अप करें</text>
  <text digest="a7d6475ec8993b7224d6facc8cb0ead6"><!--Site-->साईट</text>
  <text digest="22d6a35a4c252115e717adba28374fab"><!--Site Description-->साईट का विवरण</text>
  <text digest="668445f09da337d276dc852bb6a0dbb3"><!--Site Name-->साईट का नाम</text>
  <text digest="c79bbde212562ceac1034cebde0ad6d5"><!--Site Status-->साईट का की स्‍थिति</text>
  <text digest="6f6cb72d544962fa333e2e34ce64f719"><!--Size-->माप</text>
  <text digest="5a4d5a89d5dca2f301d337f03f4ad92c"><!--Snippet::snippet: invalid language code-->Snippet::snippet: अवैध भाषा निर्देश</text>
  <text digest="7d102b34bca77d98da5f32fec4e7fe2a"><!--Specify the URL for the site your pixels will be linked to. It must start
with &lt;tt&gt;http://&lt;/tt&gt; or &lt;tt&gt;https://&lt;/tt&gt;. You may also specify an optional
title and alt tag value for your pixels. If you leave the title blank, your URL
will be used as the title. If you leave the alt tag value blank, the title (or
URL) will be used.-->पिक्‍सेलस पर क्‍लिक करने से किस यूआरएल पर जाएंगे यह लिखें. उसकी शुरूआत &lt;tt&gt;http://&lt;/tt&gt; या &lt;tt&gt;https://&lt;/tt&gt;से होनी चाहिये. आप अपने पिक्‍सेलस के लिए एक और शीर्षक या आल्‍ट टैग का यहाँ विवरण दे सकते हैं. अगर शीर्षक खाली होगा तो यूआरएल, अन्‍यथा आल्‍ट टैग  खाली छोडने  पर शीर्षक (या यूआरएल) प्रयोग होगा</text>
  <text digest="ec53a8c4f07baed5d8825072c89799be"><!--Status-->स्‍थिति</text>
  <text digest="c7892ebbb139886662c6f2fc8c450710"><!--Subject-->विषय</text>
  <text digest="821cdce7e19008a18c3089781c783249"><!--Submit Payment-->भुगतान करें</text>
  <text digest="8bf906833cc7aea8084f552217ed9c1d"><!--Suspended-->सस्‍पेन्‍डेड</text>
  <text digest="aeb989922c420dcfd5122b2a23e6d34d"><!--Tell A Friend-->मित्र को बताऐं</text>
  <text digest="a7ce94417ec99d0de85338df3501176f"><!--Tell a Friend-->मित्र को बताऐं</text>
  <text digest="da9bf09a31dc2e4345e11e8d90c19320"><!--Tell a friend about-->मित्र को इसके बारे में बताऐं</text>
  <text digest="0c1ec80465825af171a2cb9df19ac8d7"><!--Template Name-->टेम्‍पलेट का नाम </text>
  <text digest="07c698ab44e79839fee2cb77ec7f6d6b"><!--Text from Image at Right-->चित्र के सीधे हाथ की ओर शब्‍द</text>
  <text digest="94917ab8c61c926e7cb40cfc68cb8928"><!--Texts that do not have a translation will be written to the XML file as
the English text enclosed in an XML comment-->वो शब्‍द जिनका अनुवाद नहीं है वो एक्‍सएमएल फाइल में एक्‍सएमएल के भीतर अंग्रेजी टिप्पणी शब्‍दों की तरह लिखे जाऐंगे </text>
  <text digest="40d65b862ec9137f3a34353b6ae36ddd"><!--Texts to Include-->शब्‍दों को संलग्‍न करें</text>
  <text digest="7a7c46aab7e07559c6f7a8b25f2b9ef4"><!--Thank you-->धन्‍यवाद</text>
  <text digest="b315ed055787c0994d8a7b08b2be9244"><!--Thank You-->धन्‍यवाद</text>
  <text digest="e08e65334c09762d91ca607127db9fc9"><!--Thank you for activiating your account.-->खाता चालू करने के लिये धन्‍यवाद.</text>
  <text digest="f403ac95a07ddae169d88c4833ace3ce"><!--Thank you for your order!-->आदेश के लिये धन्‍यवाद</text>
  <text digest="ff5e09b70599314ffab1a87b4b10112a"><!--That does not appear to be a valid e-mail address-->ई-मेल पता मान्य प्रतीत नहीं लग रहा है</text>
  <text digest="81354618b50973fd80b9cda3fcf7336a"><!--That E-Mail address is not on file-->ई-मेल पता फाइल में मौजूद नहीं है</text>
  <text digest="69c25b790a70384d7fba562500ae8d8a"><!--That email address is not valid. Please enter the address used when you purchased your pixels-->ई-मेल पता मान्य नहीं है. पिक्‍सेलस खरीदते समय दिया गया ई-मेल पता लिखें</text>
  <text digest="8b44ae62f2d1b6a1051557d02c2179d3"><!--That region exceeds the maxium allowable size-->यह खण्ड मौजूद सीमाओं से ज्‍यादा है</text>
  <text digest="6f025c174d720dc09eeaed572aca998c"><!--That region overlaps one or more existing regions-->यह खण्ड पहले से मौजूद खण्डों की सीमा रेखाओं का अतिक्रमण कर रहा है</text>
  <text digest="403ba0bbb4d362facc94abcaf0ce1980"><!--The export file-->निर्यात हेतु फाइल</text>
  <text digest="0f07bfc547183c196967d44a8876c01d"><!--The file does not appear to be a valid image-->चित्र फाइल मान्य प्रतीत नहीं है</text>
  <text digest="88388c4c3bf5a6af4c23fd2d8d4f2923"><!--The following languages are available. Select a language to edit its
description or delete it.-->निम्‍नांकित भाषाऐं मौजूद हैं. विवरण बदलने या भाषा मिटाने के लिये कोई भाषा चुनें </text>
  <text digest="b24b44f7fe548b453ac371ce11301a60"><!--The following unexpected error occurred-->निम्‍नलिखित अप्रत्‍याशित त्रुटि हुई है</text>
  <text digest="8bc6239aedc9aabdf85ef7825bb75fbf"><!--The image must be in GIF, JPG, or PNG format-->चित्र सिर्फ जीआइएफ(GIF),जेपीजी (JPG), या पीएनजी(PNG) स्‍वरूप(फॉर्मेट) में होने चाहियें</text>
  <text digest="81184dcc378fe2a42ec8c80b61b94144"><!--The order in which to display this method when multiple payment methods are available-->क्रम जिसमें भुगतान-पद्धति को दर्शाया जायेगा जब एक से अधिक भुगतान के माध्‍यम मौजूद हों</text>
  <text digest="4d31633236d2e82468afd530ca64a224"><!--The supplied digest is invalid-->संग्रह अवैध है</text>
  <text digest="2ea230d21e70a4b1a0764692b1f48846"><!--The text from the image was not entered correctly-->चित्र हेतु शब्‍द ढंग से नहीं लिखे गये</text>
  <text digest="4c70e8b708a4072b3aa495b99f6658d7"><!--The URL must be an absolute URL starting with &quot;http://&quot; or &quot;https://&quot;-->यूआरएल पूर्ण होना चाहिये और उसकी शुरूआत &quot;http://&quot; या &quot;https://&quot; से होनी चाहिये</text>
  <text digest="43a112a006922a0c0a6f6c5a7bcea819"><!--There has been an error processing this transaction.-->इस आदान-प्रदान क्रिया में त्रुटि हुई है</text>
  <text digest="473c68a65e7b4c0f718c24ca82572480"><!--This function all'ws you to change a region's status or other
parameters-->यह फन्‍कशन आपको किसी भी खण्ड की स्‍थिति या उससे संब्‍धित गुणों को परिवर्तित करने की क्षमता देता है</text>
  <text digest="6a6b93c0ba67083cb9aaed5f5fff2698"><!--This function allows you to change the administrator username and/or
password.-->यह फन्‍कशन आपको प्रशासक प्रयोक्ता(यूजर) का नाम अथवा पासवर्ड बदलने की क्षमता देता है </text>
  <text digest="063233c7ddc14c12cc803274c2978852"><!--This function allows you to create a region on one of your grids.  The
region will initially be &quot;Reserved&quot;, but you may change its status and other
parameters after creating it.-->यह फन्‍कशन आपको अपने क्षेत्र में कोई भी ग्रिड (खण्ड/जाली) बनाने की क्षमता देता है. यह क्षेत्र शुरुआत में &quot;आरक्षित&quot; होगा लेकिन बाद में आप इसमें बदलाव कर सकते हैं  </text>
  <text digest="524f80b32e3c7e846f94b7c5d775208e"><!--This function will delete all the compiled Smarty templates from the
following directory:-->यह फन्‍कशन समस्‍त संग्रहित स्‍मार्टि टेम्‍पलेट को निम्‍नलिखित डायरेक्टरी (निर्देशिका) से मिटा देगा</text>
  <text digest="d5b88e6656ce6e5998b9816284fef16b"><!--This function will export texts for one language to an XML file to your
application's &quot;temp&quot; directory-->यह फन्‍कशन एक भाषा के शब्‍दों को एक्‍सएमएल के रूप में आपके प्रोग्राम की &quot;क्षणिक(temp)&quot; डायरेक्टरी (निर्देशिका) में निर्यात कर देगा</text>
  <text digest="2a71ea143a1405497007e10b7ddc5253"><!--This function will import a previously-exported language texts XML file
that has had translations added.-->यह फन्‍कशन पहले से निर्यातित भाषा के शब्‍दों को एक्‍सएमएल के रूप में आयात करेगा जिनका अनुवाद उप्‍लब्‍ध होगा</text>
  <text digest="ec60db66e736510ba77c8880e8ba9a8c"><!--This function will regenerate the grid image(s) in the-->यह फन्‍कशन ग्रिड (खण्ड/जाली) के चित्रों का पुनर्निमाण करता है</text>
  <text digest="1a33eaccf125c602d613dfd2619f1546"><!--This function will scan templates and PHP source code, looking
for multi-language texts enclosed in pairs of hash marks like this:-->यह फन्‍कशन टेम्‍पलेट और पीएचपी कोड का अवलोकन करके भिन्‍न भाषाओं के शब्‍द ढूंढता है जो हैश(':' भाँति) के बीच हैं</text>
  <text digest="8ae96b429400e97874186312dc8be3e7"><!--This transaction has been declined.-->यह आदान-प्रदान क्रिया निरस्‍त हो गयी है</text>
  <text digest="aa6879ecc77f2c385a23d73aace50fb9"><!--Thousands Separator Char-->हजार दर्शाने हेतु अक्षर</text>
  <text digest="b78a3223503896721cca1303f776159b"><!--Title-->शीर्षक </text>
  <text digest="cfd030171f6152237706919d5739fed4"><!--Title for Your Pixels-->पिक्‍सेलस का शीर्षक </text>
  <text digest="88427ec035734b45aae9f7d8859a5008"><!--Transaction ID-->आदान-प्रदान क्रिया परिचय-संख्‍या</text>
  <text digest="e661b77ea9f3c1a0122aea94ba2c46b7"><!--Unable to create-->बनाने में असमर्थ</text>
  <text digest="a2fc4090b280a2a81773dc3f5f0ded55"><!--Unable to find grid with prior display_order-->दिखाने के क्रमानुसार ग्रिड (खण्ड/जाली) ढूंढने में असमर्थ</text>
  <text digest="33c53fb0899e8569ac58219d2060278c"><!--Unable to move uploaded file to temp dir-->अपलोडेद फाइल को क्षणिक(टेम्‍प) क्षेत्र में संचय करने में असमर्थ</text>
  <text digest="ae2bd63c09fb292e212849c554f1d04d"><!--Unable to open-->खोलने में असमर्थ</text>
  <text digest="733296967e1fffed81e5e7279443a898"><!--Unexpected Error-->अप्रत्‍याशित त्रुटि हुई है</text>
  <text digest="aee9784c03b80d38d3271cde2b252b8d"><!--Unknown error-->अज्ञात त्रुटि हुई है</text>
  <text digest="d5ca088299d5908ca359f17692071761"><!--Unverified-->अप्रमाणित</text>
  <text digest="258f49887ef8d14ac268c92b02503aaa"><!--Up-->ऊपर</text>
  <text digest="46496b1548bc707fb261e7252847afe5"><!--Update Language Texts-->भाषा के शब्‍दों का नवीनिकरण करें</text>
  <text digest="9440fda7060e2a4b8738b485186f9261"><!--Update Language Texts Now-->भाषा के शब्‍दों का तुरंत नवीनिकरण करें</text>
  <text digest="6e3bc548c6e007af186f4ebf5be80df0"><!--Update Your Pixels-->पिक्‍सेलस का नवीनिकरण करें</text>
  <text digest="ff5c08e44e4c7a76922a5cd8e0c99e79"><!--Upload a GIF, JPG, or PNG image. It will automatically be converted to PNG
format and resized to the grid size of-->कोई भी जीआइएफ(GIF),जेपीजी (JPG), या पीएनजी(PNG)अपलोड करें| वह स्‍वत: पीएनजी(PNG) स्‍वरूप(फॉर्मेट) में परिवर्तित करके ग्रिड (खण्ड/जाली) आकार के अनुपात में रख दी जायेगी.</text>
  <text digest="f2174ebd1875527abe46f1fe2782e761"><!--Upload a GIF, JPG, or PNG image. It will automatically be converted to PNG
format and resized to the region size of-->कोई भी जीआइएफ(GIF),जेपीजी (JPG), या पीएनजी(PNG)अपलोड करें| वह स्‍वत: पीएनजी(PNG) स्‍वरूप(फॉर्मेट) में परिवर्तित करके ग्रिड (खण्ड/जाली) आकार के अनुपात में रख दी जायेगी</text>
  <text digest="1f98842c354dc496970446bce14f4c50"><!--Upload Image-->चित्र अपलोड करें</text>
  <text digest="7877a94cbd593dd296e342df78aeb213"><!--Upload Your Image-->अपना चित्र अपलोड करें</text>
  <text digest="e6b391a8d2c4d45902a23a8b6585703d"><!--URL-->यूआरएल</text>
  <text digest="459afb28a6eca8ed130ae2673701da0c"><!--URL for Your Site-->साईट का यूआरएल</text>
  <text digest="a0a1cbfacfb5302f99e1dc3440b548ad"><!--Use &lt;a href=&quot;http://www.loc.gov/standards/iso639-2/englangn.html&quot; target=&quot;_blank&quot;&gt;ISO 639-1 Language Code&lt;/a&gt; values-->इस प्रकार प्रयोग करे. &lt;a href=&quot;http://www.loc.gov/standards/iso639-2/englangn.html&quot; target=&quot;_blank&quot;&gt;ISO 639-1 भाषा कोड&lt;/a&gt; मूल्‍य</text>
  <text digest="46eed9a70f2d59210b4034000cc938e0"><!--Use FCKeditor-->एफसीकेएडिटर(FCKeditor) का प्रयोग करें</text>
  <text digest="7dba491977ffd22a9b68d9cf12353355"><!--Use this form to create an account on-->खाता खोलने हेतु इस फार्म का प्रयोग करें</text>
  <text digest="814df24aafe2a2e88ce6f85134f4dd8d"><!--Use User Accounts?-->प्रयोक्ताओं (यूजरस) के खातों का प्रयोग करें?</text>
  <text digest="e55adecd2f6d6a34c281c35189b654ed"><!--User Accounts-->प्रयोक्ताओं (यूजरस) के खाते</text>
  <text digest="1edcdad89b3a2245d759a169da1bf5a3"><!--User ID-->प्रयोक्ता (यूजर) परिचय-संख्‍या</text>
  <text digest="92f1b1481fa6ff46c4a3caae78354dab"><!--User Name-->प्रयोक्ता (यूजर) का नाम</text>
  <text digest="f9aae5fda8d810a29f12d1e61b4ab25'"><!--Users-->प्रयोक्ता (यूजरस) </text>
  <text digest="a9647e3663a9e7f4b094d3b9f8e40aa9"><!--Verification Variables-->सत्‍यापन हेतु मानक</text>
  <text digest="3f68e67dc6c397aaa9d1c24c356f754f"><!--Verified-->सत्‍यापित</text>
  <text digest="9df5e418b69684e9c225bea8bf78f870"><!--Verified?-->सत्‍यापित?</text>
  <text digest="522bf35ce3719884885e0e3c6a03f0bf"><!--WARNING!-->चेतावनी!</text>
  <text digest="a750407248427e74c2d7a28eeec8b852"><!--We were unable to process your order.-->हम आपके आदेश का पालन करने में असमर्थ हैं</text>
  <text digest="bedac05f805c4746882e489e78b84f03"><!--What should be done with the user's regions, if any?-->अगर मौजूद हैं तो प्रयोक्ताओं (यूजरस) के खण्डों का कया करना है?</text>
  <text digest="aacc829a685b96825cd2f816658d0085"><!--XML Parsing Error in-->एक्‍सएमएल पार्सर में त्रुटि हुई है</text>
  <text digest="93cba07454f06a4a960172bbd6e2a435"><!--Yes-->हाँ</text>
  <text digest="c642c7a681c3bd55312067aa05185e2a"><!--Yes, I want to delete grid-->हाँ में  ग्रिड (खण्ड/जाली) नष्‍ट करना चाहता हूँ</text>
  <text digest="0a795523e2fcfc2df79e52af297d0e1a"><!--Yes, I want to delete language-->हाँ में भाषा नष्‍ट करना चाहता हूँ </text>
  <text digest="9f7194f7ec9dfb7937e3cbea3d042c48"><!--Yes, I want to delete the article-->हाँ में लेख नष्‍ट करना चाहता हूँ</text>
  <text digest="608e8153c8e49a1ef7c2c38f8ef7c1e7"><!--Yes, I want to delete the newsletter-->हाँ में सूचनापत्र नष्‍ट करना चाहता हूँ</text>
  <text digest="936ea009ed99dd34ca517e708869f93a"><!--Yes, I want to delete the user account of-->हाँ में प्रयोक्ता (यूजर) खाता नष्‍ट करना चाहता हूँ</text>
  <text digest="27fcbc851fea2ec63719e998b88f9793"><!--Yes, I want to delete this region.-->हाँ में यह खण्ड नष्‍ट करना चाहता हूँ</text>
  <text digest="4dbf7624e437cd4711e5d77ce24ed154"><!--Yes, I want to overite the file-->हाँ में यह के उपरिलेखन करना चाहता हूँ </text>
  <text digest="b4eb4e49176872cff5d0d58129a9336b"><!--You may export all texts, or only those texts that do not have a
translation yet. After making translations, you can re-import the file with-->आप समस्‍त शब्‍दों का निर्यात कर सकते हें या सिर्फ उन शब्‍दों का जिनका अभी अनुवाद नहीं हुआ है. अनुवाद के बाद आप उस फाइल को पुन: आयात कर सकते हैं</text>
  <text digest="16cdce413f6e657526f53c48bde7aff6"><!--You need to export a language using-->आपको इसका इस्‍तेमाल करके भाषा निर्यात करनी होगी</text>
  <text digest="adfd19e0fe33a9752f0e39596b38303a"><!--You should run-->आपको करना पडेगा</text>
  <text digest="5ac272b74089a85e706873a025f1f929"><!--You will receive an e-mail from us shortly with instructions on how
to update your pixels.-->थोड़ी देर में आपको हमारी ई-मेल प्राप्‍त होगी जिसमें पिक्‍सेलस के नवीनिकरण के निर्देश मिलेंगे</text>
  <text digest="a0623b78a5f2cfe415d9dbbd4428ea40"><!--Your Account-->आपका खाता </text>
  <text digest="e868dd111353d296c2a78c9808c21337"><!--Your Comment-->आपकी टिप्पणी</text>
  <text digest="26437b002b58282199ab6818edee7bcf"><!--Your confirmation number is-->आपकी सत्‍यापन संख्‍या</text>
  <text digest="acbd4f68b2ca837345b216b38e418b22"><!--Your Details-->आपका विवरण</text>
  <text digest="890c49344604346a2ae9ff5c700c2845"><!--Your E-Mail Address-->आपका ई-मेल पता</text>
  <text digest="817b8002b596344349ad2a2f44c066c7"><!--Your E-Mail address does not appear to be a valid address-->आपका ई-मेल पता मान्य प्रतीत नहीं लग रहा है</text>
  <text digest="c49c70de9f24981a975d0c3dd6f6ec35"><!--Your e-mail address or password is incorrect-->आपका पासवर्ड या ई-मेल पता अवैध है</text>
  <text digest="ce1f86955fbfd05ab0622d04458dd680"><!--Your E-Mail address will be your account login.-->आपका ई-मेल पता आपके खाते का लाग-इन होगा</text>
  <text digest="7d8ac38c5db6ff413900f295797695fe"><!--Your Friend's E-Mail Address-->आपके मित्र का ई-मेल पता</text>
  <text digest="174fc8804f98a6ee65c3d24c8779a142"><!--Your friend's E-Mail address does not appear to be a valid address-->आपके मित्र का ई-मेल पता मान्य प्रतीत नहीं लग रहा है</text>
  <text digest="29a313aaac4e35189ba323153d8b91cb"><!--Your Image-->आपका चित्र</text>
  <text digest="71cb324233a6412bfff64c2530b54911"><!--Your login details have been sent to your E-Mail address.-->आपके ई-मेल पते पर आपके खाते का लाग-इन विवरण भेज दिया है</text>
  <text digest="614cffa523202658a898e34a5d94d05e"><!--Your Name-->आपका नाम</text>
  <text digest="df15356c756aed37b001685b36c45b69"><!--Your Pixels-->आपके पिक्‍सेलस</text>
  <text digest="b9fe0b9250a8d4d3d21fd4885af235f9"><!--Your pixels have been updated. Thank you.-->आपके पिक्‍सेलस का पुनर्निधारण हो गया है, धन्‍यवाद</text>
  <text digest="0bb1b513ccc003593dc4f6118f919e82"><!--Your re-entered email address does not match; please check-->आपके ई-मेल पता पहले लिखे ई-मेल पते के समान नहीं है, कृपया जाँच लें</text>
  <text digest="4b3f3b3f711d814c0820e2c6bbdea119"><!--Your re-entered password does not match; please check-->आपका पासवर्ड पहले लिखे पासवर्ड के समान नहीं है, कृपया जाँच लें</text>
  <text digest="38b235bcc8fc76c2f9f4853912365580"><!--Your recommendataion has been sent to-->आपके सुझाव भेज दिये गये है</text>
  <text digest="9e4c86c49f0ef3e9f73ae04e314d574e"><!--Your Selection-->आपका चयन</text>
</language>
