<?xml version="1.0" encoding="utf-8"?>
<language code="ar" name="Arabic" decimal_sep="&#x066B;" thousand_sep="&#x066C;">
  <text digest="f679fc5558402f85339ec5a7e47a2d65">100-0 0=بدون تغيير</text>
  <text digest="237904cc5ea18e8ead0cf8798c8bb584">100-0 ,0= لون عادي ,100=لون شفاف كليا</text>
  <text digest="2cfe6c6ee7bf12671c84a2b601ee7e61">أترك الحقل فارغا أذا كنت لا تريد تغيير كلمة المرور</text>
  <text digest="6f0646d61d342cf041668c1b3aabf257">يجب أن يكون النص مكونا من خمسة أحرف علي الأقل</text>
  <text digest="68cc3e8d8723a18074c321b0394971b7">يجب أن يكون كل سطر يحتوي علي هنوان بريد إلكتروني واحد فقط</text>
  <text digest="3ad51f84f9fcd139c484b9657449fc6a">حسب النظام الستعشري الخاص بلألوان</text>
  <text digest="c7ff15f8e20c78720107f6bb411b3903">0=غير محدود</text>
  <text digest="e3f7f54834cb55663cfc8daa3e1296da">&lt;strong&gt;ملاحظة :&lt;/strong&gt;
نظرا إلي أن مفسر للغة الإكس أم إل يتعامل و بشكل محدود مع ملفات الإكس إم إل 
&lt;strong&gt; فيجب &lt;/strong&gt;
أن يكون ترميز نص هذا الملف متوافقا مع ترميز UTF-8.</text>
  <text digest="294c070625c56242b19a20468cf07e89">يجب إدخال عنوان الموقع</text>
  <text digest="08bd40c7543007ad06e4fce31618f6ec">حساب</text>
  <text digest="3771bf858c98d52dbc5d250dd1f4e72f">تفاصيل الحساب</text>
  <text digest="004bf6c9a40003140292e97330236c53">الحالة</text>
  <text digest="4d3d769b812b6faa6b76e1a8abaece2d">متوفرة</text>
  <text digest="a5dac79ddad1cbdb8b60c5b347ee047e">الحجم الحالي</text>
  <text digest="982efc929531febc7ddd68c5ffd9cdcd">أضف تعليقا</text>
  <text digest="365b7e8763e8438d42db3f1f4025074d">أضف لوحة جديدة</text>
  <text digest="1e22f543ce92434613f8518ea3b3d5ee">أضف لغة جديدة</text>
  <text digest="a508cd6ee07b35ea8efdf98d6520ce83">أضف تعليقا</text>
  <text digest="1a41181f428efff363c6711afd3cbaae">أضف ترجمتك بعد التعليق )لكن داخل</text>
  <text digest="56cc559d234df2ffabc88b8926592264">الصفحة الرئيسية لمدير الموقع</text>
  <text digest="7258e7251413465e0a3eb58094430bde">إدارة الموقع</text>
  <text digest="98aa505f420487b8d46ba6c92535060f">صفحة أدارة الموقع</text>
  <text digest="2e7f473229466aab583b6a5b6c12944b">البريد الإلكتروني الخاص بمدير الموقع</text>
  <text digest="0b8b4e972d0c2d2023c02e036e50ed6e">عنوان البريد الإلكتروني الخاص بمدير الموقع</text>
  <text digest="2b996dca68382a098fd21e100119868b">تسجيل دخول مدير الموقع</text>
  <text digest="b1c94ca2fbc3e78fc30069c8d0f01680">الكل</text>
  <text digest="717985ca4705973c8e2bcc24f731e685">السماح بإضافة التعليقات</text>
  <text digest="102779676feeffd385f7038542c05441">موجود بالفعل</text>
  <text digest="0208315ed9010b3aa21e0602b80ff5aa">قيمة الإرتفاع</text>
  <text digest="c1fd3564fa7e4c04ff48aa628b7a1d4f">قيمة أرتفاع قصاصة الرسم</text>
  <text digest="b2f40690858b404ed10e62bdf422c704">المبغ</text>
  <text digest="0cd5a075b4d373a7cdfef5ef970a9905">يوجد حساب للبريد الإلكتروني الحالي</text>
  <text digest="4df0983b5f0fef389ff6dde220a2fa00">لقد تم أرسال رسالة إلي بريدك الإلكتروني تحتوي علي كافة التعليمات التي ستحتاجها لتنشيط حسابك</text>
  <text digest="256dc5b24a8bff2be45053611b5d7688">و كل المناطق المتعلقة بها</text>
  <text digest="44ad1813bccc5fe8f24b7143f1a720e5">و كل النصوص المتعلقة به</text>
  <text digest="33e022c6f0615ded20209d196ba220bd">رقم المادة</text>
  <text digest="dd183cda820de726fe770720317eb6af">أرسلها إلي مدير الموقع</text>
  <text digest="9159e8b2505e7aa3112e8d92d5bcd662">لقد حاولت حذف أحد الصفوف غير محفوظ</text>
  <text digest="d2eb444e35c0a71f0a85df8194acb5b6">الخاصية</text>
  <text digest="a517747c3d12f99244ae598910d979c5">المؤلف</text>
  <text digest="78945de8de090e90045d299651a68a9b">متوفر</text>
  <text digest="75e7422f2fe253fc69d3f6c148d197ee">لون الخلفية</text>
  <text digest="abd809c9e3c1c08e97740f86b8ceabfb">الصورة التي ستعرض في الخلفية</text>
  <text digest="be8df1f28c0abc85a0ed0c6860e5d832">التعليقات</text>
  <text digest="d3f12f6a2441abf9154561d5511cf99a">التعليقات</text>
  <text digest="ac101b32dda4448cf13a93fe283dddd8">المحتوي</text>
  <text digest="97b962852e8f5605148f7bb114e90388">عنوان زر الشراء</text>
  <text digest="30bb48edbb3180b4f158b54154390aca">أشتر الآن &gt;&gt;</text>
  <text digest="8e4ccc20183151e99e9169d9c9d832a7">لا يمكن حذف اللغة الإفتراضية</text>
  <text digest="c0f9c6715531c64943f20597714f075c">صورة تأكيد التسجيل</text>
  <text digest="8f1e77e0d2be21da93cd4d9a939148f7">تغيير كلمة المرور</text>
  <text digest="a1a54fabe4d39a33de432c5bcea2a7a4">تغيير إلي 'مؤكد'</text>
  <text digest="9c3cc01fe422f094cbb1e0cc31a53224">تغيير كلمة المرور و أسم المستخدم</text>
  <text digest="90052c651c8ee6972bb05e44396ed4a5">أختر وسيلة أخري للدفع</text>
  <text digest="a3b294b172203e5d3cb2840963612ea9">حذف النماذج التي تمت خلقها</text>
  <text digest="a2185b84cb564de630c6d371938bd55f">حذف النماذج التي تمت خلقها الآن</text>
  <text digest="17738df6781b3f3af8dc83fbf55e6493">حذف الأخطاء</text>
  <text digest="1357e394106c1adabf10aba7b3bbc3b3">حذف الصورة</text>
  <text digest="1e3708f8221705fb1a889efb229b6035">أنقر و أستمر في السحب لتحديد مساحة قصاصة الرسم</text>
  <text digest="0df37c3395fea64e33cd4f1670428a7a">أنقر علي رابط الموقع لتحديث قصاصات الرسم الخاصة بك</text>
  <text digest="cbdb553aaace16e77bb205e9bc3375ef">عدد مرات الضغظ عليها</text>
  <text digest="1976d7f704de389d9fe064e08ea35b2d">عمود</text>
  <text digest="0be8406951cdfda82f00f79328cf4efc">تعليق</text>
  <text digest="ba280a9b71dfa9bc4fd987ea66295100">تعليقات</text>
  <text digest="8413c683b4b27cc3f4dbd4c90329d8ba">تعليقات</text>
  <text digest="e14891a26424266ae9fed563cd6db1fe">تعليق حول</text>
  <text digest="be7046a84bd4e51e5100b4751a016147">تم حذف النماذج التي تمت خلقها بنجاح</text>
  <text digest="07ca5050e697392c9ed47e6453f1453f">أكتمل</text>
  <text digest="f1206f9fadc5ce41694f69129aecac26">ضبط الخصائص</text>
  <text digest="ac00a91889d65fde368168c9ff6d3cf6">ضبط خصائص طريقة الدفع</text>
  <text digest="413e8eec79fec581e1be288e893e0cb9">تأكيد عملية الدفع</text>
  <text digest="205bc73c4ab4286a1fb9d4c18322777c">تم التأكيد</text>
  <text digest="a0bfb8e59e6c13fc8d990781f77694fe">أستمرار</text>
  <text digest="c884b1a5c353df470b30ffe6d42f9f2b">إضافة كلمة مرور</text>
  <text digest="739405e73cc9f2e323506440d0883734">خلق حساب جديد</text>
  <text digest="3e09ef3ed19172303d8d36354e509284">انشاء صورة متداخلة</text>
  <text digest="cc7f8622005b8863ec2699a204a0ebc3">أنشاء صورة تستخدم كلوح ألوان</text>
  <text digest="aeb0751452ff345883daec1aa25de87c">أنشاء مساحة عرض لقاصات الرسم</text>
  <text digest="0eceeb45861f9585dd7a97a3e36f85c6">تمت عملية الإنشاء</text>
  <text digest="4dc7aa6ddf532ae536da360ea389430f">رقم تأكيد البطاقة الإئتمانية</text>
  <text digest="5e038f03415db5461c13d380469436cb">رقم البطاقة الإئتمانية</text>
  <text digest="9dc0432a5467a0c376999d3c0f916244">أسم صاحب البطاقة الإئتمانية</text>
  <text digest="ccc4262fa6d8d0e05bd79fb58c52e66d">نوع البطاقة الإئتمانية</text>
  <text digest="94cebe752e18a99e25477a437d006771">رمز العملة</text>
  <text digest="4bc28f132d571b160ba407e143915de2">كلمة المرور الحالية</text>
  <text digest="de777c62ae5555f733a06f3ca8afeaf8">أخطاء الصادرة من قاعدة البيانات</text>
  <text digest="44749712dbec183e983dcd78a7736c41">التاريخ</text>
  <text digest="ba989292c988a2d8cc2131b51e13de72">تاريخ الإنشاء</text>
  <text digest="23f255aef8a8833fbb07a91987d1a42f">تاريخ النشر</text>
  <text digest="29ee8c149301d3cd854208ce0a542ee5">نقطة الفاصلة العشرية</text>
  <text digest="22fd15787bc9a2ab3961b3d9b55b373e">يجب أن تكون اللغة الإفتراضية للمحتوي متوفرة</text>
  <text digest="9c7382acaa0eff647b9d54d741f97a0e">يجب أن تكون اللغة الإفتراضية للعنوان متوفرة</text>
  <text digest="f2a6c498fb90ee345d997f888fce3b18">حذف</text>
  <text digest="4d5362989c7c72cae7b54c0f0b8cc97f">حذف تعليق</text>
  <text digest="ca586ff7ae16cd0e4783f5e969bdabf1">حذف لوحة عرض</text>
  <text digest="7ef5e8668303d811f813e8cfee0ba56c">حذف للغة</text>
  <text digest="d000c412d028411920210a16a1ad5acc">حذف رسالة إخبارية</text>
  <text digest="a8d4361ae1587818d8a5d032c6db9a59">حذف منطقة عرض قصاصات الرسم</text>
  <text digest="6ac9a034dc3a8b4cf5a3902d2b7755d4">حذفها</text>
  <text digest="f8a2cff100250140c8bde8d55fa3c959">حذف هذا التعليق</text>
  <text digest="11250a0cf71313e83d01bb2ff9bd49e1">حذف حساب المستخدم</text>
  <text digest="226d815cf7520958de31ee454ac187e1">إن حذف أي لوحة عرض سينتج عنه حذف 
  &lt;strong&gt;كل&lt;/strong&gt; 
  قصاصات الرسم التس تحتويها تلك الوحة من قاعدة البيانات تماما .</text>
  <text digest="dd2e9661c1742b1362fde903f702cba5">
  إن حذف أي للغة سينتج عنه حذف
  &lt;strong&gt;كل&lt;/strong&gt;
  النصوص المتعلقة بهذه اللغة
  </text>
  <text digest="703bd0f92eab5c26660442bca97a9af2">
  أن حذف الرسالة الإخبارية سينتج عنه حذفها من قاعدة البيانات بشكل نهائي.
  </text>
  <text digest="d6f727e8bc3b9834fa00154b53d4c9cd">
  سينتج عن حذف مساحة عرض الرسم هذه حذفها نهائيا من قاعدة البيانات.
  </text>
  <text digest="5cdb92717822689c27dbef1e9031fc8e">
  إن حذف حساب أي مستخدم سينتج عنه حذف بياناته نهائيا من قاعدة البيانات.
  </text>
  <text digest="d41fc32cf752b30eaa4952c3ce024201">
  إن حذف أي تعليق سينتج عنه حذفه نهائيا من قاعدة البيانات.
  </text>
  <text digest="8de083bc06a2e250e4899eb953fffdef">أكتب شرحا تفصيليا لقصاصة الرسم الخاصة بك</text>
  <text digest="e5cfc515f312c9e85f367e9854d9963e">ملخص</text>
  <text digest="a51bc38545605e56fa2fc6f529935664">المجلد معروض</text>
  <text digest="fb24df5535e7d367bab0b56f4ce8e661">
و ذلك حسب معلومات منطقة العرض التالية.
</text>
  <text digest="bcfaccebf745acfd5e75351095a5394a">غير مفعل</text>
  <text digest="296993584750e6ab52793cf0e6fbe27a">عرض الطلبيات</text>
  <text digest="d014344ae4d89aad4137a16ad6a74f69">هل تريد تغير الملف القديم بالملف الجديد ؟</text>
  <text digest="b78ae460675b4d19661913e11951f4aa">عنوان البريد الإلكتروني هذا يبدو غير صالح</text>
  <text digest="d7e210d720545ec137ea7062c59490e8">لا يبدو أن عنوان البريد الإلكتروني هذا صالحا</text>
  <text digest="a5f61298da21626d0f490ebd06ecd811">ليس لديك حساب ؟</text>
  <text digest="29d0abeab115c63faaf7fc2a3c9cc5ed">مغلق الأعمال الصيانة</text>
  <text digest="ec585a5e4095d996807fc89d55755798">رقم الدفعة الإحتياطي</text>
  <text digest="082e55a73f10496681c84231dc1c88f7">البريد الإلكتروني</text>
  <text digest="185d23ff9526ad93077a1c9ad5ed26a2">عنوان البريد الإلكتروني</text>
  <text digest="f510776e5c9ba250fcf3ee60e7fe78c8">يجب إدخال عنوان البريد الإلكتروني </text>
  <text digest="6505425433576237024e3046506a2f4e">العنوان)العناون)</text>
  <text digest="6b27673aa75d2ca88ad746e7512fcdca">تعديل نص التعليق</text>
  <text digest="002a3919156b671a6f64e44d0fbf2793">تحرير نموذج الرسالة التي سيتم إرسالها عبر البريد الإلكتروني</text>
  <text digest="6259df978c6b6ade43b9610b12ceca8a">تعديل لوحة العرض</text>
  <text digest="8f6e92037361563f553e283b1cbc139a">ضبط خصائص اللغة</text>
  <text digest="7de2efab88c509281ba6f5770bb786ce">تعديل الرسالة الإخبارية البريدية</text>
  <text digest="c3c35fbb4b93e280434acb72888c9667">تعديل بيانات تقرير الدفعات</text>
  <text digest="2961b2d8f45b1c45a5fe74f0284273de">تعديل مساحة عرض قصاصة الرسم</text>
  <text digest="2d4aa0297eaffa9eb6d33cad1f1ba38b">تعديل بيانات حساب المستخدم</text>
  <text digest="582c365f0918d19bfe0ded51281ebc8e">أجراء تعديل علي البيانات الخاصة بك</text>
  <text digest="bdfc5da748534e04c57746d7ea0ed351">العنصر غير متطابق مع ما طلبت تصديره</text>
  <text digest="49c3ba4130a88f7ab532f142fba92efe">

العنصر : يجب أن تحذف فقط علامات التعليق في ملف الإكس إم إل إذا أردت أستخدام النص الحرفي الإنكليزي في الترجمة . لا تقم بحذف أو تغيير .
</text>
  <text digest="1fecaa43ef33ed8ede57c234d2016e4b">
سيتم أستيراد العناصر التي لا تحتوي علي تعليقات خالية أما النصوص الإنكليزية التي كتبت علي شكل تعليقات في ملف الإكس إم إل فسيتم تجاهلها.
</text>
  <text digest="ce8ae9da5b7cd6c3df2929543a9af92d">البريد الإلكتروني</text>
  <text digest="e958bee302ce77cb42982784cb7529ae">صيغة رسائل البريد الإلكتروني</text>
  <text digest="c143a6b696f32a8cb3aec51f15435239">نماذج رسائل البريد الإلكتروني</text>
  <text digest="2faec1f9f8cc7f8f40d521c4dd574f49">تفعيل</text>
  <text digest="e472d07f9c5160054406659749857591">
أدخل قيمة العرض و الإرتفاع الخاص بلوحة العرض التي ستنشئها. و يجب عليك ملاحظة أنه ليس بمقدورك تغيير قياس لوحة العرض بعد أنشائها الاول مرة لكن يمكنك خصائص لوحة العرض الأخري في الخطوة التالية.
</text>
  <text digest="4440c0be08f987170f74405f2fabc6a6">أدخل عنوان بريدك الإلكتروني</text>
  <text digest="a72ac3935e10f07971dc6934557ef6ca">أدخل عنوان بريدك الإلكتروني</text>
  <text digest="902b0d55fddef6f8d651fe1035b7d4bd">خطأ</text>
  <text digest="072d0ff589d26935fcb26469fe880bf5">خطا؟</text>
  <text digest="5ef0c737746fae2ca90e66c39333f8f6">أخطاء</text>
  <text digest="2aef74ba8cae1f8c81d9e38ad08210f3">الرقم التعريفي المتوقع</text>
  <text digest="652ae06667a8dcee10bf4f69d14cac28">الرقم التعريفي المتوقع</text>
  <text digest="90bd4d50d8cd2351aedaadb54aca3205">تصدير النصوص اللغوية</text>
  <text digest="f284bb28034af699d1206d2cc04c8bd9">تصدير النصوص اللغوية</text>
  <text digest="63f1df06278dd9eb5e07a2ae75e66d08">تصدير النصوص</text>
  <text digest="8b04d5e3775d298e78455efc5ca404d5">الأول</text>
  <text digest="bdfab27698872612a30a2ad26368cef9">إذا لم لم تقم بعمل ذالك للتو .</text>
  <text digest="bc910f8bdf70f29374f496f05be0330c">الإسم الأول</text>
  <text digest="c6631869fbb1e424e58bf74cdbc387cc">الإسم الأول غير أختياري و يجب أدخاله</text>
  <text digest="5188c95fcfc3875a0554aaa564278507">هل نسيت كلمة المرور الخاصة بك</text>
  <text digest="b24ce0cd392a5b0b8dedc66c25213594">مجانا</text>
  <text digest="8be74e315d95cf330323b8fd56e82653">أحصل علي قصاصة الرسم هذه</text>
  <text digest="5174d1309f275ba6f275db3af9eb3e18">لوحة العرض</text>
  <text digest="610930c7ebefa254adf1b54173302149">وصف لوحة العرض</text>
  <text digest="e7ada0a0fe0f6526f47f0b3febc6c622">أرتفاع لوحة العرض</text>
  <text digest="d2bc02659318db2da688b38ff330e374">أسم لوحة العرض</text>
  <text digest="7663ae33dc58d5c765bdbcafc202cfa6">عنوان لوحة العرض</text>
  <text digest="147ba37d1b04b43e4fa445a65b72e640">عرض لوحة العرض</text>
  <text digest="268409e5f6aa5240754cd811eb2055b9">تم نشر لوحة )لوحات العرض ( بنجاح</text>
  <text digest="1aa4d06e8e68435726ccfab06f17ed4c">لون خطوط لوحة العرض</text>
  <text digest="bebd00372b825306ad52eb7689461ae6">شفافية خطوط لوحة العرض</text>
  <text digest="e985db04b7808550d0276a72890ded91">لوحات العرض</text>
  <text digest="cc72b836bde0c046cd09151316b4aedf">تم تصديرها إلي</text>
  <text digest="9ac6f89f824e9679c85ead5d1d33f494">تم أستيرادها من</text>
  <text digest="8cf04a9734132302f96da8e113e80ce5">الصفحة الرئيسية</text>
  <text digest="4c4ad5fca2e7a3f74dbb1ced00381aa4">صفحة أنترنت</text>
  <text digest="490aa6e856ccf208a054389e47ce0d06">الرقم</text>
  <text digest="1dc2fb4c9d0bd771d956a75a07c7e6ae">إذا كان لديك حساب لدينا فيمكنك</text>
  <text digest="d507f81279d3dd09ee13c718820eb75c">يجب أن تتصل بنا حول موضوع التحويل هذا</text>
  <text digest="be53a0541a6d36f6ecb879fa2c584b08">الصورة</text>
  <text digest="323126045a230b218de6ebd6a53fb7f8">ملف الصورة</text>
  <text digest="bb10b1837ff0698fd821afedbfdd6a66">درجة إضاءة الصورة</text>
  <text digest="712bd47cf0934a7240b43b79d9f0667f">أستيراد نصوص اللغة</text>
  <text digest="e756487927dd90f1e390f5e37728011c">أستيراد النصوص</text>
  <text digest="8dee49165153fc68ffacb5f7f7bf9a3a">بدل</text>
  <text digest="dbf373dd3565accf2d2fd19700f6a5ae">عملية غير صحيحة</text>
  <text digest="6e659c47c94d1e1dc7121859f43fb2b0">عنوان البريد لإلكتروني غير صحيح</text>
  <text digest="662bba18b2ddcc9c1839c2229ef25c04">رقم تعريف البريد الإلكتروني غير صالح</text>
  <text digest="9c10994e78fa30b3fedebecbf545a0a4">تعريف طريقة الدفع غير صحيح</text>
  <text digest="578f377f078ccbccfe26ea07184460e4">كلمة المرور أو أسم المستخدم أحدهما غير صحيح</text>
  <text digest="cde17aa92ac50788ad11b07bf1dc3fdc">الموقع مغلق حاليا الإجراء بعض أعمال الصيانة عليه . فضلا قم بزيارة الموقع في وقت لاحق .</text>
  <text digest="0a5fa53f3f20f67f98bd6c3b16df059d">يتطلب وجوده</text>
  <text digest="d5b4d696faf96035dadc0a5511ec0202">النص اللغوي الخاص باللغة</text>
  <text digest="273d4de0292e898b50f9057a136b250d">الغة التي تود تصديرها إلي</text>
  <text digest="36aed4d2adb24c429f2730acae8995be">الغة التي تود أستيردها إلي</text>
  <text digest="32e24b0772629ec41145845076f2f172">الرقم التعريفي للغة</text>
  <text digest="f40309c7972d85f25b031d3e131f4e21">أسم اللغة</text>
  <text digest="911b64dd7764a81f683994d1ea5774d3">دعم تعدد اللغات</text>
  <text digest="d4cb0947a71dfcaa0460d8fd3b42ba9c">تم تحديث النص الخاص باللغة بنجاح</text>
  <text digest="77587239bf4c54ea493c7033e1dbf636">أسم العائلة</text>
  <text digest="e51b62746c48b9311ae857890adb70ba">يجب أدخال أسم العائلة</text>
  <text digest="6691dace894a729d5f820d2385c9e30f">أترك هذا الحقل فارغا للمحافظة علي عنوان البريد الإلكتروني كما هو دون تغيير</text>
  <text digest="ed0028074cce914a81c423192f4db197">أترك هذا الحقل فارغا كي يتم حفظ كلمة المرور القديمة كما هي</text>
  <text digest="4803e6b9e63dabf04de980788d6a13c4">الخط</text>
  <text digest="ce5bf551379459c1c61d2a204061c455">الموقع</text>
  <text digest="3bbbad631029e3575da7a151bba4f37c">تسجيل الدخول</text>
  <text digest="2267c8f720278846a7d5098e38dc4bc9">تسجيل الدخول الآن</text>
  <text digest="b0c2b25b3312c7a32d7aa9d701b6ae1d">تسجيل الخروج</text>
  <text digest="99dea78007133396a7b8ed70578ac6ae">تسجيل الدخول</text>
  <text digest="0323de4f66a1700e2173e9bcdce02715">تسجيل الخروج</text>
  <text digest="ab5b979f7bc8c846b49e736bb8bc890a">الممغنط لا يعمل</text>
  <text digest="10bf5d79406f984de7f857e8377eb640">الممغنط يعمل الآن</text>
  <text digest="290267b42926ffd9c4012025c7e7bfdb">تعديل لوحات العرض</text>
  <text digest="4da1d963b8a0f7e9c699d38a2a40ea90">ضبط خصائص اللغات</text>
  <text digest="ee3715bb2ddfb3c05d5a1049d2adf71e">ضبط خصائص لوحات العرض</text>
  <text digest="1305ea717a13a41743beebc1804d538a">ضبط خصائص الموقع</text>
  <text digest="8d8cc5c9e9d56cdb0736658e9ba3f10f">أقصي حد لطول يمكن أن تبلغه قصاصة الرسم</text>
  <text digest="97f04b260655a4d308b5e92f3d180cdd">أقصي حد للعرض يمكن أن تبلغه قصاصة الرسم</text>
  <text digest="457add0e51960b82ece5a58dbd77fc59">دمج العناوين :</text>
  <text digest="4c3880bb027f159e801041b1021e88e8">تحريك</text>
  <text digest="e55f75a29310d7b60f7ac1d390c8ae42">طريقة الدفع</text>
  <text digest="6bc362dbf494c61ea117fe3c71ca48a5">تحريك</text>
  <text digest="bfe40d134c486fdca406470f14dd9165">يجب أن يكون مساويا أو أكبر من 0</text>
  <text digest="4b6aa34a50f26e2467e5a35c2ae06247">يجب أن بكون مكونا من عدة</text>
  <text digest="006472a83fd02e2b94fe0a57b711f6a6">يجب أن يكون نصا يحتوي علي أرقام ستعشرية</text>
  <text digest="e9b3b28bb29b162e2f0f464a923e0e7f">يجب أن يكون رقما بدون فاصلة</text>
  <text digest="45e45c524ab0f6767ff5557e3d12a45c">يجب أن يكون بين %s و %s</text>
  <text digest="49ee3087348e8d44e1feda1917443987">الإسم</text>
  <text digest="2816b5c8a6d091b92e2a8225d38187b1">إضافة تعليق جديد</text>
  <text digest="b4b5a594db37ac41771ac560e065d25a">عنوان بريد إلكتروني جديد</text>
  <text digest="59b53c186d2f13dc1824484fb58e112c">إضافة لوحة عرض جديدة</text>
  <text digest="c8bd41f5d0c0d9b5ecb3b2078bcb8726">لغة جديدة</text>
  <text digest="48f4d45876bb72765da898c88716915d">الرسالة الإخبارية الجديدة</text>
  <text digest="ae3bb2a1ac61750150b606298091d38a">كلمة المرور الجديدة</text>
  <text digest="fdde48f3e6b48ff72d35274886b96be8">تم أرسال الرسالة الإخبارية إلي</text>
  <text digest="31a5a1743892bdd5a8d76f11666e6e34">أرسل رسالة إخبارية إلي</text>
  <text digest="d04ccf61aef8e1107d25b84cf8e37d55">القائمة البريدية</text>
  <text digest="bafd7322c6e97d25b6299b5d6fe8920b">لا</text>
  <text digest="a2519dd09f48ea0c3b48cc3508f4b813">لم يتم العثور علي ملفات إكس إم إل</text>
  <text digest="a944690800dd22e1e0051b477ae699a9">لا توجد بيانات دفعات مطابقة لبحثك</text>
  <text digest="459dfbb7f44151c96311b134ec1b9148">قم بالضغط 
  &quot;هنا&quot;
  للإستمرار مع العلم أن هذه العملية لا تتطلب منك دفع أي مبلغ.</text>
  <text digest="0f542d33bb0c412c7c0db5bcd9b88be7">لا يتطلب ذلك دفع أي مبلغ مالي</text>
  <text digest="0af453b8ad0f94a2b18912678bb335f0">لم يتم أستيراد كافة النصوص</text>
  <text digest="d8f4a1993546cc4b850cde3599e27aec">لم يتم العثور عليه</text>
  <text digest="f4c6f851b00d5518bf888815de279aba">ملاحظات</text>
  <text digest="8392461cf759088854e16710b9b75d1a">فقط</text>
  <text digest="850068ca05fab9932deb436fcc2f51c0">للغات الوحيدة المتوفرة حسب صيغة الإكس إم إل هي</text>
  <text digest="285c71407955765dd84cd3e7a55daf4d">أو أختر أي من الصور التي تمت إضافتها أسفله</text>
  <text digest="6311ae17c1ee52b36e68aaf4ad066387">أخري</text>
  <text digest="3f70f03550aca2dc979d186e3c9d75e1">المعاملات المتوفرة</text>
  <text digest="dc647eb65e6711e155375218212b3964">كلمة المرور</text>
  <text digest="4a9c16cd3b4e937464aeec7d67dbf67a">يجب أن تكون كلمة المرور مكونة من خمسة حروف علي الأقل</text>
  <text digest="06df4bfdd9e2861a328b6a0a60295a96">تم إرسال كلمة المرور</text>
  <text digest="b06c5ecc37b9cd61a0cab0534ed1f15d">أخطاء عمليات الدفع</text>
  <text digest="91a1bd08a417cbd1ce9ee50d8c67bab6">تقرير المدفوعات</text>
  <text digest="1e63d1811556fc2dad106dcbd4217a69">رقم الدفعة</text>
  <text digest="8b34365831eadc0f27586c35fb2c5d91">لم يتم تعيين قيمة لرقم الدفعة</text>
  <text digest="707436a5aa13b82a4d777f64c717a625">طريقة الدفع</text>
  <text digest="6cbce829ab8d77328a5e093efc071dab">نموذج الدفع</text>
  <text digest="a9afb81f203651728b321a2d316d24bc">دفعة غير مكتملة</text>
  <text digest="daef64964ee3b9b904f5d467586e217f">الدفعات</text>
  <text digest="2d13df6f8b5e4c5af9f87e0dc39df69d">معلقة مؤقتا</text>
  <text digest="fe3838c7c11aa406dd956566e17360d5">لكل</text>
  <text digest="4b4ebf8bc3adee2af4f8a818e98eaadd">لكل مجموعة من البكسلات</text>
  <text digest="c399ace8bdd28dcb36190197ed8d1810">لكل قصاصة رسم</text>
  <text digest="2338c4450e3e37e94c766b6f3a117add">مجموعة من قصاصات الرسم</text>
  <text digest="dc0981bf1c3a58ee19a694d2d924e507">قائمة قصاصات الرسم</text>
  <text digest="b806b636baef257e5e767c04b6aa9d93">أصحاب قصاصات الرسم</text>
  <text digest="c3d2f5d37334dc978fd8b17fc77408a1">قصاصات الرسم</text>
  <text digest="d399848208da8b80a306af0fd62bb03f">قصاصات الرسم</text>
  <text digest="aa96728344423187c7477819cdb2600d">قصاصات الرسم يجب أن تكون مكونة من</text>
  <text digest="94c9c74f6bda44f4e749215cc1629178">قصاصات الرسم التي تم بيعها</text>
  <text digest="88831291c9aab03e0f3e4304e02fd34c">قصاصات الرسم يجب أن تكون مكونة من</text>
  <text digest="e44b145bd8b49b06e0ad2ced1ad56466">النص فقط</text>
  <text digest="27e4596406eff1a65381806facfd75aa">الرجاء تأكيد تفاصيل بيانات الدفع الخاصة بك</text>
  <text digest="c8f84ddee81641eb502c98df915dac05">فضلا قم بإنشاء كلمة مرور مكونة من خمسة حروف علي الأقل</text>
  <text digest="3066d74f56ce60e0d9d7c33b63f49ec9">فصلا أدخل عنوان بريد إلكتروني واحد علي الأقل</text>
  <text digest="393d545b14b8865c4121a3ccc58e9db9">فضلا أدخل عنوان بريدك الإلكتروني</text>
  <text digest="90c599e1aba75b071b31c68e0cc7c46e">فضلا أدخل عنوان بريدك الإلكتروني</text>
  <text digest="396174fcd62305830c9f0d78ace8e38c">فضلا أدخل عنوان بريك الإلكتروني 
)سيستخدم عندما تتم عملية الشراء لتحديد هويتك (
و ذلك التأكيد هويتك .</text>
  <text digest="b7c0f5c88cb24f6f957d16a141f7b35f">فضلا أدخل عنوان بريد الإلكتروني الذي سنستخدمه للإتصال بك في ما يتعلق بقصاصات البريد الخاصة بك كما أننا سنستخدمه لنرسل لك عنوان الموقع الذي
يمكنك أستخدامه لتغير صورة القصاصة الخاصة بك و كذلك عنوان الموقع الذي توجد فيه و العنوان لذي يصفها .</text>
  <text digest="67372fd578db62fc68dace10251b0cda">فضلا أدخل عنوان البريد الخاص بك</text>
  <text digest="d204f77cee6364285eac4a5c619ef398">فضلا أدخل أسمك الأول</text>
  <text digest="a4cd68d07493873243dccd63aa7ba0a7">فضلا أدخل عنوان البريد الإلكتروني الخاص بصديقك</text>
  <text digest="355f1b7d95d1b0e67b2c3e6425766f21">فضلا أدخل أسم عائلتك</text>
  <text digest="3bcf2f9ff620e72576bba9dadd0570fa">فضلا أدخل أسمك</text>
  <text digest="94afdae0167fe5386318343db5da4c84">الرجاء الإحتفاظ بهذا الرقم في حال أردت الإتصال بنا في أي موضوع يتعلق بقاصات الرسم الخاصة بك</text>
  <text digest="54ddd162c77ceb6a136f831456c16e27">فضلا سجل دخولك إلي الموقع قبل أجراء هذه العملية</text>
  <text digest="c7f1380a005a2b5100f310ab02add80b">الرجاء تسجيل الدخول للوصول إلي حسابك</text>
  <text digest="b6acebbdd243e7db2506aee7f05c0f2a">الرجاء إدخال الرقم التعريفي</text>
  <text digest="1e0c97491f44d9f69e5753ba75e0d5f3">الرجاء أختر أحدي للغات</text>
  <text digest="cc6c0386db75e53308201df2586b835c">الرجاء أختيار منطقة لعرض القصاصة</text>
  <text digest="995f77fbdf7d044301a412148f180220">الرجاء أختيار أحدي الوظائف علي الجانب الأيسر</text>
  <text digest="0c5cb0cc4d9883b800c5a7f89dea16c0">الرجاء تحميل ملف صورة من الأنماط المسموح بها</text>
  <text digest="60cc25cace35df4995d399983cc18cc3">المادة السابقة</text>
  <text digest="3601146c4e948c32b6424d2c0a7f0118">السعر</text>
  <text digest="f2c12ae14393ffc83551d56f32bb03cc">السعر :</text>
  <text digest="760d643b436dc8b45291ac8a9e490584">أدخل عنوان البريد الإلكتروني مرة أخري</text>
  <text digest="61ee91f7c2163418ca2682083b030685">أدخل عنوان البريد الإلكتروني الجديد مرة أخري</text>
  <text digest="b7b5c6d6b7bf1a7d9a4129ed8d08e81b">أدخل كلمة السر الجديدة مرة أخري</text>
  <text digest="67589722e4f4bbe6aa7c843d1de2dff9">أدخل كلمة السر مرة أخري</text>
  <text digest="7f547bae34e148f552c6dc4e0601ec1c">أدخل عنوان بريدك الإلكتروني مرة أخري</text>
  <text digest="1a4bf7b868e3d052692955fe17c303cd">قم بكتابة كلمة المرور مرة أخري</text>
  <text digest="cc32a5ae9823284e6dccefcde24902d1">هل تتطلب مساحة عرض قصاصة الرسم تأكيدا ؟</text>
  <text digest="8b1fd00c74b7679cb1bd405a861b9236">رقم مساحة عرض القصاصة</text>
  <text digest="5948f3347ebc02ebc690227c059661e1">مساحة عرض القصاصة</text>
  <text digest="5dec156b63fee20ec9d84d44e5cebebd">تغيير الصورة</text>
  <text digest="f9e88481552d37c3c5199d869f55d43d">إعادة نشر لوحة عرض القصاصات مرة أخري</text>
  <text digest="57fe3188ed92a4c4a52f0622231ae8a5">إعادة نشر لوحة العرض الآن</text>
  <text digest="942d4e37dd5607ab68e54755540d4a47">محفوظة</text>
  <text digest="0d0e2934af7d3bc4e7263fcb1f9bc51c">الحصول علي كلمة المرور</text>
  <text digest="20d781bd6c9966b7ea0c9f412e68f8bc">العودة إلي الصفحة الرئيسية</text>
  <text digest="c9cc8cce247e49bae79f15173ce97354">حفظ</text>
  <text digest="f5d6040ed78ca86ddc73296a49b18510">حفظ التغييرات</text>
  <text digest="0bc3427d153784fd483102834aa250ca">رقم الإصدار الخاصة بالسكريبت</text>
  <text digest="5eb6bb157528b365f84c27bb4784031b">الرقم السري</text>
  <text digest="776ce18ce0df318a12121c92afab7279">أختر عنوان أي رسالة إخبارية و ذلك لإجراء تعديل عليها أو حذفها .كما يمكن الضغط علي
&quot;نسخ&quot;
كي تقوم بنسخ نسخة من الرسالة الإخبارية الحالية . كما أنه بإمكانك الضغط علي 
&quot;رسالة إخبارية جديدة&quot;
و ذلك لإنشاء رسالة إخبارية جديدة .</text>
  <text digest="7d1cd83f94cc1b04eaa07df260b0e29d">أختر أحدي الوحات العرض</text>
  <text digest="047feb1823201faa75c7f5c2621ba2e5">أختر طريقة الدفع</text>
  <text digest="6510ea0815f4f5fa90b9d67d87564ea0">أختر قصاصة الرسم الخاصة بك</text>
  <text digest="11a5d0ba5c46912814c0420a82833018">أرسل كلمة المرور إلي بريدي الإلكتروني</text>
  <text digest="15e1bdee49e196d6c9a0f12dda0ef29f">أرسل الرسالة الإخبارية إلي القائمة البريدية الآن</text>
  <text digest="98f9aaca12e8998fc97120d9fc5999b1">قم بالتسجيل الآن</text>
  <text digest="a7d6475ec8993b7224d6facc8cb0ead6">الموقع</text>
  <text digest="22d6a35a4c252115e717adba28374fab">شرح موجز للموقع</text>
  <text digest="668445f09da337d276dc852bb6a0dbb3">أسم الموقع</text>
  <text digest="c79bbde212562ceac1034cebde0ad6d5">حالة الموقع</text>
  <text digest="6f6cb72d544962fa333e2e34ce64f719">الحجم</text>
  <text digest="5a4d5a89d5dca2f301d337f03f4ad92c">ملاحظة : الرمز الخاص باللغة غير صالح</text>
  <text digest="7d102b34bca77d98da5f32fec4e7fe2a">أختر عنوان الموقع الذي سيتم أستخدامه كرابط للقصاصة الرسم الخاصة بك و الذي يجب أن يبدأ ب
&lt;tt&gt;http://&lt;/tt&gt; أو &lt;tt&gt;https://&lt;/tt&gt;.
كما أنه يمكنك أن أردت إضافة تسمية و أبعاد قصاصة الرسم.
في حال لم تعين أي تسمية لقصاصة الرسم فإنه سيتم أستخدام عنوان الموقع الذي توجد في كا تسمية توضيحية لها. كذلك أن لم تعين قيمة الأبعاد
قصاصة الرسم فسيتم أستخدام التسمية التوضيحية أو عنوان الموقع الذي توجد فيه قصاصة الرسم .</text>
  <text digest="ec53a8c4f07baed5d8825072c89799be">الحالة</text>
  <text digest="c7892ebbb139886662c6f2fc8c450710">الموضوع</text>
  <text digest="821cdce7e19008a18c3089781c783249">تأكيد الدفعة</text>
  <text digest="8bf906833cc7aea8084f552217ed9c1d">موقوفة</text>
  <text digest="aeb989922c420dcfd5122b2a23e6d34d">أخبر صديقا</text>
  <text digest="a7ce94417ec99d0de85338df3501176f">أخبر صديقا</text>
  <text digest="da9bf09a31dc2e4345e11e8d90c19320">أخبر صديقا حول</text>
  <text digest="0c1ec80465825af171a2cb9df19ac8d7">أسم النموذج</text>
  <text digest="07c698ab44e79839fee2cb77ec7f6d6b">أدخل النص الذي يظهر في الصرة التالية</text>
  <text digest="94917ab8c61c926e7cb40cfc68cb8928">سيتم أستبدال النصوص التي لم يتم ترجمتها بما يقابلها من المعاني الإنكليزية الموجودة في نفس ملف الإكس إم إل و التي هي علي شكل تعليقات.</text>
  <text digest="40d65b862ec9137f3a34353b6ae36ddd">النصوص التي يجب أن يتم تضمينها</text>
  <text digest="7a7c46aab7e07559c6f7a8b25f2b9ef4">شكرا لك</text>
  <text digest="b315ed055787c0994d8a7b08b2be9244">شكرا لك</text>
  <text digest="e08e65334c09762d91ca607127db9fc9">شكرا علي تحديث حسابك لدينا</text>
  <text digest="f403ac95a07ddae169d88c4833ace3ce">شكرا لك علي طلبيتك !</text>
  <text digest="ff5e09b70599314ffab1a87b4b10112a">يبدو أن عنوان البريد غير صالح</text>
  <text digest="81354618b50973fd80b9cda3fcf7336a">عنوان البريد الإلكتروني هذا غير موجود في الملف</text>
  <text digest="69c25b790a70384d7fba562500ae8d8a">عنوان البريد الإكتروني غير صالح . فضلا أدخل عنوان البريد الإلكتروني الذي سيستخدم عندما يتم بيع قصاصة الرسم الخاصة بك.</text>
  <text digest="8b44ae62f2d1b6a1051557d02c2179d3">لقد تجاوزت المساحة المخصصة لعرض قصاصة الرسم الح الأعلي المسموح به</text>
  <text digest="6f025c174d720dc09eeaed572aca998c">لقد حددت مساحة عرض متداخلة مع مساحة عرض أخري أو أكثر علي لوحة العرض الحالية .</text>
  <text digest="403ba0bbb4d362facc94abcaf0ce1980">أستيراد ملف</text>
  <text digest="0f07bfc547183c196967d44a8876c01d">لا يبدو أن هذا الملف هو ملف صورة يمكن أستخدمه</text>
  <text digest="88388c4c3bf5a6af4c23fd2d8d4f2923">اللغات التالية متوفرة. فضلا أختر أحدي هذه اللغات و ذلك لتحرير الوصف الخاص بها أو لحذفها</text>
  <text digest="b24b44f7fe548b453ac371ce11301a60">لقد حصلت الأخطاء التالية التي لم تكن متوقعة</text>
  <text digest="8bc6239aedc9aabdf85ef7825bb75fbf">يجب أن تكون صيغة ملف الصورة واحدة من الصيغ التالية GIF, JPG,  PNG.</text>
  <text digest="81184dcc378fe2a42ec8c80b61b94144">
 العرض الذي سيتم عرضة حول طريقة الدفع عندما تكون طرق الدفع المختلفة متوفرة.
  </text>
  <text digest="4d31633236d2e82468afd530ca64a224">الملخص المعروض غير صالح</text>
  <text digest="2ea230d21e70a4b1a0764692b1f48846">لم يكن النص الذي أدخلته متطايقا مع النص الموجود في الصورة</text>
  <text digest="4c70e8b708a4072b3aa495b99f6658d7">
  يجب أن يكون عنوان الإنترنت المحدد بادئا ب
  &quot;http://&quot; أو &quot;https://&quot;
  </text>
  <text digest="43a112a006922a0c0a6f6c5a7bcea819">
  لقد حصل خطأ أثناء عملية التحويل هذه.
  </text>
  <text digest="473c68a65e7b4c0f718c24ca82572480">
  هذه الميزة تسمح لك بتغيير حالة مساحة عرض قصاصة الرسم أو المعاملات الأخري الخاصة بها.
</text>
  <text digest="6a6b93c0ba67083cb9aaed5f5fff2698">
هذه الميزة تسمح لك بتغيير كلمة المرور و أسم المستخدم الخاص بمدير الموقع .
</text>
  <text digest="063233c7ddc14c12cc803274c2978852">
هذه الميزة تسمح لك بإنشاء مساحة عرض قصاصة رسم علي إحدي لوحات العرض الخاصة بك. سيتم
&quot;حفظ&quot;
مساحة العرض بشكل مبدئي .لكن بإمكانك تغير حالتها إلي إحدي الحالات الأخري بعد عملية أنشائها.
</text>
  <text digest="524f80b32e3c7e846f94b7c5d775208e">
ستقوم هذه العملية بحذف كافة النماذج التي تمت ترجمتها برمجيا و التي هي موجودة في المجلدات التالية :
</text>
  <text digest="d5b88e6656ce6e5998b9816284fef16b">
ستقوم هذه الوظيفة بتصدير النص الخاص بإحدي اللغات الموجودة في ملف إكس إم إل و ذالك إلي المجلد المسمي
&quot;temp&quot;
 في برنامجك.
</text>
  <text digest="2a71ea143a1405497007e10b7ddc5253">
ستقوم هذه الوظيفة بإستيراد ملفات الإكس إم إل الخاصة باللغات و التي تم تصديرها في وقت سابق و التي تمت إضافة ترجمة إليها .
</text>
  <text digest="ec60db66e736510ba77c8880e8ba9a8c">
  ستقوم هذه الوظيفة بإنشاء قصاصات لوحة العرض مرة أخري و ستضعها في المجلد التالي 
  </text>
  <text digest="1a33eaccf125c602d613dfd2619f1546">
هذه الوظيفة ستقوم بالبحث في نماذج و الملفات المصدرية الخاصة بالبي إتش بي و ذلك للبحث عن النصوص المتعددة اللغات و التي تحيط بها علامة ## من الجهتين مثل :
</text>
  <text digest="8ae96b429400e97874186312dc8be3e7">تم منع عملية التحويل هذه</text>
  <text digest="aa6879ecc77f2c385a23d73aace50fb9">فاصلة الآلاف</text>
  <text digest="b78a3223503896721cca1303f776159b">العنوان</text>
  <text digest="cfd030171f6152237706919d5739fed4">التسمية التوضيحية الخاصة بقصاصة الرسم</text>
  <text digest="88427ec035734b45aae9f7d8859a5008">رقم التحويل</text>
  <text digest="e661b77ea9f3c1a0122aea94ba2c46b7">غير قادر علي إضافة</text>
  <text digest="a2fc4090b280a2a81773dc3f5f0ded55">غير قادر علي إيجاد لوحة العرض التي كانت معروضة من قبل</text>
  <text digest="33c53fb0899e8569ac58219d2060278c">غير قادر علي تحميل الملف إلي مجلد الملفات المؤقتة</text>
  <text digest="ae2bd63c09fb292e212849c554f1d04d">غير قادر علي الفتح</text>
  <text digest="733296967e1fffed81e5e7279443a898">خطأ غير متوقع</text>
  <text digest="aee9784c03b80d38d3271cde2b252b8d">خطأ غير معروف السبب</text>
  <text digest="d5ca088299d5908ca359f17692071761">غير مؤكد</text>
  <text digest="258f49887ef8d14ac268c92b02503aaa">يعمل الآن</text>
  <text digest="46496b1548bc707fb261e7252847afe5">تحديث نصوص اللغة</text>
  <text digest="9440fda7060e2a4b8738b485186f9261">تحديث نصوص اللغة الآن</text>
  <text digest="6e3bc548c6e007af186f4ebf5be80df0">تحديث قصاصة الرسم الخاصة بك</text>
  <text digest="ff5c08e44e4c7a76922a5cd8e0c99e79">
  يمكنك تحميل الصور من الأنواع التالية GIF, JPG,  PNG . سيتم تحويل صيغ كافة الصور إلي النوع التالي PNG كما سيتم ملائمة حجمها مع المساحة المخصصة لها .
</text>
  <text digest="f2174ebd1875527abe46f1fe2782e761">
  يمكنك تحميل الصور من الأنواع التالية GIF, JPG,  PNG . سيتم تحويل صيغ كافة الصور إلي النوع التالي PNG كما سيتم ملائمة حجمها مع المساحة المخصصة لها .
  </text>
  <text digest="1f98842c354dc496970446bce14f4c50">تحميل الصورة</text>
  <text digest="7877a94cbd593dd296e342df78aeb213">حمل صورتك</text>
  <text digest="e6b391a8d2c4d45902a23a8b6585703d">عنوان الموقع</text>
  <text digest="459afb28a6eca8ed130ae2673701da0c">عنوان موقع الإنترنت الخاص بك</text>
  <text digest="a0a1cbfacfb5302f99e1dc3440b548ad">
  قم بالضغط
  &lt;a href=&quot;http://www.loc.gov/standards/iso639-2/englangn.html&quot; target=&quot;_blank&quot;&gt;
   هنا
   &lt;/a&gt;
  و ذلك لمعرفة رقم الكود الخاص بكل لغة حسب المعايير التي وضعتها الآيزو 639-1
  </text>
  <text digest="46eed9a70f2d59210b4034000cc938e0">هل تريد أستخدام الإف سي كيديتور FCKeditor</text>
  <text digest="7dba491977ffd22a9b68d9cf12353355">أتسخدم هذا النموذج لإضافة حساب ل</text>
  <text digest="814df24aafe2a2e88ce6f85134f4dd8d">هل تريد أستخدام الحسابات الخاصة بهذا المستخدم ؟</text>
  <text digest="e55adecd2f6d6a34c281c35189b654ed">الحسابات الخاصة بالمستخدم</text>
  <text digest="1edcdad89b3a2245d759a169da1bf5a3">الرقم التعريفي</text>
  <text digest="92f1b1481fa6ff46c4a3caae78354dab">أسم المستخدم</text>
  <text digest="f9aae5fda8d810a29f12d1e61b4ab25f">المستخدمون</text>
  <text digest="a9647e3663a9e7f4b094d3b9f8e40aa9">التحقق من المتغييرات</text>
  <text digest="3f68e67dc6c397aaa9d1c24c356f754f">تأكيد</text>
  <text digest="9df5e418b69684e9c225bea8bf78f870">تأكيد ؟</text>
  <text digest="522bf35ce3719884885e0e3c6a03f0bf">تحذير !</text>
  <text digest="a750407248427e74c2d7a28eeec8b852">لم نتمكن من التعامل مع طلبك</text>
  <text digest="bedac05f805c4746882e489e78b84f03">ماذا تريد أن تفعل بقاصصة الرسم الخاصة بالمستخدم إذا كنت تريد ذلك ؟</text>
  <text digest="aacc829a685b96825cd2f816658d0085">خطأ أصدره المفسر الإكس إم إل حول</text>
  <text digest="93cba07454f06a4a960172bbd6e2a435">نعم</text>
  <text digest="c642c7a681c3bd55312067aa05185e2a">نعم أريد حذف لوح الرسم هذا</text>
  <text digest="0a795523e2fcfc2df79e52af297d0e1a">نعم أريد حذف هذه اللغة</text>
  <text digest="9f7194f7ec9dfb7937e3cbea3d042c48">نعم أريد حذف هذه المادة</text>
  <text digest="608e8153c8e49a1ef7c2c38f8ef7c1e7">نعم أريد حذف الرسالة الإخبارية</text>
  <text digest="936ea009ed99dd34ca517e708869f93a">نعم اريد حذف الحساب الخاص بـ</text>
  <text digest="27fcbc851fea2ec63719e998b88f9793">أود حذف هذه المساحة</text>
  <text digest="4dbf7624e437cd4711e5d77ce24ed154">نعم أود تبديل الملف القديم بالملف الجديد</text>
  <text digest="b4eb4e49176872cff5d0d58129a9336b">يمكن أن تستورد جميع النصوص كما أن بإمكانك أستيراد النصوص التي لم تتم ترجمتها فقط. و بعد أكمال عملية الترجمة يمكنك أستيراد ملف اللغة مرة أخري بواسطة</text>
  <text digest="16cdce413f6e657526f53c48bde7aff6">تحتاج إلي تصدير ملف اللغة عبر أستخدام</text>
  <text digest="adfd19e0fe33a9752f0e39596b38303a">يجب أن تشغل</text>
  <text digest="5ac272b74089a85e706873a025f1f929">سيتم إرسال بريد إلكتروني إليك يحتوي علي تعليمات مختصرة تشرح لك طريقة تحديث قصاصات الرسم الخاصة بك</text>
  <text digest="a0623b78a5f2cfe415d9dbbd4428ea40">حسابك</text>
  <text digest="e868dd111353d296c2a78c9808c21337">تعليقاتك</text>
  <text digest="26437b002b58282199ab6818edee7bcf">رقم تنشيط حسابك هو</text>
  <text digest="acbd4f68b2ca837345b216b38e418b22">تفاصيل حسابك هي</text>
  <text digest="890c49344604346a2ae9ff5c700c2845">عنوان البريد الإلكتروني الخاص بك</text>
  <text digest="817b8002b596344349ad2a2f44c066c7">لا يبدو أن بريدك الإلكتروني هو بريد مسجل لدينا</text>
  <text digest="c49c70de9f24981a975d0c3dd6f6ec35">البريد الإلكتروني أو كلمة المرور أحدهما غير صحيح</text>
  <text digest="ce1f86955fbfd05ab0622d04458dd680">سيكون عنوان بريدك الإلكتروني هو أسم المستخدم لحسابك</text>
  <text digest="7d8ac38c5db6ff413900f295797695fe">عنوان البريد الخاص بصديقك</text>
  <text digest="174fc8804f98a6ee65c3d24c8779a142">يبدو أن عنوان البريد الخاص بصديقك غير صالح</text>
  <text digest="29a313aaac4e35189ba323153d8b91cb">صورتك</text>
  <text digest="71cb324233a6412bfff64c2530b54911">لقد تم إرسال تفاصيل حسابك الخاصة بكلمة المرور و أسم المستخدم إلي بريدك الإلكروني</text>
  <text digest="614cffa523202658a898e34a5d94d05e">أسمك</text>
  <text digest="df15356c756aed37b001685b36c45b69">قصاصات الرسم الخاصة بك</text>
  <text digest="b9fe0b9250a8d4d3d21fd4885af235f9">لقد تم تحديث قصاصة الرسم الخاصة بك و شكر لك</text>
  <text digest="0bb1b513ccc003593dc4f6118f919e82">كان البريد الإلكتروني الأول الذي أدخلته غير متطابق مع البريد الإلكتروني الثاني الرجاء إدخال بريدين إلكترونيين متطابقين</text>
  <text digest="4b3f3b3f711d814c0820e2c6bbdea119">كلمتي المرور التين أدخلتهما كانتا غير متطابقتين الرجاء إدخال كلمتي مرور متطابقتين</text>
  <text digest="38b235bcc8fc76c2f9f4853912365580">لقد تم إرسال طلبك إلي</text>
  <text digest="9e4c86c49f0ef3e9f73ae04e314d574e">أختيارك</text>
</language>
