<?xml version="1.0" encoding="utf-8"?>
<language code="fr" name="French" decimal_sep="," thousand_sep="?">
  <text digest="f679fc5558402f85339ec5a7e47a2d65">(0-100, 0=pas de changement)</text>
  <text digest="237904cc5ea18e8ead0cf8798c8bb584">(0-100, 0=opaque, 100=transparent)</text>
  <text digest="2cfe6c6ee7bf12671c84a2b601ee7e61">(Laissez libre pour garder le mot de passe actuel)</text>
  <text digest="6f0646d61d342cf041668c1b3aabf257">(Au minimum 5 caractères sont obligatoires)</text>
  <text digest="68cc3e8d8723a18074c321b0394971b7">(une adresse par ligne)</text>
  <text digest="3ad51f84f9fcd139c484b9657449fc6a">(RRGGBB digits hexadécimaux)</text>
  <text digest="c7ff15f8e20c78720107f6bb411b3903">0=pas de limite</text>
  <text digest="e3f7f54834cb55663cfc8daa3e1296da">&lt;strong&gt;Note:&lt;/strong&gt; Du à des limitations du parser XML de PHP, le fichier XML &lt;strong&gt;doit&lt;/strong&gt; être encodé en UTF-8.</text>
  <text digest="294c070625c56242b19a20468cf07e89">Une URL est requise</text>
  <text digest="08bd40c7543007ad06e4fce31618f6ec">Compte</text>
  <text digest="3771bf858c98d52dbc5d250dd1f4e72f">Détails du compte</text>
  <text digest="004bf6c9a40003140292e97330236c53">Action</text>
  <text digest="4d3d769b812b6faa6b76e1a8abaece2d">Actif</text>
  <text digest="a5dac79ddad1cbdb8b60c5b347ee047e">Dimension courante</text>
  <text digest="982efc929531febc7ddd68c5ffd9cdcd">Ajouter un commentaire</text>
  <text digest="365b7e8763e8438d42db3f1f4025074d">Ajouter une grille</text>
  <text digest="1e22f543ce92434613f8518ea3b3d5ee">Ajouter une langue</text>
  <text digest="a508cd6ee07b35ea8efdf98d6520ce83">Ajouter le commentaire</text>
  <text digest="1a41181f428efff363c6711afd3cbaae">Ajouter votre traduction après le commentaire (mais à l'intérieur de l'élément</text>
  <text digest="56cc559d234df2ffabc88b8926592264">Administration</text>
  <text digest="7258e7251413465e0a3eb58094430bde">Administration</text>
  <text digest="98aa505f420487b8d46ba6c92535060f">Zone d'administration</text>
  <text digest="2e7f473229466aab583b6a5b6c12944b">E-mail de l'administrateur</text>
  <text digest="0b8b4e972d0c2d2023c02e036e50ed6e">Adresse e-mail de l'administrateur</text>
  <text digest="2b996dca68382a098fd21e100119868b">Login de l'administrateur</text>
  <text digest="b1c94ca2fbc3e78fc30069c8d0f01680">Tout</text>
  <text digest="717985ca4705973c8e2bcc24f731e685">Autoriser les commentaires du blog</text>
  <text digest="102779676feeffd385f7038542c05441">existe déjà</text>
  <text digest="0208315ed9010b3aa21e0602b80ff5aa">Valeur tag ALT</text>
  <text digest="c1fd3564fa7e4c04ff48aa628b7a1d4f">Valeur tag ALT pour vos pixels</text>
  <text digest="b2f40690858b404ed10e62bdf422c704">Montant</text>
  <text digest="0cd5a075b4d373a7cdfef5ef970a9905">Un compte avec cette adresse e-mail existe déjà.</text>
  <text digest="4df0983b5f0fef389ff6dde220a2fa00">Un e-mail contenant les instructions d'activation de votre compte a été envoyé.</text>
  <text digest="256dc5b24a8bff2be45053611b5d7688">et toutes ses régions associées</text>
  <text digest="44ad1813bccc5fe8f24b7143f1a720e5">et toutes ses textes associés</text>
  <text digest="33e022c6f0615ded20209d196ba220bd">Article no</text>
  <text digest="dd183cda820de726fe770720317eb6af">Assigner à l'administrateur</text>
  <text digest="9159e8b2505e7aa3112e8d92d5bcd662">Tentative d'effacement d'une ligne non sauvée</text>
  <text digest="d2eb444e35c0a71f0a85df8194acb5b6">.</text>
  <text digest="a517747c3d12f99244ae598910d979c5">Auteur</text>
  <text digest="78945de8de090e90045d299651a68a9b">Disponible</text>
  <text digest="75e7422f2fe253fc69d3f6c148d197ee">Couleur de fond</text>
  <text digest="abd809c9e3c1c08e97740f86b8ceabfb">Image de fond</text>
  <text digest="be8df1f28c0abc85a0ed0c6860e5d832">Blog</text>
  <text digest="d3f12f6a2441abf9154561d5511cf99a">Commentaires du blog</text>
  <text digest="ac101b32dda4448cf13a93fe283dddd8">Corps</text>
  <text digest="97b962852e8f5605148f7bb114e90388">Libellé du bouton Acheter</text>
  <text digest="30bb48edbb3180b4f158b54154390aca">Acheter &gt;&gt;</text>
  <text digest="8e4ccc20183151e99e9169d9c9d832a7">Impossible d'effacer la langue par défaut</text>
  <text digest="c0f9c6715531c64943f20597714f075c">Image CAPTCHA</text>
  <text digest="8f1e77e0d2be21da93cd4d9a939148f7">Changer le mot de passe</text>
  <text digest="a1a54fabe4d39a33de432c5bcea2a7a4">Changer à 'Vérifié'</text>
  <text digest="9c3cc01fe422f094cbb1e0cc31a53224">Changer le nom d'utilisateur/mot de passe</text>
  <text digest="90052c651c8ee6972bb05e44396ed4a5">Choisir une autre méthode de paiement</text>
  <text digest="a3b294b172203e5d3cb2840963612ea9">Effacer les templates compilés</text>
  <text digest="a2185b84cb564de630c6d371938bd55f">Effacer les templates compilés maintenant</text>
  <text digest="17738df6781b3f3af8dc83fbf55e6493">Effacer le status d'erreur</text>
  <text digest="1357e394106c1adabf10aba7b3bbc3b3">Effacer l'image</text>
  <text digest="1e3708f8221705fb1a889efb229b6035">Cliquez et glissez votre souris pour sélectionner une région de pixels.</text>
  <text digest="0df37c3395fea64e33cd4f1670428a7a">Cliquez sur un site pour mettre à jour vos pixels</text>
  <text digest="cbdb553aaace16e77bb205e9bc3375ef">Clics</text>
  <text digest="1976d7f704de389d9fe064e08ea35b2d">Colonne</text>
  <text digest="0be8406951cdfda82f00f79328cf4efc">Commentaire</text>
  <text digest="ba280a9b71dfa9bc4fd987ea66295100">Commentaire(s)</text>
  <text digest="8413c683b4b27cc3f4dbd4c90329d8ba">Commentaires</text>
  <text digest="e14891a26424266ae9fed563cd6db1fe">Commentaires sur on</text>
  <text digest="be7046a84bd4e51e5100b4751a016147">Les templates compilés ont été effacés avec succès.</text>
  <text digest="07ca5050e697392c9ed47e6453f1453f">Terminé</text>
  <text digest="f1206f9fadc5ce41694f69129aecac26">Configurer</text>
  <text digest="ac00a91889d65fde368168c9ff6d3cf6">Configurer le module de paiement</text>
  <text digest="413e8eec79fec581e1be288e893e0cb9">Confirmer le paiement</text>
  <text digest="205bc73c4ab4286a1fb9d4c18322777c">Confirmé</text>
  <text digest="a0bfb8e59e6c13fc8d990781f77694fe">Continuer</text>
  <text digest="c884b1a5c353df470b30ffe6d42f9f2b">Créer un mot de passe</text>
  <text digest="739405e73cc9f2e323506440d0883734">Créer un compte</text>
  <text digest="3e09ef3ed19172303d8d36354e509284">Créer des images entrelacées</text>
  <text digest="cc7f8622005b8863ec2699a204a0ebc3">Créer des images palettes</text>
  <text digest="aeb0751452ff345883daec1aa25de87c">Créer une région</text>
  <text digest="0eceeb45861f9585dd7a97a3e36f85c6">Création terminée</text>
  <text digest="4dc7aa6ddf532ae536da360ea389430f">Numéro de vérification de la carte de crédit</text>
  <text digest="5e038f03415db5461c13d380469436cb">Numéro de la carte de crédit</text>
  <text digest="9dc0432a5467a0c376999d3c0f916244">Propriétaire de la carte de crédit</text>
  <text digest="ccc4262fa6d8d0e05bd79fb58c52e66d">Type de la carte de crédit</text>
  <text digest="94cebe752e18a99e25477a437d006771">Symbole monétaire</text>
  <text digest="4bc28f132d571b160ba407e143915de2">Mot de passe actuel</text>
  <text digest="de777c62ae5555f733a06f3ca8afeaf8">Erreur de la base de donnée</text>
  <text digest="44749712dbec183e983dcd78a7736c41">Date</text>
  <text digest="ba989292c988a2d8cc2131b51e13de72">Date de création</text>
  <text digest="23f255aef8a8833fbb07a91987d1a42f">Date postée</text>
  <text digest="29ee8c149301d3cd854208ce0a542ee5">Séparateur de décimale</text>
  <text digest="22fd15787bc9a2ab3961b3d9b55b373e">Une version du corps du texte dans la langue par défaut est requise.</text>
  <text digest="9c7382acaa0eff647b9d54d741f97a0e">Une version du titre dans la langue par défaut est requise</text>
  <text digest="f2a6c498fb90ee345d997f888fce3b18">Effacer</text>
  <text digest="4d5362989c7c72cae7b54c0f0b8cc97f">Effacer l'article du blog</text>
  <text digest="ca586ff7ae16cd0e4783f5e969bdabf1">Effacer la grille</text>
  <text digest="7ef5e8668303d811f813e8cfee0ba56c">Effacer la langue</text>
  <text digest="d000c412d028411920210a16a1ad5acc">Effacer la lettre d'information</text>
  <text digest="a8d4361ae1587818d8a5d032c6db9a59">Effacer la région</text>
  <text digest="6ac9a034dc3a8b4cf5a3902d2b7755d4">Effacer tout</text>
  <text digest="f8a2cff100250140c8bde8d55fa3c959">Effacer le commentaire</text>
  <text digest="11250a0cf71313e83d01bb2ff9bd49e1">Effacer le compte utilisateur</text>
  <text digest="226d815cf7520958de31ee454ac187e1">L'effacement d'une grille provoque la perte de &lt;strong&gt;TOUTES&lt;/strong&gt; les régions associées à cette grille.</text>
  <text digest="dd2e9661c1742b1362fde903f702cba5">L'effacement d'une langue provoque la perte de &lt;strong&gt;TOUS&lt;/strong&gt; les textes associés à cette langue.</text>
  <text digest="703bd0f92eab5c26660442bca97a9af2">La nouvelle va être effacée de la base de donnée de manière permanente.</text>
  <text digest="d6f727e8bc3b9834fa00154b53d4c9cd">La région va être effacée de la base de donnée de manière permanente.</text>
  <text digest="5cdb92717822689c27dbef1e9031fc8e">Le compte utilisateur va être effacé de la base de donnée de manière permanente.</text>
  <text digest="d41fc32cf752b30eaa4952c3ce024201">L'article va être effacé de la base de donnée de manière permanente.</text>
  <text digest="8de083bc06a2e250e4899eb953fffdef">Décrivez vos pixels</text>
  <text digest="e5cfc515f312c9e85f367e9854d9963e">Digest</text>
  <text digest="a51bc38545605e56fa2fc6f529935664">sont montrés</text>
  <text digest="fb24df5535e7d367bab0b56f4ce8e661">selon la région actuelle.</text>
  <text digest="bcfaccebf745acfd5e75351095a5394a">Désactiver</text>
  <text digest="296993584750e6ab52793cf0e6fbe27a">Ordre d'affichage</text>
  <text digest="d014344ae4d89aad4137a16ad6a74f69">Désirez-vous écrasez ce fichier?</text>
  <text digest="b78ae460675b4d19661913e11951f4aa">n'apparaît pas être une adresse valide</text>
  <text digest="d7e210d720545ec137ea7062c59490e8">n'apparaît pas être une adresse e-mail valide</text>
  <text digest="a5f61298da21626d0f490ebd06ecd811">Vous n'avez pas encore de compte?</text>
  <text digest="29d0abeab115c63faaf7fc2a3c9cc5ed">Fermé pour maintenance</text>
  <text digest="ec585a5e4095d996807fc89d55755798">Identificateur de paiement non unique</text>
  <text digest="082e55a73f10496681c84231dc1c88f7">E-mail</text>
  <text digest="185d23ff9526ad93077a1c9ad5ed26a2">Adresse e-mail</text>
  <text digest="f510776e5c9ba250fcf3ee60e7fe78c8">L'adresse e-mail est requise</text>
  <text digest="6505425433576237024e3046506a2f4e">Adresse(s) e-mail</text>
  <text digest="6b27673aa75d2ca88ad746e7512fcdca">Editer un article</text>
  <text digest="002a3919156b671a6f64e44d0fbf2793">Editer un template e-mail</text>
  <text digest="6259df978c6b6ade43b9610b12ceca8a">Editer une grille</text>
  <text digest="8f6e92037361563f553e283b1cbc139a">Editer une langue</text>
  <text digest="7de2efab88c509281ba6f5770bb786ce">Editer une lettre d'information</text>
  <text digest="c3c35fbb4b93e280434acb72888c9667">Editer l'historique de paiements</text>
  <text digest="2961b2d8f45b1c45a5fe74f0284273de">Editer une région</text>
  <text digest="2d4aa0297eaffa9eb6d33cad1f1ba38b">Editer un compte utilisateur</text>
  <text digest="582c365f0918d19bfe0ded51281ebc8e">Editer votre profil</text>
  <text digest="bdfc5da748534e04c57746d7ea0ed351">l'élément ne correspond pas à la langue à importer</text>
  <text digest="49c3ba4130a88f7ab532f142fba92efe">). Vous ne devriez enlever les délimiteurs de commentaires que si vous désirez utiliser le texte en anglais comme traduction. Il n'est pas conseillé d'ôter ni de changer l'attribut</text>
  <text digest="1fecaa43ef33ed8ede57c234d2016e4b">ayant des commentaires non-vides seront importés. Les textes en anglais dans les commentaires XML seront ignorés</text>
  <text digest="ce8ae9da5b7cd6c3df2929543a9af92d">E-mail</text>
  <text digest="e958bee302ce77cb42982784cb7529ae">Format de l'e-mail</text>
  <text digest="c143a6b696f32a8cb3aec51f15435239">Templates d'e-mail</text>
  <text digest="2faec1f9f8cc7f8f40d521c4dd574f49">Activer</text>
  <text digest="e472d07f9c5160054406659749857591">Entrez les dimensions de la nouvelle grille. Une fois la grille créée, ses dimensions ne peuvent plus être changées. Vous pourrez changer les autres paramètres de la grille à la prochaine étape.</text>
  <text digest="4440c0be08f987170f74405f2fabc6a6">Entrer votre adresse e-mail</text>
  <text digest="a72ac3935e10f07971dc6934557ef6ca">Entrer votre adresse e-mail</text>
  <text digest="902b0d55fddef6f8d651fe1035b7d4bd">Erreur</text>
  <text digest="072d0ff589d26935fcb26469fe880bf5">Erreur?</text>
  <text digest="5ef0c737746fae2ca90e66c39333f8f6">Erreurs</text>
  <text digest="2aef74ba8cae1f8c81d9e38ad08210f3">Identificateur attendu</text>
  <text digest="652ae06667a8dcee10bf4f69d14cac28">identificateur attendu</text>
  <text digest="90bd4d50d8cd2351aedaadb54aca3205">Exporter tous les textes</text>
  <text digest="f284bb28034af699d1206d2cc04c8bd9">Exporter tous les textes</text>
  <text digest="63f1df06278dd9eb5e07a2ae75e66d08">Exporter tous les textes</text>
  <text digest="8b04d5e3775d298e78455efc5ca404d5">d'abord</text>
  <text digest="bdfab27698872612a30a2ad26368cef9">d'abord si vous ne l'avez pas déjà fait.</text>
  <text digest="bc910f8bdf70f29374f496f05be0330c">Prénom</text>
  <text digest="c6631869fbb1e424e58bf74cdbc387cc">Le prénom est requis</text>
  <text digest="5188c95fcfc3875a0554aaa564278507">Perdu votre mot de passe?</text>
  <text digest="b24ce0cd392a5b0b8dedc66c25213594">Gratuit</text>
  <text digest="8be74e315d95cf330323b8fd56e82653">Achetez des pixels</text>
  <text digest="5174d1309f275ba6f275db3af9eb3e18">Grille</text>
  <text digest="610930c7ebefa254adf1b54173302149">Description de la grille</text>
  <text digest="e7ada0a0fe0f6526f47f0b3febc6c622">Hauteur de la grille</text>
  <text digest="d2bc02659318db2da688b38ff330e374">Nom de la grille</text>
  <text digest="7663ae33dc58d5c765bdbcafc202cfa6">Titre de la grille</text>
  <text digest="147ba37d1b04b43e4fa445a65b72e640">Largeur de la grille</text>
  <text digest="268409e5f6aa5240754cd811eb2055b9">Grille(s) publiée(s) avec succès.</text>
  <text digest="1aa4d06e8e68435726ccfab06f17ed4c">Couleur des bordures de la grille</text>
  <text digest="bebd00372b825306ad52eb7689461ae6">Transparence des bordures de la grille</text>
  <text digest="e985db04b7808550d0276a72890ded91">Grilles</text>
  <text digest="cc72b836bde0c046cd09151316b4aedf">ont été exporté vers</text>
  <text digest="9ac6f89f824e9679c85ead5d1d33f494">ont été importé de</text>
  <text digest="8cf04a9734132302f96da8e113e80ce5">Accueil</text>
  <text digest="4c4ad5fca2e7a3f74dbb1ced00381aa4">HTML</text>
  <text digest="490aa6e856ccf208a054389e47ce0d06">Identificateur</text>
  <text digest="1dc2fb4c9d0bd771d956a75a07c7e6ae">Si vous possédez déjà un compte, vou pouvez</text>
  <text digest="d507f81279d3dd09ee13c718820eb75c">si vous désirez nous contacter au sujet de cette transaction.</text>
  <text digest="be53a0541a6d36f6ecb879fa2c584b08">Image</text>
  <text digest="323126045a230b218de6ebd6a53fb7f8">Fichier image</text>
  <text digest="bb10b1837ff0698fd821afedbfdd6a66">Facteur d'éclaircissement de l'image</text>
  <text digest="712bd47cf0934a7240b43b79d9f0667f">Importer tous les textes</text>
  <text digest="e756487927dd90f1e390f5e37728011c">Importer tous les textes</text>
  <text digest="8dee49165153fc68ffacb5f7f7bf9a3a">au lieu de</text>
  <text digest="dbf373dd3565accf2d2fd19700f6a5ae">Action non-valide</text>
  <text digest="6e659c47c94d1e1dc7121859f43fb2b0">Adresse e-mail non-valide</text>
  <text digest="662bba18b2ddcc9c1839c2229ef25c04">Valeur email_key non-valide</text>
  <text digest="9c10994e78fa30b3fedebecbf545a0a4">Valeur module_key non-valide</text>
  <text digest="578f377f078ccbccfe26ea07184460e4">Nom d'utilisateur ou mot de passe non-valide</text>
  <text digest="cde17aa92ac50788ad11b07bf1dc3fdc">est actuellement fermé pour maintenance. Nous vous remercions de revenir plus tard.</text>
  <text digest="0a5fa53f3f20f67f98bd6c3b16df059d">est requis</text>
  <text digest="d5b4d696faf96035dadc0a5511ec0202">Textes pour la langue</text>
  <text digest="273d4de0292e898b50f9057a136b250d">Langue à exporter</text>
  <text digest="36aed4d2adb24c429f2730acae8995be">Langue à importer</text>
  <text digest="32e24b0772629ec41145845076f2f172">Code de la langue</text>
  <text digest="f40309c7972d85f25b031d3e131f4e21">Nom de la langue</text>
  <text digest="911b64dd7764a81f683994d1ea5774d3">Support de la langue</text>
  <text digest="d4cb0947a71dfcaa0460d8fd3b42ba9c">Les textes de la langue ont été mis à jour avec succès.</text>
  <text digest="77587239bf4c54ea493c7033e1dbf636">Nom de famille</text>
  <text digest="e51b62746c48b9311ae857890adb70ba">Le nom de famille est requis</text>
  <text digest="6691dace894a729d5f820d2385c9e30f">Laissez libre pour garder l'adresse actuelle</text>
  <text digest="ed0028074cce914a81c423192f4db197">Laissez libre pour garder le mot de passe actuel</text>
  <text digest="4803e6b9e63dabf04de980788d6a13c4">Ligne</text>
  <text digest="ce5bf551379459c1c61d2a204061c455">Lieu</text>
  <text digest="3bbbad631029e3575da7a151bba4f37c">S'identifier</text>
  <text digest="2267c8f720278846a7d5098e38dc4bc9">S'identifier maintenant</text>
  <text digest="b0c2b25b3312c7a32d7aa9d701b6ae1d">Se déconnecter</text>
  <text digest="99dea78007133396a7b8ed70578ac6ae">Identification</text>
  <text digest="0323de4f66a1700e2173e9bcdce02715">Déconnexion</text>
  <text digest="ab5b979f7bc8c846b49e736bb8bc890a">Désactiver la loupe</text>
  <text digest="10bf5d79406f984de7f857e8377eb640">Activer la loupe</text>
  <text digest="290267b42926ffd9c4012025c7e7bfdb">Maintenance des grilles</text>
  <text digest="4da1d963b8a0f7e9c699d38a2a40ea90">Maintenance des langues</text>
  <text digest="ee3715bb2ddfb3c05d5a1049d2adf71e">Maintenance des régions</text>
  <text digest="1305ea717a13a41743beebc1804d538a">Maintenance des paramètres</text>
  <text digest="8d8cc5c9e9d56cdb0736658e9ba3f10f">Hauteur maximale d'une région</text>
  <text digest="97f04b260655a4d308b5e92f3d180cdd">Largeur maximale d'une région</text>
  <text digest="457add0e51960b82ece5a58dbd77fc59">Fusionner les adresses:</text>
  <text digest="4c3880bb027f159e801041b1021e88e8">Méthode</text>
  <text digest="e55f75a29310d7b60f7ac1d390c8ae42">Module</text>
  <text digest="6bc362dbf494c61ea117fe3c71ca48a5">Déplacer</text>
  <text digest="bfe40d134c486fdca406470f14dd9165">doit être &gt;= 0</text>
  <text digest="4b6aa34a50f26e2467e5a35c2ae06247">doit être un multiple de</text>
  <text digest="006472a83fd02e2b94fe0a57b711f6a6">doit être une chaîne de six caractères hexadécimaux</text>
  <text digest="e9b3b28bb29b162e2f0f464a923e0e7f">doit être un nombre entier</text>
  <text digest="45e45c524ab0f6767ff5557e3d12a45c">doit être entre %s et %s</text>
  <text digest="49ee3087348e8d44e1feda1917443987">Nom</text>
  <text digest="2816b5c8a6d091b92e2a8225d38187b1">Nouvel article</text>
  <text digest="b4b5a594db37ac41771ac560e065d25a">Nouvelle adresse e-mail</text>
  <text digest="59b53c186d2f13dc1824484fb58e112c">Nouvelle grille</text>
  <text digest="c8bd41f5d0c0d9b5ecb3b2078bcb8726">Nouvelle langue</text>
  <text digest="48f4d45876bb72765da898c88716915d">Nouvelle lettre d'information</text>
  <text digest="ae3bb2a1ac61750150b606298091d38a">Nouveau mot de passe</text>
  <text digest="fdde48f3e6b48ff72d35274886b96be8">Lettre d'information envoyée avec succès.</text>
  <text digest="31a5a1743892bdd5a8d76f11666e6e34">Lettre d'information à envoyer</text>
  <text digest="d04ccf61aef8e1107d25b84cf8e37d55">Lettres d'information</text>
  <text digest="bafd7322c6e97d25b6299b5d6fe8920b">Non</text>
  <text digest="a2519dd09f48ea0c3b48cc3508f4b813">Aucun fichier XML de langue n'a été trouvé dans</text>
  <text digest="a944690800dd22e1e0051b477ae699a9">Aucun paiement trouvé</text>
  <text digest="459dfbb7f44151c96311b134ec1b9148">Aucun paiement n'est nécessaire. Sélectionnez &quot;Continuer&quot; pour créer vos pixels.</text>
  <text digest="0f542d33bb0c412c7c0db5bcd9b88be7">Aucun paiement nécessaire</text>
  <text digest="0af453b8ad0f94a2b18912678bb335f0">Certains textes n'ont pas pu être importés</text>
  <text digest="d8f4a1993546cc4b850cde3599e27aec">introuvable</text>
  <text digest="f4c6f851b00d5518bf888815de279aba">Notes</text>
  <text digest="8392461cf759088854e16710b9b75d1a">Seulement tous les éléments</text>
  <text digest="850068ca05fab9932deb436fcc2f51c0">Seules les langues pour lesquelles un fichier XML existe dans</text>
  <text digest="285c71407955765dd84cd3e7a55daf4d">Ou, sélectionnez l'une des images prédéfinies ci-dessous:</text>
  <text digest="6311ae17c1ee52b36e68aaf4ad066387">Autre</text>
  <text digest="3f70f03550aca2dc979d186e3c9d75e1">Paramètres disponibles</text>
  <text digest="dc647eb65e6711e155375218212b3964">Mot de passe</text>
  <text digest="4a9c16cd3b4e937464aeec7d67dbf67a">Le mot de passe doit contenir au moins 5 caractères</text>
  <text digest="06df4bfdd9e2861a328b6a0a60295a96">Mot de passe envoyé</text>
  <text digest="b06c5ecc37b9cd61a0cab0534ed1f15d">Erreur de paiement</text>
  <text digest="91a1bd08a417cbd1ce9ee50d8c67bab6">Historique des paiements</text>
  <text digest="1e63d1811556fc2dad106dcbd4217a69">Identificateur du paiement</text>
  <text digest="8b34365831eadc0f27586c35fb2c5d91">L'identificateur du paiement n'est pas initialisé</text>
  <text digest="707436a5aa13b82a4d777f64c717a625">Méthode de paiement</text>
  <text digest="6cbce829ab8d77328a5e093efc071dab">Modules de paiement</text>
  <text digest="a9afb81f203651728b321a2d316d24bc">Paiement incomplet</text>
  <text digest="daef64964ee3b9b904f5d467586e217f">Paiements</text>
  <text digest="2d13df6f8b5e4c5af9f87e0dc39df69d">Pendant</text>
  <text digest="fe3838c7c11aa406dd956566e17360d5">par</text>
  <text digest="4b4ebf8bc3adee2af4f8a818e98eaadd">par bloc de</text>
  <text digest="c399ace8bdd28dcb36190197ed8d1810">par pixel</text>
  <text digest="2338c4450e3e37e94c766b6f3a117add">block de pixels</text>
  <text digest="dc0981bf1c3a58ee19a694d2d924e507">Liste des pixels</text>
  <text digest="b806b636baef257e5e767c04b6aa9d93">Propriétaire de pixels</text>
  <text digest="c3d2f5d37334dc978fd8b17fc77408a1">Pixels</text>
  <text digest="d399848208da8b80a306af0fd62bb03f">pixels</text>
  <text digest="aa96728344423187c7477819cdb2600d">pixels (doit être un multiple de</text>
  <text digest="94c9c74f6bda44f4e749215cc1629178">Pixels vendus</text>
  <text digest="88831291c9aab03e0f3e4304e02fd34c">pixels; doit être un multiple de</text>
  <text digest="e44b145bd8b49b06e0ad2ced1ad56466">Texte</text>
  <text digest="27e4596406eff1a65381806facfd75aa">Veuillez confirmer les détails du paiement ci-dessous:</text>
  <text digest="c8f84ddee81641eb502c98df915dac05">Veuillez créer un mot de passe d'au moins 5 caractères</text>
  <text digest="3066d74f56ce60e0d9d7c33b63f49ec9">Veuillez entrer au moins une adresse e-mail</text>
  <text digest="393d545b14b8865c4121a3ccc58e9db9">Veuillez entrer votre adresse e-mail</text>
  <text digest="90c599e1aba75b071b31c68e0cc7c46e">Veuillez entrer votre adresse e-mail</text>
  <text digest="396174fcd62305830c9f0d78ace8e38c">Veuillez entrer l'adresse e-mail utilisée lors de votre achat de pixels pour confirmer votre identité.</text>
  <text digest="b7c0f5c88cb24f6f957d16a141f7b35f">Veuillez entrer votre adresse e-mail de manière à ce que nous puissions vous contacter au sujet de vos pixels. Nous vous enverrons à cette adresse un lien spécial que vous pourrez utiliser pour changer votre image, votre URL ou votre titre.</text>
  <text digest="67372fd578db62fc68dace10251b0cda">Veuillez entrer votre adresse e-mail.</text>
  <text digest="d204f77cee6364285eac4a5c619ef398">Veuillez entrer votre prénom</text>
  <text digest="a4cd68d07493873243dccd63aa7ba0a7">Veuillez entrer l'adresse e-mail de votre ami.</text>
  <text digest="355f1b7d95d1b0e67b2c3e6425766f21">Veuillez entrer votre nom</text>
  <text digest="3bcf2f9ff620e72576bba9dadd0570fa">Veuillez entrer votre nom.</text>
  <text digest="94afdae0167fe5386318343db5da4c84">Veuillez garder ce numéro au cas où vous devriez nous contacter au sujet de vos pixels.</text>
  <text digest="54ddd162c77ceb6a136f831456c16e27">Veuillez vous identifier avant de continuer</text>
  <text digest="c7f1380a005a2b5100f310ab02add80b">Veuillez vous identifier pour accéder à votre compte</text>
  <text digest="b6acebbdd243e7db2506aee7f05c0f2a">Veuillez fournir le numéro de référence</text>
  <text digest="1e0c97491f44d9f69e5753ba75e0d5f3">Veuillez sélectionnez une langue</text>
  <text digest="cc6c0386db75e53308201df2586b835c">Veuillez sélectionnez une région</text>
  <text digest="995f77fbdf7d044301a412148f180220">Veuillez sélectionnez l'une des fonctions disponibles sur la gauche.</text>
  <text digest="0c5cb0cc4d9883b800c5a7f89dea16c0">Veuillez charger un fichier valide.</text>
  <text digest="60cc25cace35df4995d399983cc18cc3">Articles précédents</text>
  <text digest="3601146c4e948c32b6424d2c0a7f0118">Prix</text>
  <text digest="f2c12ae14393ffc83551d56f32bb03cc">Prix:</text>
  <text digest="760d643b436dc8b45291ac8a9e490584">Entrez à nouveau l'adresse e-mail</text>
  <text digest="61ee91f7c2163418ca2682083b030685">Entrez à nouveau l'adresse e-mail</text>
  <text digest="b7b5c6d6b7bf1a7d9a4129ed8d08e81b">Entrez encore une fois le nouveau mot de passe</text>
  <text digest="67589722e4f4bbe6aa7c843d1de2dff9">Entrez à nouveau le mot de passe</text>
  <text digest="7f547bae34e148f552c6dc4e0601ec1c">Entrez à nouveau l'adresse e-mail</text>
  <text digest="1a4bf7b868e3d052692955fe17c303cd">Entrez à nouveau votre mot de passe</text>
  <text digest="cc32a5ae9823284e6dccefcde24902d1">Autorisation requise pour les régions?</text>
  <text digest="8b1fd00c74b7679cb1bd405a861b9236">identificateur de région</text>
  <text digest="5948f3347ebc02ebc690227c059661e1">Régions</text>
  <text digest="5dec156b63fee20ec9d84d44e5cebebd">Remplacer l'image</text>
  <text digest="f9e88481552d37c3c5199d869f55d43d">Republier à nouveau les grilles</text>
  <text digest="57fe3188ed92a4c4a52f0622231ae8a5">Republier les grilles maintenant</text>
  <text digest="942d4e37dd5607ab68e54755540d4a47">Réservé</text>
  <text digest="0d0e2934af7d3bc4e7263fcb1f9bc51c">Récupérer le mot de passe</text>
  <text digest="20d781bd6c9966b7ea0c9f412e68f8bc">Retourner à la page d'accueil</text>
  <text digest="c9cc8cce247e49bae79f15173ce97354">Sauvegarder</text>
  <text digest="f5d6040ed78ca86ddc73296a49b18510">Sauvegarder les changements</text>
  <text digest="0bc3427d153784fd483102834aa250ca">Version de script</text>
  <text digest="5eb6bb157528b365f84c27bb4784031b">Clé secrète</text>
  <text digest="776ce18ce0df318a12121c92afab7279">Sélectionnez la lettre d'information à éditer ou à effacer. Sélectionnez le lien &quot;Copier&quot; pour créer une lettre d'information à partir d'une lettre existante. Sélectionnez le lien &quot;Nouvelle lettre d'information&quot; pour créer une nouvelle lettre d'information vide.</text>
  <text digest="7d1cd83f94cc1b04eaa07df260b0e29d">Sélectionnez la grille</text>
  <text digest="047feb1823201faa75c7f5c2621ba2e5">Sélectionnez la méthode de paiement</text>
  <text digest="6510ea0815f4f5fa90b9d67d87564ea0">Sélectionnez vos pixels</text>
  <text digest="11a5d0ba5c46912814c0420a82833018">Envoyez mon mot de passe</text>
  <text digest="15e1bdee49e196d6c9a0f12dda0ef29f">Envoyez la lettre d'information</text>
  <text digest="98f9aaca12e8998fc97120d9fc5999b1">S'enregistrer maintenant</text>
  <text digest="a7d6475ec8993b7224d6facc8cb0ead6">Site</text>
  <text digest="22d6a35a4c252115e717adba28374fab">Description du site</text>
  <text digest="668445f09da337d276dc852bb6a0dbb3">Nom du site</text>
  <text digest="c79bbde212562ceac1034cebde0ad6d5">Status du site</text>
  <text digest="6f6cb72d544962fa333e2e34ce64f719">Taille</text>
  <text digest="5a4d5a89d5dca2f301d337f03f4ad92c">Snippet::snippet: code de langue non-valide</text>
  <text digest="7d102b34bca77d98da5f32fec4e7fe2a">Spécifiez l'URL du site auquel vos pixels seront liés. L'URL doit commencer par &lt;tt&gt;http://&lt;/tt&gt; ou &lt;tt&gt;https://&lt;/tt&gt;. Vous pouvez également spécifier un titre optionnel ainsi qu'une valeur de texte alternatif pour vos pixels. Si vous choisissez de laisser le titre vide, votre URL sera utilisée comme titre. Si vous choisissez de laisser le texte alternatif vide, le titre (ou l'URL) sera utilisé.</text>
  <text digest="ec53a8c4f07baed5d8825072c89799be">Status</text>
  <text digest="c7892ebbb139886662c6f2fc8c450710">Sujet</text>
  <text digest="821cdce7e19008a18c3089781c783249">Envoyer le paiement</text>
  <text digest="8bf906833cc7aea8084f552217ed9c1d">Suspendu</text>
  <text digest="aeb989922c420dcfd5122b2a23e6d34d">Informer un ami</text>
  <text digest="a7ce94417ec99d0de85338df3501176f">Informer un ami</text>
  <text digest="da9bf09a31dc2e4345e11e8d90c19320">Informer un ami</text>
  <text digest="0c1ec80465825af171a2cb9df19ac8d7">Nom du template</text>
  <text digest="07c698ab44e79839fee2cb77ec7f6d6b">Le texte de l'image de droite</text>
  <text digest="94917ab8c61c926e7cb40cfc68cb8928">Les textes sans traduction seront écrits en anglais dans les commentaires du fichier XML</text>
  <text digest="40d65b862ec9137f3a34353b6ae36ddd">Textes à inclure</text>
  <text digest="7a7c46aab7e07559c6f7a8b25f2b9ef4">Merci</text>
  <text digest="b315ed055787c0994d8a7b08b2be9244">Merci</text>
  <text digest="e08e65334c09762d91ca607127db9fc9">Nous vous remercions d'avoir activé votre compte.</text>
  <text digest="f403ac95a07ddae169d88c4833ace3ce">Nous vous remercions pour votre commande.</text>
  <text digest="ff5e09b70599314ffab1a87b4b10112a">L'adresse e-mail n'est pas valide</text>
  <text digest="81354618b50973fd80b9cda3fcf7336a">Cette adresse e-mail n'est pas dans le fichier</text>
  <text digest="69c25b790a70384d7fba562500ae8d8a">Cette adresse e-mail n'est pas valide. Veuillez entrer la même adresse que vous avez utilisée lors de l'achat de vos pixels</text>
  <text digest="8b44ae62f2d1b6a1051557d02c2179d3">La dimension de cette région dépasse la taille maximale autorisée</text>
  <text digest="6f025c174d720dc09eeaed572aca998c">Cette région déborde sur une ou plusieurs autres régions</text>
  <text digest="403ba0bbb4d362facc94abcaf0ce1980">Le fichier d'exportation</text>
  <text digest="0f07bfc547183c196967d44a8876c01d">Le fichier ne contient pas une image valide</text>
  <text digest="88388c4c3bf5a6af4c23fd2d8d4f2923">Les langues suivantes sont disponibles. Veuillez sélectionner une langue pour éditer sa description ou l'effacer.</text>
  <text digest="b24b44f7fe548b453ac371ce11301a60">L'erreur suivante est survenue</text>
  <text digest="8bc6239aedc9aabdf85ef7825bb75fbf">L'image doit êre au format GIF, JPG ou PNG</text>
  <text digest="81184dcc378fe2a42ec8c80b61b94144">Ordre dans lequel afficher cette méthode lorsque plusieurs méthodes de paiement sont disponibles</text>
  <text digest="4d31633236d2e82468afd530ca64a224">Le digest fournit n'est pas valide</text>
  <text digest="2ea230d21e70a4b1a0764692b1f48846">Le texte de l'image n'a pas été entré correctement</text>
  <text digest="4c70e8b708a4072b3aa495b99f6658d7">L'URL doit être une URL absolue commençant par &quot;http://&quot; ou &quot;https://&quot;</text>
  <text digest="43a112a006922a0c0a6f6c5a7bcea819">Une erreur est survenue durant le traitement de la transaction.</text>
  <text digest="473c68a65e7b4c0f718c24ca82572480">Cette fonction vous permet de changer le statut ainsi que d'autres paramètres d'une région</text>
  <text digest="6a6b93c0ba67083cb9aaed5f5fff2698">Cette fonction vous permet de changer le nom d'utilisateur et le mot de passe de l'administrateur.</text>
  <text digest="063233c7ddc14c12cc803274c2978852">Cette fonction vous permet de créer une région sur l'une de vos grilles. La région sera initialement &quot;Réservée&quot;, mais vous pourrez changer son statut ainsi que d'autres paramètres après sa création.</text>
  <text digest="524f80b32e3c7e846f94b7c5d775208e">Cette fonction va effacer tous les templates Smarty compilés du répertoire suivant:</text>
  <text digest="d5b88e6656ce6e5998b9816284fef16b">Cette fonction va exporter tous les textes d'une langue dans un fichier XML situé dans le répertoire &quot;temp&quot; de votre application</text>
  <text digest="2a71ea143a1405497007e10b7ddc5253">Cette fonction va importer un fichier XML contenant des textes précédemment exportés et dont les traductions ont changé.</text>
  <text digest="ec60db66e736510ba77c8880e8ba9a8c">Cette fonction va regénérer les images de la grille dans </text>
  <text digest="1a33eaccf125c602d613dfd2619f1546">Cette fonction va parcourir tous les templates et le code source PHP à la recherche de texte multi-langue délimités par des paires de dièses comme:</text>
  <text digest="8ae96b429400e97874186312dc8be3e7">Cette transaction a été refusée.</text>
  <text digest="aa6879ecc77f2c385a23d73aace50fb9">Séparateur de millier</text>
  <text digest="b78a3223503896721cca1303f776159b">Titre</text>
  <text digest="cfd030171f6152237706919d5739fed4">Titre pour vos pixels</text>
  <text digest="88427ec035734b45aae9f7d8859a5008">Identificateur de transaction</text>
  <text digest="e661b77ea9f3c1a0122aea94ba2c46b7">Impossible de créer</text>
  <text digest="a2fc4090b280a2a81773dc3f5f0ded55">Impossible de trouver une grille avec un display_order</text>
  <text digest="33c53fb0899e8569ac58219d2060278c">Impossible de déplacer le fichier reçu vers le répertoire &quot;temp&quot;</text>
  <text digest="ae2bd63c09fb292e212849c554f1d04d">Impossible d'ouvrir</text>
  <text digest="733296967e1fffed81e5e7279443a898">Erreur inattendue</text>
  <text digest="aee9784c03b80d38d3271cde2b252b8d">Erreur inconnue</text>
  <text digest="d5ca088299d5908ca359f17692071761">Non vérifié</text>
  <text digest="258f49887ef8d14ac268c92b02503aaa">Activé</text>
  <text digest="46496b1548bc707fb261e7252847afe5">Mettre à jour les textes</text>
  <text digest="9440fda7060e2a4b8738b485186f9261">Mettre à jour les textes maintenant</text>
  <text digest="6e3bc548c6e007af186f4ebf5be80df0">Mettre à jour vos pixels</text>
  <text digest="ff5c08e44e4c7a76922a5cd8e0c99e79">Chargez une image GIF, JPG ou PNG. Elle sera automatiquement convertie au format PNG et redimensionnée à la taille de la grille de</text>
  <text digest="f2174ebd1875527abe46f1fe2782e761">Chargez une image GIF, JPG ou PNG. Elle sera automatiquement convertie au format PNG et redimensionnée à la taille de la région de</text>
  <text digest="1f98842c354dc496970446bce14f4c50">Chargez une image</text>
  <text digest="7877a94cbd593dd296e342df78aeb213">Chargez votre image</text>
  <text digest="e6b391a8d2c4d45902a23a8b6585703d">URL</text>
  <text digest="459afb28a6eca8ed130ae2673701da0c">URL vers votre site</text>
  <text digest="a0a1cbfacfb5302f99e1dc3440b548ad">Utilisez les codes de langue spécifiés dans &lt;a href=&quot;http://www.loc.gov/standards/iso639-2/englangn.html&quot; target=&quot;_blank&quot;&gt;ISO 639-1 Language Code&lt;/a&gt; </text>
  <text digest="46eed9a70f2d59210b4034000cc938e0">Utiliser FCKeditor</text>
  <text digest="7dba491977ffd22a9b68d9cf12353355">Utiliser ce formulaire pour créer un compte sur</text>
  <text digest="814df24aafe2a2e88ce6f85134f4dd8d">Utiliser les comptes utilisateur?</text>
  <text digest="e55adecd2f6d6a34c281c35189b654ed">Comptes utilisateur</text>
  <text digest="1edcdad89b3a2245d759a169da1bf5a3">Identificateur de l'utilisateur</text>
  <text digest="92f1b1481fa6ff46c4a3caae78354dab">Nom d'utilisateur</text>
  <text digest="f9aae5fda8d810a29f12d1e61b4ab25f">Utilisateurs</text>
  <text digest="a9647e3663a9e7f4b094d3b9f8e40aa9">Variables de vérification</text>
  <text digest="3f68e67dc6c397aaa9d1c24c356f754f">Verifié</text>
  <text digest="9df5e418b69684e9c225bea8bf78f870">Verifié?</text>
  <text digest="522bf35ce3719884885e0e3c6a03f0bf">ATTENTION!</text>
  <text digest="a750407248427e74c2d7a28eeec8b852">Nous n'avons pas pu traiter votre commande.</text>
  <text digest="bedac05f805c4746882e489e78b84f03">Que faut-il faire avec les régions de l'utilisateur, si existantes ?</text>
  <text digest="aacc829a685b96825cd2f816658d0085">Erreur de parsing XML dans</text>
  <text digest="93cba07454f06a4a960172bbd6e2a435">Oui</text>
  <text digest="c642c7a681c3bd55312067aa05185e2a">Oui, je veux effacer la grille</text>
  <text digest="0a795523e2fcfc2df79e52af297d0e1a">Oui, je veux effacer la langue</text>
  <text digest="9f7194f7ec9dfb7937e3cbea3d042c48">Oui, je veux effacer l'article</text>
  <text digest="608e8153c8e49a1ef7c2c38f8ef7c1e7">Oui, je veux effacer la lettre d'information</text>
  <text digest="936ea009ed99dd34ca517e708869f93a">Oui, je veux effacer le compte utilisateur de</text>
  <text digest="27fcbc851fea2ec63719e998b88f9793">Oui, je veux effacer cette région.</text>
  <text digest="4dbf7624e437cd4711e5d77ce24ed154">Oui, je veux écraser ce fichier</text>
  <text digest="b4eb4e49176872cff5d0d58129a9336b">Vous pouvez exporter tous les textes ou seulement les textes qui n'ont pas encore de traduction. Après avoir effectué les traductions, vous pourrez importer à nouveau ce fichier avec</text>
  <text digest="16cdce413f6e657526f53c48bde7aff6">Vous désirez exporter une langue en utilisant</text>
  <text digest="adfd19e0fe33a9752f0e39596b38303a">Vous devez exécuter</text>
  <text digest="5ac272b74089a85e706873a025f1f929">Vous allez très rapidement recevoir un e-mail de notre part comprenant des instructions sur la marche à suivre pour mettre à jour vos pixels.</text>
  <text digest="a0623b78a5f2cfe415d9dbbd4428ea40">Votre compte</text>
  <text digest="e868dd111353d296c2a78c9808c21337">Votre commentaire</text>
  <text digest="26437b002b58282199ab6818edee7bcf">Votre numéro de confirmation est</text>
  <text digest="acbd4f68b2ca837345b216b38e418b22">Votre profil</text>
  <text digest="890c49344604346a2ae9ff5c700c2845">Votre adresse e-mail</text>
  <text digest="817b8002b596344349ad2a2f44c066c7">Votre adresse e-mail n'est pas valide</text>
  <text digest="c49c70de9f24981a975d0c3dd6f6ec35">Votre adresse e-mail ou votre mot de passe est incorrect</text>
  <text digest="ce1f86955fbfd05ab0622d04458dd680">Votre adresse e-mail sera votre identificateur de connexion.</text>
  <text digest="7d8ac38c5db6ff413900f295797695fe">L'adresse e-mail de votre ami</text>
  <text digest="174fc8804f98a6ee65c3d24c8779a142">L'adresse e-mail de votre ami n'est pas valide</text>
  <text digest="29a313aaac4e35189ba323153d8b91cb">Votre image</text>
  <text digest="71cb324233a6412bfff64c2530b54911">Vos informations d'identification ont été envoyées à votre adresse e-mail.</text>
  <text digest="614cffa523202658a898e34a5d94d05e">Votre nom</text>
  <text digest="df15356c756aed37b001685b36c45b69">Vos pixels</text>
  <text digest="b9fe0b9250a8d4d3d21fd4885af235f9">Vos pixels ont été mis à jour. Merci.</text>
  <text digest="0bb1b513ccc003593dc4f6118f919e82">L'adresse e-mail que vous avez entrée à nouveau n'est pas correcte; veuillez vérifier</text>
  <text digest="4b3f3b3f711d814c0820e2c6bbdea119">Le mot de passe que vous avez entré à nouveau n'est pas correct; veuillez vérifier</text>
  <text digest="38b235bcc8fc76c2f9f4853912365580">Votre recommendation a été envoyée à</text>
  <text digest="9e4c86c49f0ef3e9f73ae04e314d574e">Votre sélection</text>
</language>
