<?xml version="1.0" encoding="utf-8"?>	
<language code="ja" name="Japanese" decimal_sep="." thousand_sep=",">
  <text digest="f679fc5558402f85339ec5a7e47a2d65">(0-100、0=変化がありません)</text>
  <text digest="237904cc5ea18e8ead0cf8798c8bb584">(0-100、0=不透明なもの、100=完全に透明である)</text>
  <text digest="2cfe6c6ee7bf12671c84a2b601ee7e61">(空白が現在のパスワードを保つのを残します)</text>
  <text digest="6f0646d61d342cf041668c1b3aabf257">(長い間、少なくとも5つのキャラクタでなければなりません)</text>
  <text digest="68cc3e8d8723a18074c321b0394971b7">(1線あたり1つのアドレス)</text>
  <text digest="3ad51f84f9fcd139c484b9657449fc6a">(RRGGBB十六進法ケタ)</text>
  <text digest="c7ff15f8e20c78720107f6bb411b3903">0=限界がありません</text>
  <text digest="e3f7f54834cb55663cfc8daa3e1296da">&lt;strong&gt;注意:&lt;/strong&gt; HP XMLパーサの制限の、XMLファイルはUTF-8コード化でためであるに&lt;strong&gt;違いありません&lt;/strong&gt;。 </text>
  <text digest="294c070625c56242b19a20468cf07e89">URLが必要です</text>
  <text digest="08bd40c7543007ad06e4fce31618f6ec">アカウント</text>
  <text digest="3771bf858c98d52dbc5d250dd1f4e72f">アカウントの詳細</text>
  <text digest="004bf6c9a40003140292e97330236c53">動作</text>
  <text digest="4d3d769b812b6faa6b76e1a8abaece2d">アクティブ</text>
  <text digest="a5dac79ddad1cbdb8b60c5b347ee047e">実サイズ</text>
  <text digest="982efc929531febc7ddd68c5ffd9cdcd">コメントを加え</text>
  <text digest="365b7e8763e8438d42db3f1f4025074d">格子を加え</text>
  <text digest="1e22f543ce92434613f8518ea3b3d5ee">言語を加え</text>
  <text digest="a508cd6ee07b35ea8efdf98d6520ce83">コメントを加え</text>
  <text digest="1a41181f428efff363c6711afd3cbaae">コメントの後に翻訳を加えてください、(内部</text>
  <text digest="56cc559d234df2ffabc88b8926592264">アドミンホーム</text>
  <text digest="7258e7251413465e0a3eb58094430bde">政権</text>
  <text digest="98aa505f420487b8d46ba6c92535060f">政権領域</text>
  <text digest="2e7f473229466aab583b6a5b6c12944b">管理者Eメール</text>
  <text digest="0b8b4e972d0c2d2023c02e036e50ed6e">管理者メールアドレス</text>
  <text digest="2b996dca68382a098fd21e100119868b">管理者ログイン</text>
  <text digest="b1c94ca2fbc3e78fc30069c8d0f01680">すべて</text>
  <text digest="717985ca4705973c8e2bcc24f731e685">ブロッグコメントを許容</text>
  <text digest="102779676feeffd385f7038542c05441">既に存在しています</text>
  <text digest="0208315ed9010b3aa21e0602b80ff5aa">Altタグ価値</text>
  <text digest="c1fd3564fa7e4c04ff48aa628b7a1d4f">あなたの画素Altタグ価値</text>
  <text digest="b2f40690858b404ed10e62bdf422c704">量</text>
  <text digest="0cd5a075b4d373a7cdfef5ef970a9905">そのメールアドレスとのアカウントは既に存在しています。</text>
  <text digest="4df0983b5f0fef389ff6dde220a2fa00">どうあなたのアカウントを活性化するかに関する指示と共にメールを送りました。</text>
  <text digest="256dc5b24a8bff2be45053611b5d7688">そして、すべての関連領域</text>
  <text digest="44ad1813bccc5fe8f24b7143f1a720e5">そして、すべての関連テキスト</text>
  <text digest="33e022c6f0615ded20209d196ba220bd">記事イド</text>
  <text digest="dd183cda820de726fe770720317eb6af">それらを管理者に割り当て</text>
  <text digest="9159e8b2505e7aa3112e8d92d5bcd662">列を削除する試みは節約されませんでした</text>
  <text digest="d2eb444e35c0a71f0a85df8194acb5b6">属性</text>
  <text digest="a517747c3d12f99244ae598910d979c5">作者</text>
  <text digest="78945de8de090e90045d299651a68a9b">利用可能</text>
  <text digest="75e7422f2fe253fc69d3f6c148d197ee">バックグラウンド色</text>
  <text digest="abd809c9e3c1c08e97740f86b8ceabfb">背景画像</text>
  <text digest="be8df1f28c0abc85a0ed0c6860e5d832">ブロッグ</text>
  <text digest="d3f12f6a2441abf9154561d5511cf99a">コメントのウェブログ</text>
  <text digest="ac101b32dda4448cf13a93fe283dddd8">ボディー</text>
  <text digest="97b962852e8f5605148f7bb114e90388">ボタンのタイトルを買って</text>
  <text digest="30bb48edbb3180b4f158b54154390aca">現在買って&gt;&gt;</text>
  <text digest="8e4ccc20183151e99e9169d9c9d832a7">デフォルト言語を削除することができません</text>
  <text digest="c0f9c6715531c64943f20597714f075c">CAPTCHAイメージ</text>
  <text digest="8f1e77e0d2be21da93cd4d9a939148f7">変化パスワード</text>
  <text digest="a1a54fabe4d39a33de432c5bcea2a7a4">確かめられることへの変化</text>
  <text digest="9c3cc01fe422f094cbb1e0cc31a53224">変化ユーザ名/パスワード</text>
  <text digest="90052c651c8ee6972bb05e44396ed4a5">別の支払い方法を選ぶ</text>
  <text digest="a3b294b172203e5d3cb2840963612ea9">明確なコンパイルされたテンプレート</text>
  <text digest="a2185b84cb564de630c6d371938bd55f">現在の明確なコンパイルされたテンプレート</text>
  <text digest="17738df6781b3f3af8dc83fbf55e6493">明確なエラー状況</text>
  <text digest="1357e394106c1adabf10aba7b3bbc3b3">明確なイメージ</text>
  <text digest="1e3708f8221705fb1a889efb229b6035">あなたのマウスをクリックして引きずって画素の世界を選択してください</text>
  <text digest="0df37c3395fea64e33cd4f1670428a7a">サイトをクリックして、画素をアップデート</text>
  <text digest="cbdb553aaace16e77bb205e9bc3375ef">クリック</text>
  <text digest="1976d7f704de389d9fe064e08ea35b2d">コラム</text>
  <text digest="0be8406951cdfda82f00f79328cf4efc">コメント</text>
  <text digest="ba280a9b71dfa9bc4fd987ea66295100">コメント</text>
  <text digest="8413c683b4b27cc3f4dbd4c90329d8ba">コメント</text>
  <text digest="e14891a26424266ae9fed563cd6db1fe">人のコメント</text>
  <text digest="be7046a84bd4e51e5100b4751a016147">コンパイルされたテンプレートは首尾よくきれいにされました。</text>
  <text digest="07ca5050e697392c9ed47e6453f1453f">完成されます</text>
  <text digest="f1206f9fadc5ce41694f69129aecac26">構成します</text>
  <text digest="ac00a91889d65fde368168c9ff6d3cf6">支払いモジュールを構成して</text>
  <text digest="413e8eec79fec581e1be288e893e0cb9">支払いを確認して</text>
  <text digest="205bc73c4ab4286a1fb9d4c18322777c">確認</text>
  <text digest="a0bfb8e59e6c13fc8d990781f77694fe">続い</text>
  <text digest="c884b1a5c353df470b30ffe6d42f9f2b">パスワードを作成</text>
  <text digest="739405e73cc9f2e323506440d0883734">アカウントを作成</text>
  <text digest="3e09ef3ed19172303d8d36354e509284">交錯しているイメージを作成</text>
  <text digest="cc7f8622005b8863ec2699a204a0ebc3">パレットイメージを作成</text>
  <text digest="aeb0751452ff345883daec1aa25de87c">領域を作成</text>
  <text digest="0eceeb45861f9585dd7a97a3e36f85c6">作成されます。</text>
  <text digest="4dc7aa6ddf532ae536da360ea389430f">クレジットカードチェック番号</text>
  <text digest="5e038f03415db5461c13d380469436cb">クレジットカード番号</text>
  <text digest="9dc0432a5467a0c376999d3c0f916244">クレジットカード所有者</text>
  <text digest="ccc4262fa6d8d0e05bd79fb58c52e66d">クレジットカードタイプ</text>
  <text digest="94cebe752e18a99e25477a437d006771">通貨文字</text>
  <text digest="4bc28f132d571b160ba407e143915de2">現在のパスワード</text>
  <text digest="de777c62ae5555f733a06f3ca8afeaf8">データベース誤り</text>
  <text digest="44749712dbec183e983dcd78a7736c41">日付</text>
  <text digest="ba989292c988a2d8cc2131b51e13de72">作成された日付</text>
  <text digest="23f255aef8a8833fbb07a91987d1a42f">掲示された日付</text>
  <text digest="29ee8c149301d3cd854208ce0a542ee5">小数点炭</text>
  <text digest="22fd15787bc9a2ab3961b3d9b55b373e">ボディーのデフォルト言語バージョンが必要です</text>
  <text digest="9c7382acaa0eff647b9d54d741f97a0e">タイトルのデフォルト言語バージョンが必要です</text>
  <text digest="f2a6c498fb90ee345d997f888fce3b18">削除</text>
  <text digest="4d5362989c7c72cae7b54c0f0b8cc97f">ブロッグ記事を削除</text>
  <text digest="ca586ff7ae16cd0e4783f5e969bdabf1">格子を削除</text>
  <text digest="7ef5e8668303d811f813e8cfee0ba56c">言語を削除</text>
  <text digest="d000c412d028411920210a16a1ad5acc">ニュースレターを削除</text>
  <text digest="a8d4361ae1587818d8a5d032c6db9a59">領域を削除</text>
  <text digest="6ac9a034dc3a8b4cf5a3902d2b7755d4">それらを削除</text>
  <text digest="f8a2cff100250140c8bde8d55fa3c959">このコメントを削除</text>
  <text digest="11250a0cf71313e83d01bb2ff9bd49e1">ユーザアカウントを削除</text>
  <text digest="226d815cf7520958de31ee454ac187e1">格子を削除すると &lt;strong&gt;すべて&lt;/strong&gt; の関連領域がその格子のためにデータベースから削除されるでしょう。</text>
  <text digest="dd2e9661c1742b1362fde903f702cba5">言語を削除すると &lt;strong&gt;すべて&lt;/strong&gt; の関連テキストがその言語のためにデータベースから削除されるでしょう。</text>
  <text digest="703bd0f92eab5c26660442bca97a9af2">ニュースレターを削除すると、それは永久に、データベースから取り除かれるでしょう。</text>
  <text digest="d6f727e8bc3b9834fa00154b53d4c9cd">領域を削除すると、それは永久に、データベースから取り除かれるでしょう。</text>
  <text digest="5cdb92717822689c27dbef1e9031fc8e">ユーザアカウントを削除すると、それは永久に、データベースから取り除かれるでしょう。</text>
  <text digest="d41fc32cf752b30eaa4952c3ce024201">記事を削除すると、それは永久に、データベースから取り除かれるでしょう。</text>
  <text digest="8de083bc06a2e250e4899eb953fffdef">画素について説明</text>
  <text digest="e5cfc515f312c9e85f367e9854d9963e">ダイジェスト</text>
  <text digest="a51bc38545605e56fa2fc6f529935664">ディレクトリは見せられます</text>
  <text digest="fb24df5535e7d367bab0b56f4ce8e661">ディレクトリ、一致

現在の領域情報</text>
  <text digest="bcfaccebf745acfd5e75351095a5394a">無能</text>
  <text digest="296993584750e6ab52793cf0e6fbe27a">表示命令</text>
  <text digest="d014344ae4d89aad4137a16ad6a74f69">あなたはこのファイルを上書きしたいですか?</text>
  <text digest="b78ae460675b4d19661913e11951f4aa">有効なアドレスに見えません</text>
  <text digest="d7e210d720545ec137ea7062c59490e8">有効なメールアドレスに見えません</text>
  <text digest="a5f61298da21626d0f490ebd06ecd811">アカウントを持っていませんか?</text>
  <text digest="29d0abeab115c63faaf7fc2a3c9cc5ed">維持にはダウン</text>
  <text digest="ec585a5e4095d996807fc89d55755798">同じ支払いイド</text>
  <text digest="082e55a73f10496681c84231dc1c88f7">メール</text>
  <text digest="185d23ff9526ad93077a1c9ad5ed26a2">メールアドレス</text>
  <text digest="f510776e5c9ba250fcf3ee60e7fe78c8">メールアドレスが必要です</text>
  <text digest="6505425433576237024e3046506a2f4e">メールアドレス</text>
  <text digest="6b27673aa75d2ca88ad746e7512fcdca">編集ブロッグ記事</text>
  <text digest="002a3919156b671a6f64e44d0fbf2793">編集メールテンプレート</text>
  <text digest="6259df978c6b6ade43b9610b12ceca8a">編集格子</text>
  <text digest="8f6e92037361563f553e283b1cbc139a">編集言語</text>
  <text digest="7de2efab88c509281ba6f5770bb786ce">編集ニュースレター</text>
  <text digest="c3c35fbb4b93e280434acb72888c9667">編集支払い歴史</text>
  <text digest="2961b2d8f45b1c45a5fe74f0284273de">編集領域</text>
  <text digest="2d4aa0297eaffa9eb6d33cad1f1ba38b">編集ユーザアカウント</text>
  <text digest="582c365f0918d19bfe0ded51281ebc8e">詳細を編集</text>
  <text digest="bdfc5da748534e04c57746d7ea0ed351">要素は輸入する要求された言語に合いません</text>
  <text digest="49c3ba4130a88f7ab532f142fba92efe">要素) 翻訳テキストとして英文を逐語的に使用するのがお望みでしたら、

あなたはコメントマークを取り除くだけであるべきです。 取り外さないでください、または変化しないでください。</text>
  <text digest="1fecaa43ef33ed8ede57c234d2016e4b">非空のコメントがある要素を輸入するでしょう。

XMLコメントで同封された英文は無視されるでしょう。</text>
  <text digest="ce8ae9da5b7cd6c3df2929543a9af92d">メール</text>
  <text digest="e958bee302ce77cb42982784cb7529ae">メール形式</text>
  <text digest="c143a6b696f32a8cb3aec51f15435239">メールテンプレート</text>
  <text digest="2faec1f9f8cc7f8f40d521c4dd574f49">可能</text>
  <text digest="e472d07f9c5160054406659749857591">新しい格子のために寸法を入れてください。 いったん格子を作成すると、

寸法を変えることができません。あなたは次のステップで他の格子

パラメタを変えることができるでしょう。</text>
  <text digest="4440c0be08f987170f74405f2fabc6a6">メールアドレスを入れて</text>
  <text digest="a72ac3935e10f07971dc6934557ef6ca">メールアドレスを入れて</text>
  <text digest="902b0d55fddef6f8d651fe1035b7d4bd">誤り</text>
  <text digest="072d0ff589d26935fcb26469fe880bf5">誤り?</text>
  <text digest="5ef0c737746fae2ca90e66c39333f8f6">誤り</text>
  <text digest="2aef74ba8cae1f8c81d9e38ad08210f3">予想されたイド</text>
  <text digest="652ae06667a8dcee10bf4f69d14cac28">予想されたイド</text>
  <text digest="90bd4d50d8cd2351aedaadb54aca3205">輸出言語テキスト</text>
  <text digest="f284bb28034af699d1206d2cc04c8bd9">輸出言語テキスト</text>
  <text digest="63f1df06278dd9eb5e07a2ae75e66d08">輸出テキスト</text>
  <text digest="8b04d5e3775d298e78455efc5ca404d5">1番目</text>
  <text digest="bdfab27698872612a30a2ad26368cef9">最初にあなたが既にそうしていないなら</text>
  <text digest="bc910f8bdf70f29374f496f05be0330c">名</text>
  <text digest="c6631869fbb1e424e58bf74cdbc387cc">名が必要です</text>
  <text digest="5188c95fcfc3875a0554aaa564278507">あなたのパスワードを忘れましたか?</text>
  <text digest="b24ce0cd392a5b0b8dedc66c25213594">自由</text>
  <text digest="8be74e315d95cf330323b8fd56e82653">画素を手に入れて</text>
  <text digest="5174d1309f275ba6f275db3af9eb3e18">格子</text>
  <text digest="610930c7ebefa254adf1b54173302149">格子記述</text>
  <text digest="e7ada0a0fe0f6526f47f0b3febc6c622">格子の高さ</text>
  <text digest="d2bc02659318db2da688b38ff330e374">格子名</text>
  <text digest="7663ae33dc58d5c765bdbcafc202cfa6">格子タイトル</text>
  <text digest="147ba37d1b04b43e4fa445a65b72e640">格子幅</text>
  <text digest="268409e5f6aa5240754cd811eb2055b9">首尾よく発行された格子</text>
  <text digest="1aa4d06e8e68435726ccfab06f17ed4c">格子線色</text>
  <text digest="bebd00372b825306ad52eb7689461ae6">格子線透明</text>
  <text digest="e985db04b7808550d0276a72890ded91">格子</text>
  <text digest="cc72b836bde0c046cd09151316b4aedf">輸出</text>
  <text digest="9ac6f89f824e9679c85ead5d1d33f494">輸入</text>
  <text digest="8cf04a9734132302f96da8e113e80ce5">ホーム</text>
  <text digest="4c4ad5fca2e7a3f74dbb1ced00381aa4">HTML</text>
  <text digest="490aa6e856ccf208a054389e47ce0d06">イド</text>
  <text digest="1dc2fb4c9d0bd771d956a75a07c7e6ae">アカウントが既にありましたらあなたはそうすることができます。</text>
  <text digest="d507f81279d3dd09ee13c718820eb75c">あなたが、この取引に関して私たちに連絡する必要があるなら。</text>
  <text digest="be53a0541a6d36f6ecb879fa2c584b08">イメージ</text>
  <text digest="323126045a230b218de6ebd6a53fb7f8">イメージ・ファイル</text>
  <text digest="bb10b1837ff0698fd821afedbfdd6a66">イメージは軽くな要素</text>
  <text digest="712bd47cf0934a7240b43b79d9f0667f">輸入言語テキスト</text>
  <text digest="e756487927dd90f1e390f5e37728011c">輸入テキスト</text>
  <text digest="8dee49165153fc68ffacb5f7f7bf9a3a">代わりに</text>
  <text digest="dbf373dd3565accf2d2fd19700f6a5ae">無効の動作</text>
  <text digest="6e659c47c94d1e1dc7121859f43fb2b0">無効のメールアドレス</text>
  <text digest="662bba18b2ddcc9c1839c2229ef25c04">無効のメールキー値</text>
  <text digest="9c10994e78fa30b3fedebecbf545a0a4">無効のモジュールキー</text>
  <text digest="578f377f078ccbccfe26ea07184460e4">無効のユーザ名かパスワード</text>
  <text digest="cde17aa92ac50788ad11b07bf1dc3fdc">現在下に維持のためにあります。 後で調べ直してください。</text>
  <text digest="0a5fa53f3f20f67f98bd6c3b16df059d">必要</text>
  <text digest="d5b4d696faf96035dadc0a5511ec0202">言語のための言語テキスト</text>
  <text digest="273d4de0292e898b50f9057a136b250d">輸出する言語</text>
  <text digest="36aed4d2adb24c429f2730acae8995be">輸入する言語</text>
  <text digest="32e24b0772629ec41145845076f2f172">言語コード</text>
  <text digest="f40309c7972d85f25b031d3e131f4e21">言語名</text>
  <text digest="911b64dd7764a81f683994d1ea5774d3">言語サポート</text>
  <text digest="d4cb0947a71dfcaa0460d8fd3b42ba9c">言語テキストは首尾よくアップデートされた</text>
  <text digest="77587239bf4c54ea493c7033e1dbf636">姓</text>
  <text digest="e51b62746c48b9311ae857890adb70ba">姓が必要</text>
  <text digest="6691dace894a729d5f820d2385c9e30f">空白が現在のアドレスを保管するのを残して</text>
  <text digest="ed0028074cce914a81c423192f4db197">空白が現在のパスワードを保つのを残して</text>
  <text digest="4803e6b9e63dabf04de980788d6a13c4">線</text>
  <text digest="ce5bf551379459c1c61d2a204061c455">位置</text>
  <text digest="3bbbad631029e3575da7a151bba4f37c">ログイン</text>
  <text digest="2267c8f720278846a7d5098e38dc4bc9">今ログイン</text>
  <text digest="b0c2b25b3312c7a32d7aa9d701b6ae1d">ログアウト</text>
  <text digest="99dea78007133396a7b8ed70578ac6ae">ログイン</text>
  <text digest="0323de4f66a1700e2173e9bcdce02715">ログアウト</text>
  <text digest="ab5b979f7bc8c846b49e736bb8bc890a">拡大鏡オフ</text>
  <text digest="10bf5d79406f984de7f857e8377eb640">拡大鏡オン</text>
  <text digest="290267b42926ffd9c4012025c7e7bfdb">格子を維持</text>
  <text digest="4da1d963b8a0f7e9c699d38a2a40ea90">言語を維持</text>
  <text digest="ee3715bb2ddfb3c05d5a1049d2adf71e">地方を維持</text>
  <text digest="1305ea717a13a41743beebc1804d538a">設定を維持</text>
  <text digest="8d8cc5c9e9d56cdb0736658e9ba3f10f">最大の領域の高さ</text>
  <text digest="97f04b260655a4d308b5e92f3d180cdd">最大の領域幅</text>
  <text digest="457add0e51960b82ece5a58dbd77fc59">アドレスを合併:</text>
  <text digest="4c3880bb027f159e801041b1021e88e8">方法</text>
  <text digest="e55f75a29310d7b60f7ac1d390c8ae42">モジュール</text>
  <text digest="6bc362dbf494c61ea117fe3c71ca48a5">移動</text>
  <text digest="bfe40d134c486fdca406470f14dd9165">&gt;= 0しなければなりません</text>
  <text digest="4b6aa34a50f26e2467e5a35c2ae06247">複数でなければなりません</text>
  <text digest="006472a83fd02e2b94fe0a57b711f6a6">一連の6が十六進法ケタであったならそうしなければなりません</text>
  <text digest="e9b3b28bb29b162e2f0f464a923e0e7f">整数でなければなりません</text>
  <text digest="45e45c524ab0f6767ff5557e3d12a45c">%sから%sであったならそうしなければなりません</text>
  <text digest="49ee3087348e8d44e1feda1917443987">名前</text>
  <text digest="2816b5c8a6d091b92e2a8225d38187b1">新しいブロッグ記事</text>
  <text digest="b4b5a594db37ac41771ac560e065d25a">新しいメールアドレス</text>
  <text digest="59b53c186d2f13dc1824484fb58e112c">新しい格子</text>
  <text digest="c8bd41f5d0c0d9b5ecb3b2078bcb8726">新しい言語</text>
  <text digest="48f4d45876bb72765da898c88716915d">新しいニュースレター</text>
  <text digest="ae3bb2a1ac61750150b606298091d38a">新しいパスワード</text>
  <text digest="fdde48f3e6b48ff72d35274886b96be8">ニュースレターは首尾よく発信しました</text>
  <text digest="31a5a1743892bdd5a8d76f11666e6e34">送るニュースレター</text>
  <text digest="d04ccf61aef8e1107d25b84cf8e37d55">ニュースレター</text>
  <text digest="bafd7322c6e97d25b6299b5d6fe8920b">いいえ</text>
  <text digest="a2519dd09f48ea0c3b48cc3508f4b813">XMLファイルが見つけられた言語がありません</text>
  <text digest="a944690800dd22e1e0051b477ae699a9">支払いが当たったマッチしないこと</text>
  <text digest="459dfbb7f44151c96311b134ec1b9148">支払いは全く必要ではありません。選ぶ、あなたの画素を作成し&quot; 続けて&quot; ください。</text>
  <text digest="0f542d33bb0c412c7c0db5bcd9b88be7">どんな支払いも必要ではありません</text>
  <text digest="0af453b8ad0f94a2b18912678bb335f0">すべてのテキストを輸入したというわけではありません</text>
  <text digest="d8f4a1993546cc4b850cde3599e27aec">見つけられません</text>
  <text digest="f4c6f851b00d5518bf888815de279aba">注意</text>
  <text digest="8392461cf759088854e16710b9b75d1a">唯一</text>
  <text digest="850068ca05fab9932deb436fcc2f51c0">XMLがファイルする言語だけが中に存在しています</text>
  <text digest="285c71407955765dd84cd3e7a55daf4d">または、以下の事前に定義されたイメージの1つから選び抜いてください:</text>
  <text digest="6311ae17c1ee52b36e68aaf4ad066387">他</text>
  <text digest="3f70f03550aca2dc979d186e3c9d75e1">利用可能なパラメタ</text>
  <text digest="dc647eb65e6711e155375218212b3964">パスワード</text>
  <text digest="4a9c16cd3b4e937464aeec7d67dbf67a">パスワードは少なくとも5つのキャラクタであるに違いありません</text>
  <text digest="06df4bfdd9e2861a328b6a0a60295a96">パスワードは発信しました</text>
  <text digest="b06c5ecc37b9cd61a0cab0534ed1f15d">支払い誤り</text>
  <text digest="91a1bd08a417cbd1ce9ee50d8c67bab6">支払い歴史</text>
  <text digest="1e63d1811556fc2dad106dcbd4217a69">支払いID</text>
  <text digest="8b34365831eadc0f27586c35fb2c5d91">支払いIDはセットしません</text>
  <text digest="707436a5aa13b82a4d777f64c717a625">支払い方法</text>
  <text digest="6cbce829ab8d77328a5e093efc071dab">支払いモジュール</text>
  <text digest="a9afb81f203651728b321a2d316d24bc">支払いは完成しません。</text>
  <text digest="daef64964ee3b9b904f5d467586e217f">支払い</text>
  <text digest="2d13df6f8b5e4c5af9f87e0dc39df69d">未定</text>
  <text digest="fe3838c7c11aa406dd956566e17360d5">単位で</text>
  <text digest="4b4ebf8bc3adee2af4f8a818e98eaadd">ブロック単位で</text>
  <text digest="c399ace8bdd28dcb36190197ed8d1810">1画素単位で</text>
  <text digest="2338c4450e3e37e94c766b6f3a117add">画素ブロック</text>
  <text digest="dc0981bf1c3a58ee19a694d2d924e507">画素リスト</text>
  <text digest="b806b636baef257e5e767c04b6aa9d93">画素所有者</text>
  <text digest="c3d2f5d37334dc978fd8b17fc77408a1">画素</text>
  <text digest="d399848208da8b80a306af0fd62bb03f">画素</text>
  <text digest="aa96728344423187c7477819cdb2600d">画素、(複数でなければなりません</text>
  <text digest="94c9c74f6bda44f4e749215cc1629178">売れていました画素</text>
  <text digest="88831291c9aab03e0f3e4304e02fd34c">画素;　複数でなければなりません</text>
  <text digest="e44b145bd8b49b06e0ad2ced1ad56466">プレーンテキスト</text>
  <text digest="27e4596406eff1a65381806facfd75aa">以下の支払明細書を確認してください:</text>
  <text digest="c8f84ddee81641eb502c98df915dac05">少なくとも5つのキャラクタに関するパスワードを作成</text>
  <text digest="3066d74f56ce60e0d9d7c33b63f49ec9">少なくとも1つのメールアドレスを入力してください</text>
  <text digest="393d545b14b8865c4121a3ccc58e9db9">メールアドレスを入力してください</text>
  <text digest="90c599e1aba75b071b31c68e0cc7c46e">メールアドレスを入れてください</text>
  <text digest="396174fcd62305830c9f0d78ace8e38c">あなたのメールアドレス(あなたが画素を購入したとき、使用される)

を入れて、アイデンティティを確認してください。</text>
  <text digest="b7c0f5c88cb24f6f957d16a141f7b35f">私たちがあなたの画素の周りで連絡することができるように、メールアドレスを入力してください。

私たちが特別なリンクをあなたが変化するのに使用することができるこのアドレスに送るつもりである、

あなた画素イメージ、URL、またはタイトル。
</text>
  <text digest="67372fd578db62fc68dace10251b0cda">メールアドレスを入れてください。</text>
  <text digest="d204f77cee6364285eac4a5c619ef398">名を入れてください</text>
  <text digest="a4cd68d07493873243dccd63aa7ba0a7">あなたの友人のメールアドレスを入れてください。</text>
  <text digest="355f1b7d95d1b0e67b2c3e6425766f21">姓を入れてください</text>
  <text digest="3bcf2f9ff620e72576bba9dadd0570fa">記帳してください。</text>
  <text digest="94afdae0167fe5386318343db5da4c84">あなたの画素の周りで私たちに連絡するのが必要であるといけないので、この数を保ってください。</text>
  <text digest="54ddd162c77ceb6a136f831456c16e27">以前、進行にログインしてください</text>
  <text digest="c7f1380a005a2b5100f310ab02add80b">ログインして、アカウントにアクセスしてください</text>
  <text digest="b6acebbdd243e7db2506aee7f05c0f2a">イド番号に参照をつけてください</text>
  <text digest="1e0c97491f44d9f69e5753ba75e0d5f3">言語を選択してください</text>
  <text digest="cc6c0386db75e53308201df2586b835c">領域を選択してください</text>
  <text digest="995f77fbdf7d044301a412148f180220">左における機能から選び抜いてください</text>
  <text digest="0c5cb0cc4d9883b800c5a7f89dea16c0">有効なファイルをアップロードしてください</text>
  <text digest="60cc25cace35df4995d399983cc18cc3">前の記事</text>
  <text digest="3601146c4e948c32b6424d2c0a7f0118">価格</text>
  <text digest="f2c12ae14393ffc83551d56f32bb03cc">価格:</text>
  <text digest="760d643b436dc8b45291ac8a9e490584">メールアドレスに再入して</text>
  <text digest="61ee91f7c2163418ca2682083b030685">新しいメールアドレスに再入して</text>
  <text digest="b7b5c6d6b7bf1a7d9a4129ed8d08e81b">新しいパスワードに再入して</text>
  <text digest="67589722e4f4bbe6aa7c843d1de2dff9">パスワードに再入して</text>
  <text digest="7f547bae34e148f552c6dc4e0601ec1c">新しいメールアドレスに再入して</text>
  <text digest="1a4bf7b868e3d052692955fe17c303cd">新しいパスワードを再びタイプで打って</text>
  <text digest="cc32a5ae9823284e6dccefcde24902d1">承認が必要とした領域?</text>
  <text digest="8b1fd00c74b7679cb1bd405a861b9236">領域ID</text>
  <text digest="5948f3347ebc02ebc690227c059661e1">地方</text>
  <text digest="5dec156b63fee20ec9d84d44e5cebebd">イメージを取り替えて</text>
  <text digest="f9e88481552d37c3c5199d869f55d43d">格子を再刊して</text>
  <text digest="57fe3188ed92a4c4a52f0622231ae8a5">現在、格子を再刊して</text>
  <text digest="942d4e37dd5607ab68e54755540d4a47">予約</text>
  <text digest="0d0e2934af7d3bc4e7263fcb1f9bc51c">パスワードを検索して</text>
  <text digest="20d781bd6c9966b7ea0c9f412e68f8bc">ホームページに戻って</text>
  <text digest="c9cc8cce247e49bae79f15173ce97354">節約</text>
  <text digest="f5d6040ed78ca86ddc73296a49b18510">変更を保存</text>
  <text digest="0bc3427d153784fd483102834aa250ca">スクリプトバージョン</text>
  <text digest="5eb6bb157528b365f84c27bb4784031b">秘密鍵</text>
  <text digest="776ce18ce0df318a12121c92afab7279">ニュースレターをニュースレタータイトルを選択して、編集するか、または削除してください。

&quot;コピー&quot;リンクを選択して、既存のものをコピーすることによって、新しいニュースレターを作成してください。

&quot;新しいニュースレター&quot;リンクを選択して、新しくて、空白のニュースレターを作成してください。</text>
  <text digest="7d1cd83f94cc1b04eaa07df260b0e29d">格子を選択</text>
  <text digest="047feb1823201faa75c7f5c2621ba2e5">支払い方法を選択</text>
  <text digest="6510ea0815f4f5fa90b9d67d87564ea0">画素を選択</text>
  <text digest="11a5d0ba5c46912814c0420a82833018">私のパスワードを送って</text>
  <text digest="15e1bdee49e196d6c9a0f12dda0ef29f">ニュースレターを送って</text>
  <text digest="98f9aaca12e8998fc97120d9fc5999b1">今申し込み</text>
  <text digest="a7d6475ec8993b7224d6facc8cb0ead6">サイト</text>
  <text digest="22d6a35a4c252115e717adba28374fab">サイト記述</text>
  <text digest="668445f09da337d276dc852bb6a0dbb3">サイト名</text>
  <text digest="c79bbde212562ceac1034cebde0ad6d5">サイトステータス</text>
  <text digest="6f6cb72d544962fa333e2e34ce64f719">サイズ</text>
  <text digest="5a4d5a89d5dca2f301d337f03f4ad92c">切れ端:、:切れ端: 無効の言語コード</text>
  <text digest="7d102b34bca77d98da5f32fec4e7fe2a">あなたの画素がリンクされるサイトにURLを指定してください。

それは始めなければなりません。&lt;tt&gt;http://&lt;/tt&gt; または、&lt;tt&gt;https://&lt;/tt&gt;。

また、あなたは画素に任意のタイトルとaltタグ価値を指定することができます。

あなたがタイトルを空白の状態でおくと、あなたのURLはタイトルとして使用されるでしょう。

あなたがAltタグ価値を空白の状態でおくと、タイトル(または、URL)は使用されるでしょう。

</text>
  <text digest="ec53a8c4f07baed5d8825072c89799be">状態</text>
  <text digest="c7892ebbb139886662c6f2fc8c450710">対象</text>
  <text digest="821cdce7e19008a18c3089781c783249">支払いを提出</text>
  <text digest="8bf906833cc7aea8084f552217ed9c1d">中断</text>
  <text digest="aeb989922c420dcfd5122b2a23e6d34d">友人に言って</text>
  <text digest="a7ce94417ec99d0de85338df3501176f">友人に言って</text>
  <text digest="da9bf09a31dc2e4345e11e8d90c19320">友人に言います</text>
  <text digest="0c1ec80465825af171a2cb9df19ac8d7">テンプレート名</text>
  <text digest="07c698ab44e79839fee2cb77ec7f6d6b">権利におけるイメージからのテキスト</text>
  <text digest="94917ab8c61c926e7cb40cfc68cb8928">翻訳が書くことのようにXMLになるそれによってファイルされないテキスト

XMLコメントで同封された英文</text>
  <text digest="40d65b862ec9137f3a34353b6ae36ddd">含んでいるテキスト</text>
  <text digest="7a7c46aab7e07559c6f7a8b25f2b9ef4">ありがとうございます</text>
  <text digest="b315ed055787c0994d8a7b08b2be9244">ありがとうございます</text>
  <text digest="e08e65334c09762d91ca607127db9fc9">あなたのアカウントを活性化してくださってありがとうございます。</text>
  <text digest="f403ac95a07ddae169d88c4833ace3ce">注文ありがとうございます!</text>
  <text digest="ff5e09b70599314ffab1a87b4b10112a">それは有効なメールアドレスであるように見えません</text>
  <text digest="81354618b50973fd80b9cda3fcf7336a">ファイルの上にそのメールアドレスはありません</text>
  <text digest="69c25b790a70384d7fba562500ae8d8a">そのメールアドレスは有効ではありません。 あなたが画素を購入したとき使用されるアドレスを入れてください。</text>
  <text digest="8b44ae62f2d1b6a1051557d02c2179d3">その領域は最大の許容できるサイズを超えます</text>
  <text digest="6f025c174d720dc09eeaed572aca998c">その領域は1つ以上の既存の領域を重ね合わせます</text>
  <text digest="403ba0bbb4d362facc94abcaf0ce1980">輸出ファイル</text>
  <text digest="0f07bfc547183c196967d44a8876c01d">ファイルは有効なイメージであるように見えません</text>
  <text digest="88388c4c3bf5a6af4c23fd2d8d4f2923">以下の言語は利用可能です。言語を選択して、記述を編集するか、

またはそれを削除してください。</text>
  <text digest="b24b44f7fe548b453ac371ce11301a60">以下の予期せぬエラーは起こりました。</text>
  <text digest="8bc6239aedc9aabdf85ef7825bb75fbf">GIF、JPG、またはPNG形式にはイメージがあるに違いありません。</text>
  <text digest="81184dcc378fe2a42ec8c80b61b94144">複数の支払い方法が利用可能であるときにこの方法を表示するオーダー</text>
  <text digest="4d31633236d2e82468afd530ca64a224">供給されたダイジェストは無効です</text>
  <text digest="2ea230d21e70a4b1a0764692b1f48846">イメージからのテキストは正しく入られませんでした</text>
  <text digest="4c70e8b708a4072b3aa495b99f6658d7">絶対URLが始動していたなら&quot;http://&quot;または&quot;https://&quot;、URLはそうしなければなりません。</text>
  <text digest="43a112a006922a0c0a6f6c5a7bcea819">この取引処理にエラーがありました。</text>
  <text digest="473c68a65e7b4c0f718c24ca82572480">この機能であなたは領域の状態か他のパラメタを変えます。</text>
  <text digest="6a6b93c0ba67083cb9aaed5f5fff2698">この機能で、あなたは管理者ユーザ名、そして/または、

パスワードを変えます。</text>
  <text digest="063233c7ddc14c12cc803274c2978852">この機能で、あなたは領域をあなたの格子の1つに作成します。

領域は初めに、&quot;予約&quot;されるでしょうが、あなたは状態で他で変化することができます。

それを作成した後のパラメタ。
</text>
  <text digest="524f80b32e3c7e846f94b7c5d775208e">この機能は以下のディレクトリからすべてのコンパイルされたスマチ－テンプレート

を削除するでしょう:</text>
  <text digest="d5b88e6656ce6e5998b9816284fef16b">この機能は1つの言語のためにテキストをあなたのアプリケーションの&quot;臨時&quot;

ディレクトリへのXMLファイルに輸出するでしょう。</text>
  <text digest="2a71ea143a1405497007e10b7ddc5253">この機能は以前に輸出された言語テキストXMLファイルを輸入するでしょう。

それで、翻訳を加えました。</text>
  <text digest="ec60db66e736510ba77c8880e8ba9a8c">この機能は格子イメージを作り直すでしょう。</text>
  <text digest="1a33eaccf125c602d613dfd2619f1546">この機能はテンプレートとPHPソースコードをスキャンするでしょう、

このような組の年功袖章に同封された多言語テキストを探して:</text>
  <text digest="8ae96b429400e97874186312dc8be3e7">この取引は断たれました</text>
  <text digest="aa6879ecc77f2c385a23d73aace50fb9">数千分離符炭</text>
  <text digest="b78a3223503896721cca1303f776159b">タイトル</text>
  <text digest="cfd030171f6152237706919d5739fed4">あなたの画素タイトル</text>
  <text digest="88427ec035734b45aae9f7d8859a5008">取引ID</text>
  <text digest="e661b77ea9f3c1a0122aea94ba2c46b7">作成することができません</text>
  <text digest="a2fc4090b280a2a81773dc3f5f0ded55">先の表示_オーダーで格子を見つけることができません</text>
  <text digest="33c53fb0899e8569ac58219d2060278c">臨時ディレクトリにアップロードされたファイルを動かすことができません</text>
  <text digest="ae2bd63c09fb292e212849c554f1d04d">開くことができません</text>
  <text digest="733296967e1fffed81e5e7279443a898">予期せぬエラー</text>
  <text digest="aee9784c03b80d38d3271cde2b252b8d">未知の誤り</text>
  <text digest="d5ca088299d5908ca359f17692071761">確かめられません</text>
  <text digest="258f49887ef8d14ac268c92b02503aaa">上</text>
  <text digest="46496b1548bc707fb261e7252847afe5">アップデート言語テキスト</text>
  <text digest="9440fda7060e2a4b8738b485186f9261">現在、言語テキストをアップデート</text>
  <text digest="6e3bc548c6e007af186f4ebf5be80df0">画素をアップデート</text>
  <text digest="ff5c08e44e4c7a76922a5cd8e0c99e79">GIF、JPG、またはPNGイメージをアップロードしてください。
それは自動的にPNG形式

に変換されて格子サイズにリサイズされているために望んでいます。</text>
  <text digest="f2174ebd1875527abe46f1fe2782e761">GIF、JPG、またはPNGイメージをアップロードしてください。 それは自動的にPNGに変換されるでしょう。

形式であって領域サイズにリサイズにされる</text>
  <text digest="1f98842c354dc496970446bce14f4c50">アップロードイメージ</text>
  <text digest="7877a94cbd593dd296e342df78aeb213">イメージをアップロード</text>
  <text digest="e6b391a8d2c4d45902a23a8b6585703d">URL</text>
  <text digest="459afb28a6eca8ed130ae2673701da0c">あなたのサイトのURL</text>
  <text digest="a0a1cbfacfb5302f99e1dc3440b548ad">使用 &lt;a href=&quot;http://www.loc.gov/standards/iso639-2/englangn.html&quot; target=&quot;_blank&quot;&gt;ISO 639-1 Language Code&lt;/a&gt; 値</text>
  <text digest="46eed9a70f2d59210b4034000cc938e0">FCKeditorを使用</text>
  <text digest="7dba491977ffd22a9b68d9cf12353355">アカウントを作成するこのフォームを使用</text>
  <text digest="814df24aafe2a2e88ce6f85134f4dd8d">ユーザアカウントを使用しますか?</text>
  <text digest="e55adecd2f6d6a34c281c35189b654ed">ユーザアカウント</text>
  <text digest="1edcdad89b3a2245d759a169da1bf5a3">ユーザID</text>
  <text digest="92f1b1481fa6ff46c4a3caae78354dab">ユーザ名</text>
  <text digest="f9aae5fda8d810a29f12d1e61b4ab25f">ユーザ</text>
  <text digest="a9647e3663a9e7f4b094d3b9f8e40aa9">検証変数</text>
  <text digest="3f68e67dc6c397aaa9d1c24c356f754f">確かめられます</text>
  <text digest="9df5e418b69684e9c225bea8bf78f870">確かめられますか?</text>
  <text digest="522bf35ce3719884885e0e3c6a03f0bf">警告!</text>
  <text digest="a750407248427e74c2d7a28eeec8b852">私たちはあなたの注文を処理することができませんでした。</text>
  <text digest="bedac05f805c4746882e489e78b84f03">ユーザの領域でもしあるならば何をするべきですか?</text>
  <text digest="aacc829a685b96825cd2f816658d0085">中で誤りを分析するXML</text>
  <text digest="93cba07454f06a4a960172bbd6e2a435">はい</text>
  <text digest="c642c7a681c3bd55312067aa05185e2a">はい、格子を削除したいと思います。</text>
  <text digest="0a795523e2fcfc2df79e52af297d0e1a">はい、言語を削除したいと思います。</text>
  <text digest="9f7194f7ec9dfb7937e3cbea3d042c48">はい、記事を削除したいと思います。</text>
  <text digest="608e8153c8e49a1ef7c2c38f8ef7c1e7">はい、ニュースレターを削除したいと思います。</text>
  <text digest="936ea009ed99dd34ca517e708869f93a">はい、Iはユーザアカウントを削除したがっています。</text>
  <text digest="27fcbc851fea2ec63719e998b88f9793">はい、この領域を削除したいと思います。</text>
  <text digest="4dbf7624e437cd4711e5d77ce24ed154">はい、ファイルを上書きしたいと思います。</text>
  <text digest="b4eb4e49176872cff5d0d58129a9336b">あなたはすべてのテキスト、またはまだ翻訳を持っていないそれらのテキストしか輸出することができません。

翻訳をした後に、あなたはファイルを逆輸入することができます。</text>
  <text digest="16cdce413f6e657526f53c48bde7aff6">あなたは言語使用を輸出する必要があります。</text>
  <text digest="adfd19e0fe33a9752f0e39596b38303a">あなたは走るべき</text>
  <text digest="5ac272b74089a85e706873a025f1f929">あなたはすぐどうあなたの画素をアップデートするかに関する指示で私たち

からメールを受け取るでしょう。</text>
  <text digest="a0623b78a5f2cfe415d9dbbd4428ea40">あなたのアカウント</text>
  <text digest="e868dd111353d296c2a78c9808c21337">あなたのコメント</text>
  <text digest="26437b002b58282199ab6818edee7bcf">あなたの確認番号は</text>
  <text digest="acbd4f68b2ca837345b216b38e418b22">あなたの詳細</text>
  <text digest="890c49344604346a2ae9ff5c700c2845">あなたのメールアドレス</text>
  <text digest="817b8002b596344349ad2a2f44c066c7">あなたのメールアドレスは有効なアドレスであるように見えません</text>
  <text digest="c49c70de9f24981a975d0c3dd6f6ec35">あなたのメールアドレスかパスワードが間違っています</text>
  <text digest="ce1f86955fbfd05ab0622d04458dd680">あなたのメールアドレスはあなたのアカウントログインになるでしょう</text>
  <text digest="7d8ac38c5db6ff413900f295797695fe">あなたの友人のメールアドレス</text>
  <text digest="174fc8804f98a6ee65c3d24c8779a142">あなたの友人のメールアドレスは有効なアドレスであるように見えません。</text>
  <text digest="29a313aaac4e35189ba323153d8b91cb">あなたのイメージ</text>
  <text digest="71cb324233a6412bfff64c2530b54911">あなたのログインの詳細をあなたのメールアドレスに送りました。</text>
  <text digest="614cffa523202658a898e34a5d94d05e">あなたの名前</text>
  <text digest="df15356c756aed37b001685b36c45b69">あなたの画素</text>
  <text digest="b9fe0b9250a8d4d3d21fd4885af235f9">あなたの画素をアップデートしました。 ありがとうございます。</text>
  <text digest="0bb1b513ccc003593dc4f6118f919e82">あなたの再入されたメールアドレスは合いません; チェックしてください</text>
  <text digest="4b3f3b3f711d814c0820e2c6bbdea119">あなたの再入されたパスワードは合いません; チェックしてください</text>
  <text digest="38b235bcc8fc76c2f9f4853912365580">あなたの推薦に発信しました</text>
  <text digest="9e4c86c49f0ef3e9f73ae04e314d574e">あなたの選択</text>
</language>		
