<?xml version="1.0" encoding="utf-8"?>
<language code="ru" name="Russian" decimal_sep="," thousand_sep="?">
  <text digest="dacf7780c271d6dee2e97ca41550a167"><!--'Link to Us' Configuration--></text>
  <text digest="8a96c9e95aa70060607b54b251d2f498"><!--'Link to Us' feature enabled?--></text>
  <text digest="b8b71e09c6bc6813947931d7640c0b17"><!--(0 to disable this feed)--></text>
  <text digest="f679fc5558402f85339ec5a7e47a2d65">(0-100, 0=без изменений)</text>
  <text digest="237904cc5ea18e8ead0cf8798c8bb584">(0-100, 0=непрозрачный, 100=полностью прозрачная)</text>
  <text digest="c3c3f39c5dc893be1f9a75195f964b5c"><!--(Applies only when all grids are on one page)--></text>
  <text digest="2cfe6c6ee7bf12671c84a2b601ee7e61">Оставьте пустым чтобы сохранить текущий пароль</text>
  <text digest="6f0646d61d342cf041668c1b3aabf257">Должно быть как минимум длинной в 5 символов</text>
  <text digest="68cc3e8d8723a18074c321b0394971b7">Один адрес в строке</text>
  <text digest="f53d1cd25e03173ba9eaa4e493636769"><!--(optional)--></text>
  <text digest="9925b49f589de664fd13363b81185cce"><!--(optional) Passphrase used to compute the V2_HASH field on the status POST from E-Gold. If left blank, the V2_HASH field is not checked.--></text>
  <text digest="abf1466a134e33828b39e1f438ec70b1"><!--(optional) The merchant name to be displayed on the E-Gold payment form. If blank, your Site Name will be used.--></text>
  <text digest="3ad51f84f9fcd139c484b9657449fc6a">ККЗЗСС шестнадцатеричные разряды</text>
  <text digest="c7ff15f8e20c78720107f6bb411b3903">0=без ограничений</text>
  <text digest="cbc74f6e8b0b2115a2ccc6081cba05da"><!--0=regions never expire--></text>
  <text digest="99229b8bd0828fbc41cd0fe5dd80a7c0"><!--2Checkout--></text>
  <text digest="d325c45b4773db5fef3ee8af5c4a48b4"><!--2Checkout URL--></text>
  <text digest="e3f7f54834cb55663cfc8daa3e1296da">&lt;strong&gt;Приметка:&lt;/strong&gt; Исходя из ограничений парсера
PHP XML, XML файл &lt;strong&gt;должен&lt;/strong&gt; быть в кодировке UTF-8.</text>
  <text digest="6bd720f55b7822872fa540ec7a3d3c42"><!--&lt;strong&gt;Note&lt;/strong&gt;: If you do not use APC, purchased regions will be set
  to &quot;Pending&quot; status until you verify payment manually.--></text>
  <text digest="8182cfa35a5fc586582081863a7498b7"><!--&lt;strong&gt;Note&lt;/strong&gt;: If you do not use IPN, purchased regions will be set
  to &quot;Pending&quot; status until you verify payment manually.--></text>
  <text digest="59472063e160a00b0ab488b88ee0da9e"><!--A confirmation email will be sent to the buyer with instructions on
  completing the payment. The subject and body of this email should be editied
  using the &quot;Email Templates&quot; function after you have saved this configuration.
  Edit the template named--></text>
  <text digest="294c070625c56242b19a20468cf07e89">Требуется URL</text>
  <text digest="08bd40c7543007ad06e4fce31618f6ec">Аккаунт</text>
  <text digest="3771bf858c98d52dbc5d250dd1f4e72f">Параметры Аккаунта</text>
  <text digest="2fcecaf04456ae2ceac826fd0ccaaf1c"><!--Account Number--></text>
  <text digest="004bf6c9a40003140292e97330236c53">Действие</text>
  <text digest="4d3d769b812b6faa6b76e1a8abaece2d">Активно</text>
  <text digest="c76a5e84e4bdee527e274ea30c680d79"><!--active--></text>
  <text digest="a5dac79ddad1cbdb8b60c5b347ee047e">Действительный размер</text>
  <text digest="982efc929531febc7ddd68c5ffd9cdcd">Добавить комментарий</text>
  <text digest="365b7e8763e8438d42db3f1f4025074d">Добавить Сетку</text>
  <text digest="1e22f543ce92434613f8518ea3b3d5ee">Добавить язык</text>
  <text digest="a508cd6ee07b35ea8efdf98d6520ce83">Добавить Комментарий</text>
  <text digest="1a41181f428efff363c6711afd3cbaae">Добавьте свой перевод после комментария( но внутри элемента</text>
  <text digest="56cc559d234df2ffabc88b8926592264">Главная страница Администратора</text>
  <text digest="7258e7251413465e0a3eb58094430bde">Администрация</text>
  <text digest="98aa505f420487b8d46ba6c92535060f">Административные поля</text>
  <text digest="2e7f473229466aab583b6a5b6c12944b">Е-mail Администратора</text>
  <text digest="0b8b4e972d0c2d2023c02e036e50ed6e">Е-mail адрес Администратора</text>
  <text digest="2b996dca68382a098fd21e100119868b">Логин Администратора</text>
  <text digest="b1c94ca2fbc3e78fc30069c8d0f01680">Все</text>
  <text digest="0b29c3139b4418d8466c4b5844c97178"><!--All Texts--></text>
  <text digest="717985ca4705973c8e2bcc24f731e685">Разрешить комментарии к блогу</text>
  <text digest="f77903d096bdf6fcb117f22c2470d183"><!--Allow free and paid regions--></text>
  <text digest="77685f51ea1d02fccc44b3618ed54e31"><!--Allow upload images--></text>
  <text digest="9f6c3393a300e107bb5862c551f7bfcd"><!--Allowed parameters: [site_name], [site_url]--></text>
  <text digest="35fb17acce95847b4bdc0632218cb218"><!--Allowed parameters: [site_name], [site_url], [banner_url]--></text>
  <text digest="102779676feeffd385f7038542c05441">уже существует</text>
  <text digest="0208315ed9010b3aa21e0602b80ff5aa">Всплывающая подсказка</text>
  <text digest="c1fd3564fa7e4c04ff48aa628b7a1d4f">Всплывающая подсказка для пикселей</text>
  <text digest="52e3a3684744e0830023dfe2fe36bec2"><!--Alternate Passphrase--></text>
  <text digest="b2f40690858b404ed10e62bdf422c704">Количество</text>
  <text digest="0cd5a075b4d373a7cdfef5ef970a9905">Аккаунт с таким email-адресом уже существует.</text>
  <text digest="4df0983b5f0fef389ff6dde220a2fa00">На ваш почтовый ящик было отправлено письмо с инструкциями по активации Вашего аккаунта</text>
  <text digest="be5d5d37542d75f93a87094459f76678"><!--and--></text>
  <text digest="256dc5b24a8bff2be45053611b5d7688">и все связанные с ним регионы</text>
  <text digest="44ad1813bccc5fe8f24b7143f1a720e5">и все связанные с ним тексты</text>
  <text digest="33e022c6f0615ded20209d196ba220bd">Id Статьи</text>
  <text digest="dd183cda820de726fe770720317eb6af">Назначить их администратору</text>
  <text digest="95eb41376731358258f64bec8aae1bd8"><!--Assigned Product ID--></text>
  <text digest="9159e8b2505e7aa3112e8d92d5bcd662">Попытка удалить строку не сохранена</text>
  <text digest="d2eb444e35c0a71f0a85df8194acb5b6">.</text>
  <text digest="a517747c3d12f99244ae598910d979c5">Автор</text>
  <text digest="a91d9bbd5a19e0ab7eb6debe4b610f5e"><!--Authorize.Net URL--></text>
  <text digest="78945de8de090e90045d299651a68a9b">Доступно</text>
  <text digest="75e7422f2fe253fc69d3f6c148d197ee">Цвет фона</text>
  <text digest="abd809c9e3c1c08e97740f86b8ceabfb">Фоновое изображение</text>
  <text digest="a54f98b0e23e6925c855760cdabd7168"><!--Banners--></text>
  <text digest="be8df1f28c0abc85a0ed0c6860e5d832">Блог</text>
  <text digest="beb8f3cbbe35522c92b2fc1663b51ec0"><!--Blog Articles--></text>
  <text digest="d3f12f6a2441abf9154561d5511cf99a">Комментарии к блогу</text>
  <text digest="ac101b32dda4448cf13a93fe283dddd8">Текст</text>
  <text digest="97b962852e8f5605148f7bb114e90388">Надпись на кнопке Приобретения</text>
  <text digest="30bb48edbb3180b4f158b54154390aca">Купить сейчас &gt;&gt;</text>
  <text digest="9c2e067d34b4a94163e18dec4976ef01"><!--Buy Pixels--></text>
  <text digest="17e697dfe60f359e2f6e7087fcccce38"><!--Cache successfully cleared.--></text>
  <text digest="ea4788705e6873b424c65e91c2846b19"><!--Cancel--></text>
  <text digest="8e4ccc20183151e99e9169d9c9d832a7">Невозможно удалить язык по умолчанию</text>
  <text digest="c0f9c6715531c64943f20597714f075c">изображение CAPTCHA</text>
  <text digest="8f1e77e0d2be21da93cd4d9a939148f7">Изменить пароль</text>
  <text digest="a1a54fabe4d39a33de432c5bcea2a7a4">Изменить на 'Проверено'</text>
  <text digest="9c3cc01fe422f094cbb1e0cc31a53224">Изменить Имя пользователя/Пароль</text>
  <text digest="90052c651c8ee6972bb05e44396ed4a5">Выбрать другой метод оплаты</text>
  <text digest="06f4f7bd90b1c8a0145d18ee55c265c4"><!--Clear Cache--></text>
  <text digest="fe271a89330dc97b08ac297eedddc7d4"><!--Clear Cache Now--></text>
  <text digest="a3b294b172203e5d3cb2840963612ea9">Очистить Скомпилированые Шаблоны</text>
  <text digest="a2185b84cb564de630c6d371938bd55f">Очистить Скомпилированые Шаблоны сейчас</text>
  <text digest="17738df6781b3f3af8dc83fbf55e6493">Статус ошибки Очистки</text>
  <text digest="1357e394106c1adabf10aba7b3bbc3b3">Очистить изображение</text>
  <text digest="1e3708f8221705fb1a889efb229b6035">Нажмите и тащите мышкой чтобы выбрать область с пикселями</text>
  <text digest="b4d9d1a5492bb8505034f44db6e2386a"><!--Click below to purchase pixels--></text>
  <text digest="0df37c3395fea64e33cd4f1670428a7a">Нажмите на сайте чтобы обновить Ваши пиксели</text>
  <text digest="cbdb553aaace16e77bb205e9bc3375ef">Клики</text>
  <text digest="1976d7f704de389d9fe064e08ea35b2d">Столбцы</text>
  <text digest="0be8406951cdfda82f00f79328cf4efc">Комментарий</text>
  <text digest="ba280a9b71dfa9bc4fd987ea66295100">Комментарий(и)</text>
  <text digest="8413c683b4b27cc3f4dbd4c90329d8ba">Комментарии</text>
  <text digest="e14891a26424266ae9fed563cd6db1fe">Комментарии в</text>
  <text digest="be7046a84bd4e51e5100b4751a016147">Скомпилированные шаблоны успешно очищены</text>
  <text digest="07ca5050e697392c9ed47e6453f1453f">Завершено</text>
  <text digest="f1206f9fadc5ce41694f69129aecac26">Настроить</text>
  <text digest="ac00a91889d65fde368168c9ff6d3cf6">Настроить Модуль Оплаты</text>
  <text digest="413e8eec79fec581e1be288e893e0cb9">Подтвердить Оплату</text>
  <text digest="9d3697554a5467105bc4fa6f4b03067e"><!--Confirmation Email--></text>
  <text digest="205bc73c4ab4286a1fb9d4c18322777c">Подтверждено</text>
  <text digest="9aa698f602b1e5694855cee73a683488"><!--Contacts--></text>
  <text digest="a0bfb8e59e6c13fc8d990781f77694fe">Продолжить</text>
  <text digest="5fb63579fc981698f97d55bfecb213ea"><!--Copy--></text>
  <text digest="c884b1a5c353df470b30ffe6d42f9f2b">Создать пароль</text>
  <text digest="739405e73cc9f2e323506440d0883734">Создать Аккаунт</text>
  <text digest="3e09ef3ed19172303d8d36354e509284">Создать переплетенные изображения</text>
  <text digest="cc7f8622005b8863ec2699a204a0ebc3">Создать палитру изображений</text>
  <text digest="aeb0751452ff345883daec1aa25de87c">Создать Область</text>
  <text digest="0eceeb45861f9585dd7a97a3e36f85c6">Создано</text>
  <text digest="73a61696f100b3858511e212a3feea6b"><!--Credit Card--></text>
  <text digest="4dc7aa6ddf532ae536da360ea389430f">Контрольный номер Кредитной Карты</text>
  <text digest="bad374d281f8279e808fb6864fedaf17"><!--Credit Card Exp. Date--></text>
  <text digest="5e038f03415db5461c13d380469436cb">Номер Кредитной Карты</text>
  <text digest="9dc0432a5467a0c376999d3c0f916244">Владелец Кредитной Карты</text>
  <text digest="ccc4262fa6d8d0e05bd79fb58c52e66d">Тип Кредитной Карты</text>
  <text digest="eaf44b0d5410d22d5290eab1f78d336d"><!--Currency Code--></text>
  <text digest="04f7111d089e4727f39ff8a08004e1c1"><!--Currency code for transaction amounts--></text>
  <text digest="94cebe752e18a99e25477a437d006771">Символ Валюты</text>
  <text digest="c2af53a06d067a8aa7b5ed9d888d6333"><!--Current Email Settings--></text>
  <text digest="4bc28f132d571b160ba407e143915de2">Текущий Пароль</text>
  <text digest="de777c62ae5555f733a06f3ca8afeaf8">Ошибка Базы Данных</text>
  <text digest="44749712dbec183e983dcd78a7736c41">Дата</text>
  <text digest="ba989292c988a2d8cc2131b51e13de72">Дата Создания</text>
  <text digest="23f255aef8a8833fbb07a91987d1a42f">Дата Внесения</text>
  <text digest="5a0726d790bf0f64525d48c65f543445"><!--days after expiration. 0=do not purge expired regions.--></text>
  <text digest="b60b959ebf4b1be406e94bd10fc6c6d5"><!--days before expiration. 0=do not send reminders.--></text>
  <text digest="29ee8c149301d3cd854208ce0a542ee5">Символ десятичной точки</text>
  <text digest="22fd15787bc9a2ab3961b3d9b55b373e">Необходима версия языка по умолчанию для тела</text>
  <text digest="9c7382acaa0eff647b9d54d741f97a0e">Необходима версия языка по умолчанию для заголовка</text>
  <text digest="f2a6c498fb90ee345d997f888fce3b18">Удалить</text>
  <text digest="4d5362989c7c72cae7b54c0f0b8cc97f">Удалить Запись из Блога</text>
  <text digest="ca586ff7ae16cd0e4783f5e969bdabf1">Удалить сетку</text>
  <text digest="7ef5e8668303d811f813e8cfee0ba56c">Удалить язык</text>
  <text digest="d000c412d028411920210a16a1ad5acc">Удалить Новость</text>
  <text digest="a8d4361ae1587818d8a5d032c6db9a59">Удалить область</text>
  <text digest="6ac9a034dc3a8b4cf5a3902d2b7755d4">Удалить их</text>
  <text digest="55b6132b7c89a8d0ac0f976e81a68756"><!--Delete this banner--></text>
  <text digest="f8a2cff100250140c8bde8d55fa3c959">Удалить этот комментарий</text>
  <text digest="b533295dc41e729263484fa6851a4b20"><!--Delete this link--></text>
  <text digest="11250a0cf71313e83d01bb2ff9bd49e1">Удалить Аккаунт пользователя</text>
  <text digest="226d815cf7520958de31ee454ac187e1">Удаление сетки приведет к удалению &lt;strong&gt;ВСЕХ&lt;/strong&gt; связанных областей из БД.</text>
  <text digest="dd2e9661c1742b1362fde903f702cba5">Удаление языка приведет к удалению &lt;strong&gt;ВСЕХ&lt;/strong&gt; связанных текстов для этого языка из БД.</text>
  <text digest="703bd0f92eab5c26660442bca97a9af2">Удаление новости приведет к окончательному удалению ее из БД.</text>
  <text digest="d6f727e8bc3b9834fa00154b53d4c9cd">Удаление области приведет к окончательному удалению ее из БД.</text>
  <text digest="5cdb92717822689c27dbef1e9031fc8e">Удаление Аккаунта приведет к окончательному удалению его из БД.</text>
  <text digest="d41fc32cf752b30eaa4952c3ce024201">Удаление статьи приведет к окончательному удалению ее из БД.</text>
  <text digest="8de083bc06a2e250e4899eb953fffdef">Опишите Ваши пиксели</text>
  <text digest="b5a7adde1af5c87d7fd797b6245c2a39"><!--Description--></text>
  <text digest="e5cfc515f312c9e85f367e9854d9963e">Дайджест</text>
  <text digest="0c9150e4e58980159aeb0a1ebeaa1a01"><!--Digest Key--></text>
  <text digest="4d9b3f9649aef4c07e8092b606287727"><!--Digest Key used to validate SECPay callback. Optional; if omitted, callback validation will not be performed.--></text>
  <text digest="a51bc38545605e56fa2fc6f529935664">папки показаны</text>
  <text digest="fb24df5535e7d367bab0b56f4ce8e661">папки, соотв. с текущей информацией по области.</text>
  <text digest="bcfaccebf745acfd5e75351095a5394a">Деактивировать</text>
  <text digest="296993584750e6ab52793cf0e6fbe27a">Порядок отображения</text>
  <text digest="d014344ae4d89aad4137a16ad6a74f69">Вы хотите перезаписать этот файл?</text>
  <text digest="b78ae460675b4d19661913e11951f4aa">не похоже на корректный адрес</text>
  <text digest="d7e210d720545ec137ea7062c59490e8">не похоже на корректный адрес e-mail</text>
  <text digest="a5f61298da21626d0f490ebd06ecd811">У Вас нет аккаунта?</text>
  <text digest="29d0abeab115c63faaf7fc2a3c9cc5ed">Приостановлен на ремонт</text>
  <text digest="ec585a5e4095d996807fc89d55755798">Сдублировать ID оплаты</text>
  <text digest="654003dd185c0b84fcc7e2f1af7459b3"><!--E-Gold URL--></text>
  <text digest="082e55a73f10496681c84231dc1c88f7">E-Mail</text>
  <text digest="185d23ff9526ad93077a1c9ad5ed26a2">Адресс E-Mail</text>
  <text digest="f510776e5c9ba250fcf3ee60e7fe78c8">Необходим Адресс E-Mail</text>
  <text digest="6505425433576237024e3046506a2f4e">Адресс(а) E-Mail</text>
  <text digest="e56f33933c9149377c3236f7db5a31bb"><!--Each text found will be added to the database if it is not already there.--></text>
  <text digest="6b27673aa75d2ca88ad746e7512fcdca">Редактировать Запись из блога</text>
  <text digest="002a3919156b671a6f64e44d0fbf2793">Редактировать Шаблон E-Mail</text>
  <text digest="6259df978c6b6ade43b9610b12ceca8a">Редактировать Сетку</text>
  <text digest="8f6e92037361563f553e283b1cbc139a">Редактировать язык</text>
  <text digest="7de2efab88c509281ba6f5770bb786ce">Редактировать новость</text>
  <text digest="c3c35fbb4b93e280434acb72888c9667">Редактировать историю выплат</text>
  <text digest="2961b2d8f45b1c45a5fe74f0284273de">Редактировать область</text>
  <text digest="2d4aa0297eaffa9eb6d33cad1f1ba38b">Редактировать Аккаунт пользователя</text>
  <text digest="582c365f0918d19bfe0ded51281ebc8e">Редактировать Ваши детали</text>
  <text digest="bdfc5da748534e04c57746d7ea0ed351">элемент не совпадает с запрашиваемым языком импортирования</text>
  <text digest="49c3ba4130a88f7ab532f142fba92efe">). Вы должны только удалить пометки комментарии, если вы хотите использовать Английский текст дословно вместо перевода. Не удаляйте или меняйте атрибут</text>
  <text digest="1fecaa43ef33ed8ede57c234d2016e4b">элементы с непустыми комментариями будут импортированы.Английский текст заключенный в XML-комментарии будет игнорироваться</text>
  <text digest="ce8ae9da5b7cd6c3df2929543a9af92d">Email</text>
  <text digest="e958bee302ce77cb42982784cb7529ae">Формат Email</text>
  <text digest="c143a6b696f32a8cb3aec51f15435239">Шаблоны Email</text>
  <text digest="2faec1f9f8cc7f8f40d521c4dd574f49">Включить</text>
  <text digest="59da89dc4ed7f3ee41b1ad82313b8f91"><!--Enter the description or instructions to be displayed on the &quot;Select
  Payment Method&quot; form.--></text>
  <text digest="e472d07f9c5160054406659749857591">Введите размеры для новой сетки. В дальнейшем нельзя изменить размеры для уже созданной сетки. У Вас будет возможность изменить другие параметры сетки на следующем шаге.</text>
  <text digest="5c9bbb4545226701e9593cb8c7000a20"><!--Enter the title you want users to see for this payment method--></text>
  <text digest="a72ac3935e10f07971dc6934557ef6ca">Введите Ваш адрес E-mail</text>
  <text digest="4440c0be08f987170f74405f2fabc6a6">Введите Ваш адрес E-mail</text>
  <text digest="902b0d55fddef6f8d651fe1035b7d4bd">Ошибка</text>
  <text digest="072d0ff589d26935fcb26469fe880bf5">Ошибка?</text>
  <text digest="5ef0c737746fae2ca90e66c39333f8f6">Ошибки</text>
  <text digest="0a52730597fb4ffa01fc117d9e71e3a9"><!--Example--></text>
  <text digest="2aef74ba8cae1f8c81d9e38ad08210f3">Ожидаемый id</text>
  <text digest="652ae06667a8dcee10bf4f69d14cac28">ожидаемый id</text>
  <text digest="24fe48030f7d3097d5882535b04c3fa8"><!--Expired--></text>
  <text digest="8d7f12bd0dc53389421144669ff4ee63"><!--Expires at--></text>
  <text digest="2e9f0959ddacd049dab04aae3949fc82"><!--Expires At--></text>
  <text digest="90bd4d50d8cd2351aedaadb54aca3205">Экспорт Языковых Текстов</text>
  <text digest="f284bb28034af699d1206d2cc04c8bd9">Экспорт Языковых Текстов</text>
  <text digest="63f1df06278dd9eb5e07a2ae75e66d08">Экспорт Текстов</text>
  <text digest="1fe917b01f9a3f87fa2d7d3b7643fac1"><!--FAQ--></text>
  <text digest="d35cb13c0691021f9edfad95d082e1ee"><!--Feature Status--></text>
  <text digest="4cfa6c981549e990fe2344e4c805405e"><!--Find--></text>
  <text digest="8b04d5e3775d298e78455efc5ca404d5">первый</text>
  <text digest="bdfab27698872612a30a2ad26368cef9">первый, если вы этого раньше не делали.</text>
  <text digest="bc910f8bdf70f29374f496f05be0330c">Имя</text>
  <text digest="c6631869fbb1e424e58bf74cdbc387cc">Имя необходимо</text>
  <text digest="35f08455ee160230ff4132696f02776c"><!--for blocls with square less than--></text>
  <text digest="960bb5437ee8ab3775e0f33306bef9a5"><!--for regions contain more than--></text>
  <text digest="5188c95fcfc3875a0554aaa564278507">Забыли пароль?</text>
  <text digest="b24ce0cd392a5b0b8dedc66c25213594">Бесплатно</text>
  <text digest="52f4393e1b52ba63e27310ca92ba098c"><!--General Settings--></text>
  <text digest="06f2af60252c3575920b9fa1632c62d4"><!--Get Free Pixels--></text>
  <text digest="e07c456cc0a34e7dba1e64f0e2b43465"><!--Get Now &gt;&gt;--></text>
  <text digest="8be74e315d95cf330323b8fd56e82653">Получить пиксели</text>
  <text digest="5174d1309f275ba6f275db3af9eb3e18">Сетка</text>
  <text digest="172b15accf31c1b20be0e05d04170e57"><!--Grid Columns--></text>
  <text digest="610930c7ebefa254adf1b54173302149">Описание Сетки</text>
  <text digest="e7ada0a0fe0f6526f47f0b3febc6c622">Высота Сетки</text>
  <text digest="d2bc02659318db2da688b38ff330e374">Название Сетки</text>
  <text digest="dec060b37ff36f2bcf49cfd9c5041728"><!--Grid Performance--></text>
  <text digest="7663ae33dc58d5c765bdbcafc202cfa6">Заголовок Сетки</text>
  <text digest="147ba37d1b04b43e4fa445a65b72e640">Ширина Сетки</text>
  <text digest="268409e5f6aa5240754cd811eb2055b9">Сетка(и) успешно опубликованы.</text>
  <text digest="1aa4d06e8e68435726ccfab06f17ed4c">Цвет линий Сетки</text>
  <text digest="bebd00372b825306ad52eb7689461ae6">Прозрачность линий Сетки</text>
  <text digest="e985db04b7808550d0276a72890ded91">Сетки</text>
  <text digest="cc72b836bde0c046cd09151316b4aedf">был экспортирован в</text>
  <text digest="9ac6f89f824e9679c85ead5d1d33f494">был импортирован из</text>
  <text digest="8cf04a9734132302f96da8e113e80ce5">Дом</text>
  <text digest="4c4ad5fca2e7a3f74dbb1ced00381aa4">HTML</text>
  <text digest="e0ec89dede7dfb470b66327694fcd96c"><!--HTML Code--></text>
  <text digest="3988a205b1e3c7ec7fc57362ff55c2bf"><!--I will fill details later--></text>
  <text digest="490aa6e856ccf208a054389e47ce0d06">Id</text>
  <text digest="7fdb02ebe0a920ab3913c77ca78d3774"><!--If an e-mail address is entered, the middle digits of the credit card number
   will be sent to the e-mail address (the outside digits are stored in the database
   with the middle digits censored)--></text>
  <text digest="4d8145a48fad3a64d979ece1c7c8da01"><!--If this value is 0, free regions will not be allowed. Please set price to pixels--></text>
  <text digest="1dc2fb4c9d0bd771d956a75a07c7e6ae">Если у Вас уже есть аккаунт, вы можете</text>
  <text digest="5f1177ae763331f74bc66dd9a7372c94"><!--If you enable the 'Link to Us' feature, a link is
    added to the site toolbar that shows a page containing banners and/or links
    that other sites can use to link to your pixel site.--></text>
  <text digest="d507f81279d3dd09ee13c718820eb75c">если вы хотите связаться с нами по поводу этой транзакции.</text>
  <text digest="be53a0541a6d36f6ecb879fa2c584b08">Изображение</text>
  <text digest="323126045a230b218de6ebd6a53fb7f8">Файл картинки</text>
  <text digest="bb10b1837ff0698fd821afedbfdd6a66">Яркость изображения</text>
  <text digest="712bd47cf0934a7240b43b79d9f0667f">Импортировать Языковые Тексты</text>
  <text digest="e756487927dd90f1e390f5e37728011c">Импортировать Тексты</text>
  <text digest="3cab03c00dbd11bc3569afa0748013f0"><!--Inactive--></text>
  <text digest="8dee49165153fc68ffacb5f7f7bf9a3a">вместо</text>
  <text digest="dbf373dd3565accf2d2fd19700f6a5ae">Неверное действие</text>
  <text digest="6e659c47c94d1e1dc7121859f43fb2b0">Неверный адрес e-mail</text>
  <text digest="662bba18b2ddcc9c1839c2229ef25c04">Неверное значение email_key</text>
  <text digest="9c10994e78fa30b3fedebecbf545a0a4">Неверный module_key</text>
  <text digest="578f377f078ccbccfe26ea07184460e4">Неверное Имя Пользователя или Пароль</text>
  <text digest="2a7496443759d23b3465d44f38ff5836"><!--ipayment.de--></text>
  <text digest="8cc8dd9e9f19da2eec5b1099102e64ad"><!--ipayment.de URL--></text>
  <text digest="cde17aa92ac50788ad11b07bf1dc3fdc">в настоящее время приостановлен на ремонт. Пожалуйста проверьте позже.</text>
  <text digest="0a5fa53f3f20f67f98bd6c3b16df059d">необходимо</text>
  <text digest="d5b4d696faf96035dadc0a5511ec0202">Языковые Тексты для языка</text>
  <text digest="273d4de0292e898b50f9057a136b250d">Язык для экспортирования</text>
  <text digest="36aed4d2adb24c429f2730acae8995be">Язык для импортирования</text>
  <text digest="4994a8ffeba4ac3140beb89e8d41f174"><!--Language--></text>
  <text digest="32e24b0772629ec41145845076f2f172">Код Языка</text>
  <text digest="f40309c7972d85f25b031d3e131f4e21">Название Языка</text>
  <text digest="911b64dd7764a81f683994d1ea5774d3">Языковая поддержка</text>
  <text digest="d4cb0947a71dfcaa0460d8fd3b42ba9c">Языковые тексты успешно обновлены.</text>
  <text digest="77587239bf4c54ea493c7033e1dbf636">Фамилия</text>
  <text digest="e51b62746c48b9311ae857890adb70ba">Фамилия необходима</text>
  <text digest="cd11f398ae7a1f254d4eaca958e6d002"><!--latest blog articles--></text>
  <text digest="85c35ed40caff8575c3c86721826b2e1"><!--Latest Pixels--></text>
  <text digest="6691dace894a729d5f820d2385c9e30f">Оставьте пустым, чтобы сохранить текущий адрес</text>
  <text digest="ed0028074cce914a81c423192f4db197">Оставьте пустым, чтобы сохранить текущий пароль</text>
  <text digest="4803e6b9e63dabf04de980788d6a13c4">Строка</text>
  <text digest="73b54210acb981cba7344e80d534d6f1"><!--Link structure (SEO):--></text>
  <text digest="135a418b83bba4b5bfab3c9357717e13"><!--Link to Us--></text>
  <text digest="bd908db5ccb07777ced8023dffc802f4"><!--Links--></text>
  <text digest="a849a06e943c4fa48e32586816a93852"><!--Live Mode--></text>
  <text digest="7f6fbb44cccb149e4d471b1b9bc7f1c2"><!--located at the back of the credit card--></text>
  <text digest="ce5bf551379459c1c61d2a204061c455">Размещение</text>
  <text digest="3bbbad631029e3575da7a151bba4f37c">Регистрация</text>
  <text digest="b0c2b25b3312c7a32d7aa9d701b6ae1d">Выход</text>
  <text digest="99dea78007133396a7b8ed70578ac6ae">Регистрация</text>
  <text digest="727a06fe428c3c352ef4adb42e701c14"><!--Login Username--></text>
  <text digest="8d325991c05bf2189dd357a7d4c1383f"><!--Login/Merchant ID--></text>
  <text digest="ca4f3efadbb7046b017f0baaa9cca42a"><!--Login/Merchant ID used for the 2CheckOut service--></text>
  <text digest="0323de4f66a1700e2173e9bcdce02715">Выход</text>
  <text digest="ab5b979f7bc8c846b49e736bb8bc890a">Выкл. лупу</text>
  <text digest="10bf5d79406f984de7f857e8377eb640">Вкл. лупу</text>
  <text digest="290267b42926ffd9c4012025c7e7bfdb">Управление Сетками</text>
  <text digest="4da1d963b8a0f7e9c699d38a2a40ea90">Управление Языками</text>
  <text digest="ee3715bb2ddfb3c05d5a1049d2adf71e">Управление Областями</text>
  <text digest="8d8cc5c9e9d56cdb0736658e9ba3f10f">Максимальная Высота Области</text>
  <text digest="97f04b260655a4d308b5e92f3d180cdd">Минимальная Высота Области</text>
  <text digest="9b726bb59c06c0b4ea5f01a39a736b53"><!--Maximum square for free region--></text>
  <text digest="c5af03f39de28b0deaaae6102a981d40"><!--MD5 Key--></text>
  <text digest="b5d916dce2eda8cc32037dcbdf153414"><!--MD5 Key used to create hash on Relay Response. As defined in your Authorize.Net merchant account settings. Recommended. If blank, MD5 hash will not be checked for authenticity.--></text>
  <text digest="447d0a47f7918a98b6dd07b381d99957"><!--Merchant Account Name--></text>
  <text digest="a5933aaedffd4397755d3341b6fca835"><!--Merchant Account Number--></text>
  <text digest="229a7ec501323b94db7ff3157a7623c9"><!--Merchant ID--></text>
  <text digest="6e589d0d1d41de8f11951ce220257693"><!--Merchant ID to use for the SECPay service--></text>
  <text digest="3f94d1e640458b34b67f839b8d82c116"><!--Merchant ID used for the PSiGate service--></text>
  <text digest="457add0e51960b82ece5a58dbd77fc59">Объединить адреса:</text>
  <text digest="4c3880bb027f159e801041b1021e88e8">Метод</text>
  <text digest="e55f75a29310d7b60f7ac1d390c8ae42">Модуль</text>
  <text digest="1371806a9b330a76714c1470e0396249"><!--most active pixels--></text>
  <text digest="41a0e6202ccb0a7f3111b5abbc484a22"><!--most recently added pixels--></text>
  <text digest="6bc362dbf494c61ea117fe3c71ca48a5">Переносим</text>
  <text digest="f6a6ca885373e7c51d062a119c87e8fd"><!--Multiple Pages (one grid per page)--></text>
  <text digest="bfe40d134c486fdca406470f14dd9165">должно быть &gt;= 0</text>
  <text digest="4b6aa34a50f26e2467e5a35c2ae06247">должно быть кратно</text>
  <text digest="006472a83fd02e2b94fe0a57b711f6a6">должна быть строка из шести шестнадцатеричных знаков</text>
  <text digest="e9b3b28bb29b162e2f0f464a923e0e7f">должно быть число</text>
  <text digest="45e45c524ab0f6767ff5557e3d12a45c">должно быть между %s и %s</text>
  <text digest="49ee3087348e8d44e1feda1917443987">Название</text>
  <text digest="dca3367dab56f64e35cb9e1909aa5438"><!--New Article--></text>
  <text digest="2816b5c8a6d091b92e2a8225d38187b1">Новая запись в блоге</text>
  <text digest="b4b5a594db37ac41771ac560e065d25a">Новый адрес E-Mail</text>
  <text digest="59b53c186d2f13dc1824484fb58e112c">Новая Сетка</text>
  <text digest="c8bd41f5d0c0d9b5ecb3b2078bcb8726">Новый Язык</text>
  <text digest="95b461a61178d3c1b6be12587fcc4f69"><!--New Link--></text>
  <text digest="48f4d45876bb72765da898c88716915d">Новая Новость</text>
  <text digest="ae3bb2a1ac61750150b606298091d38a">Новый Пароль</text>
  <text digest="fdde48f3e6b48ff72d35274886b96be8">Новость успешно разослана.</text>
  <text digest="31a5a1743892bdd5a8d76f11666e6e34">Новость к отправлению</text>
  <text digest="d04ccf61aef8e1107d25b84cf8e37d55">Новости</text>
  <text digest="bafd7322c6e97d25b6299b5d6fe8920b">Нет</text>
  <text digest="a2519dd09f48ea0c3b48cc3508f4b813">Языковых XML файлов не найдено в</text>
  <text digest="0447eeeaea8a6d1341633f14cd15b4b3"><!--No languages were found to export. You must create a language with--></text>
  <text digest="a944690800dd22e1e0051b477ae699a9">Выплат не найдено</text>
  <text digest="459dfbb7f44151c96311b134ec1b9148">Платы не требуется. Выберите &quot;Продолжить&quot; чтобы создать Ваши пиксели.</text>
  <text digest="7da443515552d7ef3adae7f84f8f3662"><!--No payment is required. Select &quot;Continue&quot; to renew your pixels.--></text>
  <text digest="0f542d33bb0c412c7c0db5bcd9b88be7">Платы не требуется.</text>
  <text digest="ef375a785900d13150aa6bab6037f458"><!--NOCHEX URL--></text>
  <text digest="2c2c119ca45242ef6c45dd9c576aaea9"><!--NOCHEX Verification URL--></text>
  <text digest="334c4a4c42fdb79d7ebc3e73b517e6f8"><!--none--></text>
  <text digest="0af453b8ad0f94a2b18912678bb335f0">Не весь текст был импортирован</text>
  <text digest="d8f4a1993546cc4b850cde3599e27aec">не найдено</text>
  <text digest="6b9e1554c38b0ef13a767234d781d0e2"><!--Note: If you do not use a digest key, pixels will be placed in &quot;Pending&quot; status until you manually validate the payment.--></text>
  <text digest="c635b33adf029cda0093863b71edcd0b"><!--Note: If you do not use a secret word, pixels will be placed in &quot;Pending&quot; status until you manually validate the payment.--></text>
  <text digest="f4c6f851b00d5518bf888815de279aba">Заметки</text>
  <text digest="61be35a3cfe699407875a1daadcd37ea"><!--Number of Grids--></text>
  <text digest="8392461cf759088854e16710b9b75d1a">Только</text>
  <text digest="850068ca05fab9932deb436fcc2f51c0">Только языки, для которых существуют XML-файлы в</text>
  <text digest="f373f6c6c683587c6b5b621da293cebb"><!--Only Untranslated Texts--></text>
  <text digest="285c71407955765dd84cd3e7a55daf4d">Или выберите одно из указанных ниже изображений:</text>
  <text digest="6311ae17c1ee52b36e68aaf4ad066387">Другой</text>
  <text digest="43b09d8c4500e3b049d0315004dd1650"><!--Overall Peformance--></text>
  <text digest="84afdaed336ddb6e9e408db4e50dc14c"><!--Overall Pixels--></text>
  <text digest="3f70f03550aca2dc979d186e3c9d75e1">Параметры Доступны</text>
  <text digest="dc647eb65e6711e155375218212b3964">Пароль</text>
  <text digest="4a9c16cd3b4e937464aeec7d67dbf67a">Пароль должен быть минимум 5 символов</text>
  <text digest="06df4bfdd9e2861a328b6a0a60295a96">Пароль отправлен</text>
  <text digest="da9c72b9e543135f3f59e3c8ac68ef35"><!--Pay with--></text>
  <text digest="b06c5ecc37b9cd61a0cab0534ed1f15d">Ошибка Оплаты</text>
  <text digest="91a1bd08a417cbd1ce9ee50d8c67bab6">История Оплат</text>
  <text digest="1e63d1811556fc2dad106dcbd4217a69">ID Оплаты</text>
  <text digest="8b34365831eadc0f27586c35fb2c5d91">ID Оплаты не установлено</text>
  <text digest="80c2c764b172f3319312bb891f7d8e7b"><!--Payment Metal ID--></text>
  <text digest="39607b5b123d2837b8427cfddeb73077"><!--Payment metal ID code from the E-gold interface specification.--></text>
  <text digest="707436a5aa13b82a4d777f64c717a625">Метод Оплаты</text>
  <text digest="6cbce829ab8d77328a5e093efc071dab">Модули Оплаты</text>
  <text digest="a9afb81f203651728b321a2d316d24bc">Оплата не закончена</text>
  <text digest="8ab6e799b449769e1c85609bb71fc450"><!--Payment unit code from the E-gold interface specification.--></text>
  <text digest="1663eb8df7ce6eb521ba7a177cdc0ad5"><!--Payment Units Code--></text>
  <text digest="daef64964ee3b9b904f5d467586e217f">Платежи</text>
  <text digest="7151659d7bfc6dc38c1b5c922a32bddf"><!--Paypal currency code for transaction amounts--></text>
  <text digest="f8b4e458df69d7b07a0becb8c90a341d"><!--PayPal URL--></text>
  <text digest="429fbde7882df7d452959d100f625d2f"><!--PayPal Verification URL--></text>
  <text digest="6c337e39024461919930ad471ae169e5"><!--PEAR::Mail did not return any errors.--></text>
  <text digest="2d13df6f8b5e4c5af9f87e0dc39df69d">В очереди</text>
  <text digest="fe3838c7c11aa406dd956566e17360d5">на</text>
  <text digest="4b4ebf8bc3adee2af4f8a818e98eaadd">На блок</text>
  <text digest="c399ace8bdd28dcb36190197ed8d1810">на пиксел</text>
  <text digest="2338c4450e3e37e94c766b6f3a117add">блок пикселей</text>
  <text digest="dc0981bf1c3a58ee19a694d2d924e507">Список Пикселей</text>
  <text digest="b806b636baef257e5e767c04b6aa9d93">Владельцы Пикселей</text>
  <text digest="c3d2f5d37334dc978fd8b17fc77408a1">Пиксели</text>
  <text digest="d399848208da8b80a306af0fd62bb03f">пикселей</text>
  <text digest="aa96728344423187c7477819cdb2600d">пикселей (должно быть кратно</text>
  <text digest="94c9c74f6bda44f4e749215cc1629178">Пиксели проданы</text>
  <text digest="88831291c9aab03e0f3e4304e02fd34c">пикселей;должно быть кратно</text>
  <text digest="66634744f2026fc128e5550a69965d47"><!--pixels; size of square side which will be used for region select and price calculation.--></text>
  <text digest="e44b145bd8b49b06e0ad2ced1ad56466">Текст</text>
  <text digest="27e4596406eff1a65381806facfd75aa">Пожалуйста подтвердите детали оплаты ниже:</text>
  <text digest="c8f84ddee81641eb502c98df915dac05">Пожалуйста создайте пароль минимум 5 символов</text>
  <text digest="3066d74f56ce60e0d9d7c33b63f49ec9">Пожалуйста введите минимум один e-mail адрес</text>
  <text digest="90c599e1aba75b071b31c68e0cc7c46e">Пожалуйста введите Ваш e-mail адрес</text>
  <text digest="393d545b14b8865c4121a3ccc58e9db9">Пожалуйста введите Ваш e-mail адрес</text>
  <text digest="396174fcd62305830c9f0d78ace8e38c">Пожалуйста введите Ваш e-mail адрес (используется при покупке пикселей) для подтверждения идентичности.</text>
  <text digest="b7c0f5c88cb24f6f957d16a141f7b35f">Пожалуйста введите Ваш e-mail адрес чтобы мы могли связаться с Вами по поводу Ваших пикселей. Мы отправим специальную ссылку которой Вы сможете воспользоваться для смены изображения на пикселях, URL или заголовок.</text>
  <text digest="67372fd578db62fc68dace10251b0cda">Пожалуйста введите Ваш e-mail адрес</text>
  <text digest="d204f77cee6364285eac4a5c619ef398">Пожалуйста введите Ваше имя</text>
  <text digest="a4cd68d07493873243dccd63aa7ba0a7">Пожалуйста введите  e-mail адрес вашего друга.</text>
  <text digest="355f1b7d95d1b0e67b2c3e6425766f21">Пожалуйста введите Вашу фамилию</text>
  <text digest="3bcf2f9ff620e72576bba9dadd0570fa">Пожалуйста введите Ваше имя</text>
  <text digest="94afdae0167fe5386318343db5da4c84">Пожалуйста сохраните этот номер в случае если вы захотите связаться с нами по поводу Ваших пикселей.</text>
  <text digest="54ddd162c77ceb6a136f831456c16e27">Пожалуйста зарегистрируйтесь перед тем как продолжить</text>
  <text digest="c7f1380a005a2b5100f310ab02add80b">Пожалуйста зарегистрируйтесь чтобы получить доступ к Вашему аккаунту</text>
  <text digest="b6acebbdd243e7db2506aee7f05c0f2a">Пожалуйста сошлитесь на ID</text>
  <text digest="1e0c97491f44d9f69e5753ba75e0d5f3">Пожалуйста выберите язык</text>
  <text digest="cc6c0386db75e53308201df2586b835c">Пожалуйста выберите область</text>
  <text digest="56989a8917279546e4ac5467d3773f11"><!--Please upload a valid banner file--></text>
  <text digest="0c5cb0cc4d9883b800c5a7f89dea16c0">Пожалуйста загрузите валидный файл</text>
  <text digest="5ddfcba9dcfe8a6803691120e5caa7a5"><!--Please use the HTML code below to include a banner or link to--></text>
  <text digest="60cc25cace35df4995d399983cc18cc3">Предыдущие статьи</text>
  <text digest="3601146c4e948c32b6424d2c0a7f0118">Цена</text>
  <text digest="f2c12ae14393ffc83551d56f32bb03cc">Цена:</text>
  <text digest="97f08a40f22a625d0cbfe03db3349108"><!--Product ID--></text>
  <text digest="328172f8a6950ff2b096fdded7f56a90"><!--Product ID for pixel purchases as defined in 2Checkout database--></text>
  <text digest="f122966b851a495a4b20f1046cc9ea67"><!--Product ID Type--></text>
  <text digest="2601376ffa69ba1678ea0e87ac9bed32"><!--Product ID type for above ID--></text>
  <text digest="756d97bb256b8580d4d71ee0c547804e"><!--Production--></text>
  <text digest="53d780d36411919efcd627a120146cb2"><!--PSiGate--></text>
  <text digest="a9dda7391df67c468fef2abaec10a506"><!--PSiGate URL--></text>
  <text digest="078c143e2784ab118f20185fe825f8cf"><!--Public Site Status--></text>
  <text digest="fee74df59e9060cea4f227130b6a38d4"><!--Purge At--></text>
  <text digest="21de26caa6bcfc936378c4e45d235bd9"><!--px--></text>
  <text digest="760d643b436dc8b45291ac8a9e490584">Повторите ввод адреса E-Mail</text>
  <text digest="61ee91f7c2163418ca2682083b030685">Повторите ввод нового адреса E-Mail</text>
  <text digest="b7b5c6d6b7bf1a7d9a4129ed8d08e81b">Повторите ввод нового пароля</text>
  <text digest="67589722e4f4bbe6aa7c843d1de2dff9">Повторите ввод пароля</text>
  <text digest="7f547bae34e148f552c6dc4e0601ec1c">Повторите ввод Вашего адреса E-Mail</text>
  <text digest="1a4bf7b868e3d052692955fe17c303cd">Введите снова новый пароль</text>
  <text digest="cc32a5ae9823284e6dccefcde24902d1">Требуется подтверждение для области?</text>
  <text digest="03da4ecf5561330343305d4a5ae8cc73"><!--Region Expiration Days--></text>
  <text digest="8b1fd00c74b7679cb1bd405a861b9236">ID Области</text>
  <text digest="500eaf81db12b69f7eadaea2c6b66ae0"><!--Region Purge Days--></text>
  <text digest="9557a2cf247b0c099bf59b216e82bb2b"><!--Region Reminder Days--></text>
  <text digest="5948f3347ebc02ebc690227c059661e1">Области</text>
  <text digest="536484aef5079c4ef1baf2ca70d2b385"><!--Remote Password--></text>
  <text digest="7050acfa088a6876eac392ed3b95ece9"><!--Remote Password used to authenticate outgoing SECPay post. Optional; if omitted, outgoing authentication token will not be created.--></text>
  <text digest="9c3321513efe6a8b5c02b299cdec4099"><!--Renew Your Pixels--></text>
  <text digest="ccb45cbbf82b81b2c6c405ecb8b91e6c"><!--Renewal Amount--></text>
  <text digest="521b92341ad4f6777ae0e120686048ad"><!--Renewal Term--></text>
  <text digest="5dec156b63fee20ec9d84d44e5cebebd">Заменить изображение</text>
  <text digest="f9e88481552d37c3c5199d869f55d43d">Переопубликовать Сетки</text>
  <text digest="57fe3188ed92a4c4a52f0622231ae8a5">Переопубликовать Сетки сейчас</text>
  <text digest="942d4e37dd5607ab68e54755540d4a47">Зарезервировано</text>
  <text digest="0d0e2934af7d3bc4e7263fcb1f9bc51c">Получить пароль</text>
  <text digest="20d781bd6c9966b7ea0c9f412e68f8bc">Вернутся к Домашней странице</text>
  <text digest="e9240f36ed15021b0803db24ef91747e"><!--Return to Your Pixels--></text>
  <text digest="bf1981220040a8ac147698c85d55334f"><!--RSS--></text>
  <text digest="80b1ccb25b3556485072b5f37d151ef8"><!--RSS Blog Articles Feed Size--></text>
  <text digest="65e463a3a2e3cb901c0b7d2b75cbd941"><!--RSS Feeds--></text>
  <text digest="4168a75db0aab0db15cc832dc9cc62d7"><!--RSS Latest Pixels Feed Size--></text>
  <text digest="99ee6e6cf5e9be66709427d3106189a3"><!--RSS Top Pixels Feed Size--></text>
  <text digest="c9cc8cce247e49bae79f15173ce97354">Сохранить</text>
  <text digest="f5d6040ed78ca86ddc73296a49b18510">Сохранить изменения</text>
  <text digest="0bc3427d153784fd483102834aa250ca">Версия Скрипта</text>
  <text digest="bfbeb03c208fdb1562a91a562a225b32"><!--SECPay--></text>
  <text digest="abb2dbc56e5d5fe64b25a654e3ca906d"><!--SECPay currency code for transaction amounts. Optional; if omitted, default currency is used.--></text>
  <text digest="4add3eedc14871e964c5743e78e53fae"><!--SECPay URL--></text>
  <text digest="5eb6bb157528b365f84c27bb4784031b">Секретный ключ</text>
  <text digest="8ff3a34bc1e8a288f646c9600fcd6037"><!--Secret Word--></text>
  <text digest="2eb4ed12d9d6e8baa2648b3bc49085ac"><!--Secret word used to validate MD5 hash on post from 2Checkout. Optional.--></text>
  <text digest="776ce18ce0df318a12121c92afab7279">Выберите заголовок новости чтобы редактировать или удалить новость. Перейдите по ссылке &quot;Копировать&quot; чтобы создать новую новость, скопировав существующую. Пройдите по ссылке &quot;Новая Новость&quot; чтобы создать новую пустую новость.</text>
  <text digest="77fca7e3184ca2747a7f4296d0694dbe"><!--Select from a one of the predefined images below:--></text>
  <text digest="7d1cd83f94cc1b04eaa07df260b0e29d">Выберите Сетку</text>
  <text digest="047feb1823201faa75c7f5c2621ba2e5">Выберите метод оплаты</text>
  <text digest="6510ea0815f4f5fa90b9d67d87564ea0">Выберите Ваши пиксели</text>
  <text digest="c44dad63456aaaf51cb36f00d215f6e1"><!--Selectable square side size--></text>
  <text digest="91b442d385b54e1418d81adc34871053"><!--Selected--></text>
  <text digest="94966d90747b97d1f0f206c98a8b1ac3"><!--Send--></text>
  <text digest="11a5d0ba5c46912814c0420a82833018">Отправить мой пароль</text>
  <text digest="15e1bdee49e196d6c9a0f12dda0ef29f">Отправить новость</text>
  <text digest="1b08036b29723d8071f8a5fe0292cbe6"><!--Send Reminder At--></text>
  <text digest="059bdaad7dfbaf71561d18a24e7c2e05"><!--Send Test Message--></text>
  <text digest="91fe95c2dceeba8137ad2a360635690d"><!--Send Test Message To Address--></text>
  <text digest="a0e7177d7b61964c85c1ddcb9d00c692"><!--Show 'Clicks' Column in Pixel List--></text>
  <text digest="9c378cfabd198e3399e5f7e4f99eafab"><!--Show Grids As--></text>
  <text digest="917d465e9a9e8b16a8da50a1ca8156ca"><!--Show:--></text>
  <text digest="98f9aaca12e8998fc97120d9fc5999b1">Подписаться сейчас</text>
  <text digest="8e418de6b95c69d781510566b58b1b51"><!--Single Page (all grids on one page)--></text>
  <text digest="a7d6475ec8993b7224d6facc8cb0ead6">Сайт</text>
  <text digest="1439197e1655c16a4b2cc3fa7a37f097"><!--Site Configuration--></text>
  <text digest="22d6a35a4c252115e717adba28374fab">Описание сайта</text>
  <text digest="668445f09da337d276dc852bb6a0dbb3">Название сайта</text>
  <text digest="6f6cb72d544962fa333e2e34ce64f719">Размер</text>
  <text digest="5a4d5a89d5dca2f301d337f03f4ad92c">Вырезка::вырезка: неправильный код языка</text>
  <text digest="e54ac9a1958a72c929a3851f1f031893"><!--Sort order for image galleries:--></text>
  <text digest="7d102b34bca77d98da5f32fec4e7fe2a">Укажите URL для сайта на который будут ссылаться ваши пиксели. Он должен начинатся с &lt;tt&gt;http://&lt;/tt&gt; or &lt;tt&gt;https://&lt;/tt&gt;. Вы можете также указать опционально заголовок и всплывающую подсказку для Ваших пикселей. Если вы оставите заголовок пустым, Ваш URL будет использован как заголовок.Если вы оставите всплывающую подсказку пустой, то будут использованы заголовок или URL.</text>
  <text digest="49903656298f0f3d5d89f219bef20145"><!--Split Credit Card E-Mail Address--></text>
  <text digest="ec53a8c4f07baed5d8825072c89799be">Статус</text>
  <text digest="c7892ebbb139886662c6f2fc8c450710">Тема</text>
  <text digest="821cdce7e19008a18c3089781c783249">Принять Выплату</text>
  <text digest="8bf906833cc7aea8084f552217ed9c1d">Приостановленный</text>
  <text digest="aeb989922c420dcfd5122b2a23e6d34d">Рассказать другу</text>
  <text digest="a7ce94417ec99d0de85338df3501176f">Рассказать другу</text>
  <text digest="da9bf09a31dc2e4345e11e8d90c19320">Рассказать другу про</text>
  <text digest="0c1ec80465825af171a2cb9df19ac8d7">Название Шаблона</text>
  <text digest="0cbc6611f5540bd0809a388dc95a615b"><!--Test--></text>
  <text digest="e2782e7c8da743c7b9a8303023e6e769"><!--Test Email--></text>
  <text digest="14b99c1113f9656af253b86dd4505993"><!--Test Mode (Always Fail)--></text>
  <text digest="f1af24cb41cc37b106effc5c16741e55"><!--Test Mode (Always Successful)--></text>
  <text digest="07c698ab44e79839fee2cb77ec7f6d6b">Текст с картинки справа</text>
  <text digest="94917ab8c61c926e7cb40cfc68cb8928">Тексты, у которых нет перевода, будут записаны в XML как Английский текст заключенный в XML комментарий</text>
  <text digest="40d65b862ec9137f3a34353b6ae36ddd">Текст для включения</text>
  <text digest="7a7c46aab7e07559c6f7a8b25f2b9ef4">Спасибо</text>
  <text digest="b315ed055787c0994d8a7b08b2be9244">Спасибо</text>
  <text digest="987827e59929a301c71f144652e1c0f8"><!--Thank you for activating your account.--></text>
  <text digest="e6e094f9599367d12278a5eaccd85d26"><!--Thank you for linking to us.--></text>
  <text digest="f403ac95a07ddae169d88c4833ace3ce">Спасибо за Ваш заказ</text>
  <text digest="e39de357d7d76b5a3fa43cb35f85afa2"><!--Thank you for your renewal!--></text>
  <text digest="ff5e09b70599314ffab1a87b4b10112a">Это не похоже на корректный адрес e-mail</text>
  <text digest="81354618b50973fd80b9cda3fcf7336a">Этот E-Mail не на файле</text>
  <text digest="69c25b790a70384d7fba562500ae8d8a">Этот E-Mail некоректный. Пожалуйста введите адрес, который вы использовали при покупке пикселей</text>
  <text digest="8b44ae62f2d1b6a1051557d02c2179d3">Эта область достигла максимально возможного размера</text>
  <text digest="6f025c174d720dc09eeaed572aca998c">Эта область перекрывает одну или больше существующих областей</text>
  <text digest="ffde5e8ed071872411908a596548c565"><!--The account number used for the iPayment service--></text>
  <text digest="d51629b9b440b04644b490fd5e97d426"><!--The currency to use for credit card transactions--></text>
  <text digest="a6ea2c8baf87bcec6896be438e9e2fd7"><!--The e-mail address to use for the NOCHEX service--></text>
  <text digest="c0272eb962f922fb4a113402da22cbcf"><!--The e-mail address to use for the PayPal service--></text>
  <text digest="403ba0bbb4d362facc94abcaf0ce1980">Файл экспорта</text>
  <text digest="0f07bfc547183c196967d44a8876c01d">Файл не является изображением</text>
  <text digest="dd16d2e3ee8e42f5d1cc38e6939bfa0e"><!--The following directories will be searched--></text>
  <text digest="6f16f5a7405a7b616f9e4474c6ae579b"><!--The following error was returned by PEAR::Mail:--></text>
  <text digest="88388c4c3bf5a6af4c23fd2d8d4f2923">Следующие языки доступны. Выберите язык для редактирования описания или удалите его.</text>
  <text digest="ee3440b8d4974af683b2c90121e4a1da"><!--The following RSS Feeds are available:--></text>
  <text digest="926acbc494799443343043c168e12654"><!--The following test message was sent.--></text>
  <text digest="b24b44f7fe548b453ac371ce11301a60">Произошла следующая неожиданная ошибка</text>
  <text digest="8bc6239aedc9aabdf85ef7825bb75fbf">Картинка должна быть в формате GIF, JPG, или PNG</text>
  <text digest="053c318186491988d769eca1d1c4332c"><!--The login username used for the Authorize.net service--></text>
  <text digest="309b5886692ff58b5885e746290c67fc"><!--The number of your account to which payment is to be made.--></text>
  <text digest="81184dcc378fe2a42ec8c80b61b94144">Порядок в котором отображать этот метод, когда доступно несколько методов</text>
  <text digest="4d31633236d2e82468afd530ca64a224">Указаный дайджест неправильный</text>
  <text digest="2ea230d21e70a4b1a0764692b1f48846">Текст с картинки был неправильно введен</text>
  <text digest="a0361f321639294ce024b61321804968"><!--The URL for posting APC verification back to NOCHEX--></text>
  <text digest="14143f51596e27432b94b89d73918cfe"><!--The URL for posting IPN verification back to PayPal--></text>
  <text digest="443b5ef7c79cbcf66823fbb23cb9025d"><!--The URL for posting to the 2Checkout service--></text>
  <text digest="84353c726b70141a71da26a525851fba"><!--The URL for posting to the Authorize.Net gateway--></text>
  <text digest="8b92e02e88a33cef669419a2d2839f29"><!--The URL for posting to the E-Gold service--></text>
  <text digest="febe9b04254b3957d55c2b11c6deab8e"><!--The URL for posting to the ipayment.de service. The text &lt;tt&gt;[id]&lt;/tt&gt; will be replaced with the Account Number from above when the checkout form is generated.--></text>
  <text digest="acbd04498779ce899193473403a13764"><!--The URL for posting to the NOCHEX service--></text>
  <text digest="2241fb10c9162c73e7f046f907085db7"><!--The URL for posting to the PayPal service--></text>
  <text digest="8fb5db0bb79d1d62a87f051297cfeaed"><!--The URL for posting to the PSiGate service--></text>
  <text digest="0e2a8e6dd69b46d5de6764457491a848"><!--The URL for posting to the SECPay service--></text>
  <text digest="4c70e8b708a4072b3aa495b99f6658d7">URL должен быть абсолютным и начитатся с &quot;http://&quot; или &quot;https://&quot;</text>
  <text digest="9222b08feb670116af7acb3b7301ded2"><!--The user ID for the iPayment service--></text>
  <text digest="8673fd60eb19de54a07047499f623cae"><!--The user password for the iPayment service--></text>
  <text digest="43a112a006922a0c0a6f6c5a7bcea819">Возникла ошибка в процессе выполнения транзакции.</text>
  <text digest="473c68a65e7b4c0f718c24ca82572480">Эта функция позволяет изменять статус области или другие параметры</text>
  <text digest="6a6b93c0ba67083cb9aaed5f5fff2698">Эта функция позволяет изменять логин и пароль администратора.</text>
  <text digest="063233c7ddc14c12cc803274c2978852">Эта функция позволяет создать область на одной из Ваших сеток. Область изначально будет &quot;Зарезервирована&quot;, но Вы можете изменить ее статус и другие параметры, после создания.</text>
  <text digest="13bc2708d6fccfff8e03347f46a4ed4d"><!--This function allows you to send a test email to verify your email
configuration settiongs.--></text>
  <text digest="105a1c4c03a772bee78ce5bf7033471e"><!--This function will delete all cached pages--></text>
  <text digest="524f80b32e3c7e846f94b7c5d775208e">Эта фунция удалит все скомпилированые Smarty шаблоны из указаной директори:</text>
  <text digest="d5b88e6656ce6e5998b9816284fef16b">Эта фунция будет экспортировать тексты для одного языка в XML файл в папку &quot;temp&quot;</text>
  <text digest="2a71ea143a1405497007e10b7ddc5253">Эта фунция импортирует предварительно экспортированный текстовый XML файл с переводом что был добавлен.</text>
  <text digest="ec60db66e736510ba77c8880e8ba9a8c">Эта фунция перегенерирует изображения на сетке в</text>
  <text digest="1a33eaccf125c602d613dfd2619f1546">Эта фунция просканирует шаблоны и код PHP,  в поисках многоязыковых текстов заключенных в двойные решетки.</text>
  <text digest="8ae96b429400e97874186312dc8be3e7">Этот перевод был отклонен</text>
  <text digest="aa6879ecc77f2c385a23d73aace50fb9">Символ разделения тысяч</text>
  <text digest="b78a3223503896721cca1303f776159b">Заголовок</text>
  <text digest="cfd030171f6152237706919d5739fed4">Заголовок для Ваших пикселей</text>
  <text digest="d573b819287e9fea50aa081515e2c087"><!--Top Pixels--></text>
  <text digest="96b0141273eabab320119c467cdcaf17"><!--Total--></text>
  <text digest="c2d021f7c2f6d1d4ebd525280142ef64"><!--Transaction Currency--></text>
  <text digest="88427ec035734b45aae9f7d8859a5008">ID транзакции</text>
  <text digest="624b62ebf4ac337f3bd7c0b116520007"><!--Transaction Key--></text>
  <text digest="e393bc0989ece4023d7c0be35e86dec0"><!--Transaction Key used for encrypting TP data--></text>
  <text digest="56dec231099c05635eb59244f9fa6d23"><!--Transaction Mode--></text>
  <text digest="54b30fe601fce61abf6ed3cadbacbb63"><!--Transaction mode to use for the SECPay service--></text>
  <text digest="806c6c865ec23637b7ac9737dbda9ebb"><!--Transaction mode used for processing orders--></text>
  <text digest="165acf310b1a8f69a207787f02671fd0"><!--Transaction mode used for the 2Checkout service--></text>
  <text digest="e661b77ea9f3c1a0122aea94ba2c46b7">Невозможно создать</text>
  <text digest="a2fc4090b280a2a81773dc3f5f0ded55">Невозможно найти сетку с предыдущим display_order</text>
  <text digest="33c53fb0899e8569ac58219d2060278c">Невозможно переместить загруженый файл во временную папку</text>
  <text digest="ae2bd63c09fb292e212849c554f1d04d">Невозможно открыть</text>
  <text digest="733296967e1fffed81e5e7279443a898">Неожиданная ошибка</text>
  <text digest="aee9784c03b80d38d3271cde2b252b8d">Неизвестная ошибка</text>
  <text digest="d5ca088299d5908ca359f17692071761">Неподтверждено</text>
  <text digest="258f49887ef8d14ac268c92b02503aaa">Работает</text>
  <text digest="46496b1548bc707fb261e7252847afe5">Обновить Языковые Тексты</text>
  <text digest="9440fda7060e2a4b8738b485186f9261">Обновить Языковые Тексты сейчас</text>
  <text digest="6e3bc548c6e007af186f4ebf5be80df0">Оновить Ваши пиксели</text>
  <text digest="91412465ea9169dfd901dd5e7c96dd99"><!--Upload--></text>
  <text digest="ff5c08e44e4c7a76922a5cd8e0c99e79">Загрузить изображение GIF, JPG, или PNG. Оно будет автоматически переведено в формат PNG и будет растянуто до размеров сетки</text>
  <text digest="f2174ebd1875527abe46f1fe2782e761">Загрузить изображение GIF, JPG, или PNG. Оно будет автоматически переведено в формат PNG и будет растянуто до размеров области</text>
  <text digest="1f98842c354dc496970446bce14f4c50">Загрузить изображение</text>
  <text digest="e8f068d4df6eee92fa2ffd929d94dbc4"><!--Upload New Banner--></text>
  <text digest="7877a94cbd593dd296e342df78aeb213">Загрузить Ваше изображение</text>
  <text digest="e6b391a8d2c4d45902a23a8b6585703d">URL</text>
  <text digest="459afb28a6eca8ed130ae2673701da0c">URL Вашего сайта</text>
  <text digest="19c78c23fa68c6322123c0c7f97ae310"><!--Use '?' character for a blank space--></text>
  <text digest="a0a1cbfacfb5302f99e1dc3440b548ad">Используйте значения из &lt;a href=&quot;http://www.loc.gov/standards/iso639-2/englangn.html&quot; target=&quot;_blank&quot;&gt;ISO 639-1 Language Code&lt;/a&gt;</text>
  <text digest="c0cfcbbcb8f8d882ef79ed0af6a41792"><!--Use APC?--></text>
  <text digest="46eed9a70f2d59210b4034000cc938e0">Использовать FCKeditor</text>
  <text digest="007010317d98812aa9cabc552be2f97f"><!--Use IPN?--></text>
  <text digest="a664dd9d2ba0fd6ab8c864626e1c1084"><!--Use NOCHEX Automatic Payment Confirmation? (Recommended; requires cURL extension)--></text>
  <text digest="714858d539ade73102d8f51ce5a2adf4"><!--Use PayPal Instant Payment Notification? (Recommended; requires cURL extension)--></text>
  <text digest="7dba491977ffd22a9b68d9cf12353355">Использовать эту форму для создания аккаунта в</text>
  <text digest="814df24aafe2a2e88ce6f85134f4dd8d">Использовать Аккаунты пользователей?</text>
  <text digest="e55adecd2f6d6a34c281c35189b654ed">Аккаунты пользователей</text>
  <text digest="1edcdad89b3a2245d759a169da1bf5a3">ID Пользователя</text>
  <text digest="92f1b1481fa6ff46c4a3caae78354dab">Имя пользователя</text>
  <text digest="8a521223e53701e77f81e4e2d16e7db1"><!--User Password--></text>
  <text digest="f9aae5fda8d810a29f12d1e61b4ab25f">Пользователи</text>
  <text digest="2746ded9bce9a4f79a706c86dea1695a"><!--Vendor Product ID--></text>
  <text digest="a9647e3663a9e7f4b094d3b9f8e40aa9">Переменныке для проверки</text>
  <text digest="3f68e67dc6c397aaa9d1c24c356f754f">Проверено</text>
  <text digest="9df5e418b69684e9c225bea8bf78f870">Проверено?</text>
  <text digest="522bf35ce3719884885e0e3c6a03f0bf">ВНИМАНИЕ!</text>
  <text digest="a750407248427e74c2d7a28eeec8b852">Мы были не в состоянии произвести Ваш заказ.</text>
  <text digest="bedac05f805c4746882e489e78b84f03">Что должно быть сделано с пользовательской областью, если они присутствуют?</text>
  <text digest="6cc58158e0956c46c83f2bfc5aaa5b9c"><!--Will be removed at--></text>
  <text digest="aacc829a685b96825cd2f816658d0085">Ошибка разбора XML в</text>
  <text digest="93cba07454f06a4a960172bbd6e2a435">Да</text>
  <text digest="c642c7a681c3bd55312067aa05185e2a">Да, я хочу удалить сетку</text>
  <text digest="0a795523e2fcfc2df79e52af297d0e1a">Да, я хочу удалить язык</text>
  <text digest="9f7194f7ec9dfb7937e3cbea3d042c48">Да, я хочу удалить запись</text>
  <text digest="608e8153c8e49a1ef7c2c38f8ef7c1e7">Да, я хочу удалить новость</text>
  <text digest="936ea009ed99dd34ca517e708869f93a">Да, я хочу удалить аккаунт пользователя</text>
  <text digest="27fcbc851fea2ec63719e998b88f9793">Да, я хочу удалить эту область</text>
  <text digest="4dbf7624e437cd4711e5d77ce24ed154">Да, я хочу перезаписать файл</text>
  <text digest="b4eb4e49176872cff5d0d58129a9336b">Вы можете экспортировать весь текст, или только тот текст, у которого еще нет перевода. После перевода вы можете снова импортировать файл с</text>
  <text digest="16cdce413f6e657526f53c48bde7aff6">Вам нужно экспотрировать язык с использованием</text>
  <text digest="adfd19e0fe33a9752f0e39596b38303a">Вы должны запустить</text>
  <text digest="f64fcda135b5787ca2bd218ed5463dc3"><!--You should run this function after making any changes to the templates or
the application source code, or after an application upgrade. It is safe to
run this at any time.--></text>
  <text digest="5ac272b74089a85e706873a025f1f929">Вы получите e-mail от нас с короткими инструкциями как обновлять Ваши пикселы.</text>
  <text digest="a0623b78a5f2cfe415d9dbbd4428ea40">Ваш Аккаунт</text>
  <text digest="e868dd111353d296c2a78c9808c21337">Ваш коментарий</text>
  <text digest="26437b002b58282199ab6818edee7bcf">Ваш номер подтверждения -</text>
  <text digest="50b5af4d396abeb5fed65e1a49c359b9"><!--Your current email configuration, from &lt;tt&gt;config.php&lt;/tt&gt; is:--></text>
  <text digest="acbd4f68b2ca837345b216b38e418b22">Ваши детали</text>
  <text digest="890c49344604346a2ae9ff5c700c2845">Ваш E-Mail Адресс</text>
  <text digest="817b8002b596344349ad2a2f44c066c7">Ваш E-Mail кажется неправильный</text>
  <text digest="49e9fdea1ef888585b99a764b0666133"><!--Your e-mail address has not been confirmed. Please visit the link given in the confirmation email sent to you.--></text>
  <text digest="c49c70de9f24981a975d0c3dd6f6ec35">Ваш E-Mail или пароль неправильные</text>
  <text digest="ce1f86955fbfd05ab0622d04458dd680">Ваш E-Mail будет Вашим логином для аккаунта.</text>
  <text digest="7d8ac38c5db6ff413900f295797695fe">E-Mail адрес Вашего друга</text>
  <text digest="174fc8804f98a6ee65c3d24c8779a142">E-Mail адрес Вашего друга кажется неправильный</text>
  <text digest="29a313aaac4e35189ba323153d8b91cb">Важе изображение</text>
  <text digest="71cb324233a6412bfff64c2530b54911">Детали Вашего логина были отправлены на Ваш E-Mail адрес</text>
  <text digest="614cffa523202658a898e34a5d94d05e">Ваше Имя</text>
  <text digest="df15356c756aed37b001685b36c45b69">Ваши пиксели</text>
  <text digest="b9fe0b9250a8d4d3d21fd4885af235f9">Ваши пиксели были обновлены. Спасибо.</text>
  <text digest="0bb1b513ccc003593dc4f6118f919e82">Повторно введенный адрес не совпадает; пожалуйста проверьте</text>
  <text digest="4b3f3b3f711d814c0820e2c6bbdea119">Повторно введенный пароль не совпадает; пожалуйста проверьте</text>
  <text digest="3fdf607d685fbad086d0c33ee1ff4483"><!--Your recommendation has been sent to--></text>
  <text digest="9e4c86c49f0ef3e9f73ae04e314d574e">Ваш выбор</text>
</language>
