<?xml version="1.0" encoding="utf-8"?>
<language code="es" name="Spanish" decimal_sep="," thousand_sep=".">
  <text digest="f679fc5558402f85339ec5a7e47a2d65"><!--(0-100, 0=no change)-->(0-100, 0=sin cambio)</text>
  <text digest="237904cc5ea18e8ead0cf8798c8bb584"><!--(0-100, 0=opaque, 100=fully transparent)-->(0-100, 0=opaco, 100=totalmente transparente)</text>
  <text digest="2cfe6c6ee7bf12671c84a2b601ee7e61"><!--(Leave blank to keep current password)-->(Dejar en blanco para mantener la contrase&#241;a actual)</text>
  <text digest="6f0646d61d342cf041668c1b3aabf257"><!--(Must be at least 5 characters long)-->(Debe contener una longitud m&#237;nima de 5 caracteres)</text>
  <text digest="68cc3e8d8723a18074c321b0394971b7"><!--(one address per line)-->(una direcci&#243;n por l&#237;nea)</text>
  <text digest="3ad51f84f9fcd139c484b9657449fc6a"><!--(RRGGBB hex digits)-->(RRVVAA d&#237;gitos hexadecimales)</text>
  <text digest="c7ff15f8e20c78720107f6bb411b3903"><!--0=no limit-->0=sin l&#237;mite</text>
  <text digest="e3f7f54834cb55663cfc8daa3e1296da"><!--&lt;strong&gt;Note:&lt;/strong&gt; Due to limitations of the
PHP XML parser, the XML file &lt;strong&gt;must&lt;/strong&gt; be in UTF-8 encoding.-->&lt;strong&gt;Nota:&lt;/strong&gt; Debido a limitaciones del parser
PHP XML, el archivo XML &lt;strong&gt;debe&lt;/strong&gt; poseer codificaci&#243;n UTF-8.</text>
  <text digest="294c070625c56242b19a20468cf07e89"><!--A URL is required-->Se requiere una URL</text>
  <text digest="08bd40c7543007ad06e4fce31618f6ec"><!--Account-->Cuenta</text>
  <text digest="3771bf858c98d52dbc5d250dd1f4e72f"><!--Account Details-->Detalles de Cuenta</text>
  <text digest="004bf6c9a40003140292e97330236c53"><!--Action-->Acci&#243;n</text>
  <text digest="4d3d769b812b6faa6b76e1a8abaece2d"><!--Active-->Activar</text>
  <text digest="a5dac79ddad1cbdb8b60c5b347ee047e"><!--Actual Size-->Tama&#241;o Real</text>
  <text digest="982efc929531febc7ddd68c5ffd9cdcd"><!--Add A Comment-->Agregar un Comentario</text>
  <text digest="365b7e8763e8438d42db3f1f4025074d"><!--Add a Grid-->Agregar a la Grilla</text>
  <text digest="1e22f543ce92434613f8518ea3b3d5ee"><!--Add a Language-->Agregar Idioma</text>
  <text digest="a508cd6ee07b35ea8efdf98d6520ce83"><!--Add Comment-->Agregar Commentario</text>
  <text digest="1a41181f428efff363c6711afd3cbaae"><!--Add your translation after the comment (but inside the-->Agregue su traducci&#243;n luego del comentario (pero dentro del</text>
  <text digest="56cc559d234df2ffabc88b8926592264"><!--Admin Home-->Inicio de Admin.</text>
  <text digest="7258e7251413465e0a3eb58094430bde"><!--Administration-->Administraci&#243;n</text>
  <text digest="98aa505f420487b8d46ba6c92535060f"><!--Administration Area-->Area de Administraci&#243;n</text>
  <text digest="2e7f473229466aab583b6a5b6c12944b"><!--Administrator E-Mail-->E-Mail de Administrador</text>
  <text digest="0b8b4e972d0c2d2023c02e036e50ed6e"><!--Administrator E-Mail Address-->Direcci&#243;n de E-Mail de Administrador</text>
  <text digest="2b996dca68382a098fd21e100119868b"><!--Administrator Login-->Usuario Administrador</text>
  <text digest="b1c94ca2fbc3e78fc30069c8d0f01680"><!--All-->Todo</text>
  <text digest="717985ca4705973c8e2bcc24f731e685"><!--Allow Blog Comments-->Permitir Comentarios Blog</text>
  <text digest="102779676feeffd385f7038542c05441"><!--already exists-->ya existe</text>
  <text digest="0208315ed9010b3aa21e0602b80ff5aa"><!--Alt Tag Value-->Valor de Etiqueta Alternativo</text>
  <text digest="c1fd3564fa7e4c04ff48aa628b7a1d4f"><!--Alt Tag Value for Your Pixels-->Valor de Etiqueta Alternativo para Sus Pixels</text>
  <text digest="b2f40690858b404ed10e62bdf422c704"><!--Amount-->Cantidad</text>
  <text digest="0cd5a075b4d373a7cdfef5ef970a9905"><!--An account with that email address already exists.-->Una cuenta con esa direcci&#243;n de email ya existe.</text>
  <text digest="4df0983b5f0fef389ff6dde220a2fa00"><!--An E-Mail has been sent with instructions on how to activate your account.-->Un Email ha sido enviado con instrucciones para activar su cuenta</text>
  <text digest="256dc5b24a8bff2be45053611b5d7688"><!--and all its associated regions-->y todas sus regiones asociadas</text>
  <text digest="44ad1813bccc5fe8f24b7143f1a720e5"><!--and all its associated texts-->y todos sus textos asociados</text>
  <text digest="33e022c6f0615ded20209d196ba220bd"><!--Article Id-->Id de Art&#237;culo</text>
  <text digest="dd183cda820de726fe770720317eb6af"><!--Assign them to administrator-->Asignarlas al administrador</text>
  <text digest="9159e8b2505e7aa3112e8d92d5bcd662"><!--Attempt to delete row not saved-->Intento de eliminar una fila no grabada</text>
  <text digest="d2eb444e35c0a71f0a85df8194acb5b6"><!--attribute-->atributo</text>
  <text digest="a517747c3d12f99244ae598910d979c5"><!--Author-->Autor</text>
  <text digest="78945de8de090e90045d299651a68a9b"><!--Available-->Disponible</text>
  <text digest="75e7422f2fe253fc69d3f6c148d197ee"><!--Background Color-->Color de Fondo</text>
  <text digest="abd809c9e3c1c08e97740f86b8ceabfb"><!--Background Image-->Imagen de Fondo</text>
  <text digest="be8df1f28c0abc85a0ed0c6860e5d832"><!--Blog-->Blog</text>
  <text digest="d3f12f6a2441abf9154561d5511cf99a"><!--Blog Comments-->Comentarios Blog</text>
  <text digest="ac101b32dda4448cf13a93fe283dddd8"><!--Body-->Cuerpo</text>
  <text digest="97b962852e8f5605148f7bb114e90388"><!--Buy Button Title-->T&#237;tulo de Bot&#243;n Comprar</text>
  <text digest="30bb48edbb3180b4f158b54154390aca"><!--Buy Now &gt;&gt;-->Comprar Ahora &gt;&gt;</text>
  <text digest="8e4ccc20183151e99e9169d9c9d832a7"><!--Cannot delete default language-->No se puede eliminar el idioma por defecto</text>
  <text digest="c0f9c6715531c64943f20597714f075c"><!--CAPTCHA Image-->Imagen CAPTCHA</text>
  <text digest="8f1e77e0d2be21da93cd4d9a939148f7"><!--Change Password-->Cambiar Contrase&#241;a</text>
  <text digest="a1a54fabe4d39a33de432c5bcea2a7a4"><!--Change to 'Verified'-->Cambiar a 'Verificado'</text>
  <text digest="9c3cc01fe422f094cbb1e0cc31a53224"><!--Change Username/Password-->Cambiar Usuario/Contrase&#241;a</text>
  <text digest="90052c651c8ee6972bb05e44396ed4a5"><!--Choose Another Payment Method-->Elegir Otra Forma de Pago</text>
  <text digest="a3b294b172203e5d3cb2840963612ea9"><!--Clear Compiled Templates-->Limpiar Plantillas Compiladas</text>
  <text digest="a2185b84cb564de630c6d371938bd55f"><!--Clear Compiled Templates Now-->Limpiar Plantillas Compiladas Ahora</text>
  <text digest="17738df6781b3f3af8dc83fbf55e6493"><!--Clear Error Status-->Limpiar Estado de Error</text>
  <text digest="1357e394106c1adabf10aba7b3bbc3b3"><!--Clear Image-->Limpiar Imagen</text>
  <text digest="1e3708f8221705fb1a889efb229b6035"><!--Click and drag your mouse to select a region of pixels.-->Presione y arrastre su mouse para seleccionar una regi&#243;n de pixels.</text>
  <text digest="0df37c3395fea64e33cd4f1670428a7a"><!--Click on a site to update your pixels-->Presione sobre un sitio para actualizar sus pixels</text>
  <text digest="cbdb553aaace16e77bb205e9bc3375ef"><!--Clicks-->Clicks</text>
  <text digest="1976d7f704de389d9fe064e08ea35b2d"><!--Column-->Columna</text>
  <text digest="0be8406951cdfda82f00f79328cf4efc"><!--Comment-->Comentario</text>
  <text digest="ba280a9b71dfa9bc4fd987ea66295100"><!--Comment(s)-->Comentario(s)</text>
  <text digest="8413c683b4b27cc3f4dbd4c90329d8ba"><!--Comments-->Comentarios</text>
  <text digest="e14891a26424266ae9fed563cd6db1fe"><!--Comments on-->Comentarios sobre</text>
  <text digest="be7046a84bd4e51e5100b4751a016147"><!--Compiled templates successfully cleared.-->Plantillas compiladas limpiadas exitosamente</text>
  <text digest="07ca5050e697392c9ed47e6453f1453f"><!--Completed-->Completado</text>
  <text digest="f1206f9fadc5ce41694f69129aecac26"><!--Configure-->Configurar</text>
  <text digest="ac00a91889d65fde368168c9ff6d3cf6"><!--Configure Payment Module-->Configurar M&#243;dulo de Pago</text>
  <text digest="413e8eec79fec581e1be288e893e0cb9"><!--Confirm Payment-->Confirmar Pago</text>
  <text digest="205bc73c4ab4286a1fb9d4c18322777c"><!--Confirmed-->Confirmado</text>
  <text digest="a0bfb8e59e6c13fc8d990781f77694fe"><!--Continue-->Continuar</text>
  <text digest="c884b1a5c353df470b30ffe6d42f9f2b"><!--Create a Password-->Crear una Contrase&#241;a</text>
  <text digest="739405e73cc9f2e323506440d0883734"><!--Create Account-->Crear Cuenta</text>
  <text digest="3e09ef3ed19172303d8d36354e509284"><!--Create Interlaced Images-->Crear Imagenes Entrelazadas</text>
  <text digest="cc7f8622005b8863ec2699a204a0ebc3"><!--Create Palette Images-->Crear Paleta de Imagenes</text>
  <text digest="aeb0751452ff345883daec1aa25de87c"><!--Create Region-->Crear Regi&#243;n</text>
  <text digest="0eceeb45861f9585dd7a97a3e36f85c6"><!--Created-->Creado</text>
  <text digest="4dc7aa6ddf532ae536da360ea389430f"><!--Credit Card Check Number-->N&#250;mero de Verificaci&#243;n de Tarjeta de Cr&#233;dito</text>
  <text digest="5e038f03415db5461c13d380469436cb"><!--Credit Card Number-->N&#250;mero de Tarjeta de Cr&#233;dito</text>
  <text digest="9dc0432a5467a0c376999d3c0f916244"><!--Credit Card Owner-->Propietario de Tarjeta de Cr&#233;dito</text>
  <text digest="ccc4262fa6d8d0e05bd79fb58c52e66d"><!--Credit Card Type-->Tipo de Tarjeta de Cr&#233;dito</text>
  <text digest="94cebe752e18a99e25477a437d006771"><!--Currency Symbol-->S&#237;mbolo Monetario</text>
  <text digest="4bc28f132d571b160ba407e143915de2"><!--Current Password-->Contrase&#241;a Actual</text>
  <text digest="de777c62ae5555f733a06f3ca8afeaf8"><!--Database Error-->Error de Base de Datos</text>
  <text digest="44749712dbec183e983dcd78a7736c41"><!--Date-->Fecha</text>
  <text digest="ba989292c988a2d8cc2131b51e13de72"><!--Date Created-->Fecha de Creaci&#243;n</text>
  <text digest="23f255aef8a8833fbb07a91987d1a42f"><!--Date Posted-->Fecha de Publicaci&#243;n</text>
  <text digest="29ee8c149301d3cd854208ce0a542ee5"><!--Decimal Point Char-->Caracter de Punto Decimal</text>
  <text digest="22fd15787bc9a2ab3961b3d9b55b373e"><!--Default language version of body is required-->Versi&#243;n de lenguaje por defecto para el cuerpo es requerida</text>
  <text digest="9c7382acaa0eff647b9d54d741f97a0e"><!--Default language version of title is required-->Versi&#243;n de lenguaje por defecto para el t&#237;tulo es requerida</text>
  <text digest="f2a6c498fb90ee345d997f888fce3b18"><!--Delete-->Eliminar</text>
  <text digest="4d5362989c7c72cae7b54c0f0b8cc97f"><!--Delete Blog Article-->Eliminar Art&#237;culo de Blog</text>
  <text digest="ca586ff7ae16cd0e4783f5e969bdabf1"><!--Delete Grid-->Eliminar Grilla</text>
  <text digest="7ef5e8668303d811f813e8cfee0ba56c"><!--Delete Language-->Eliminar Idioma</text>
  <text digest="d000c412d028411920210a16a1ad5acc"><!--Delete Newsletter-->Eliminar Carta de Noticia</text>
  <text digest="a8d4361ae1587818d8a5d032c6db9a59"><!--Delete Region-->Eliminar Regi&#243;n</text>
  <text digest="6ac9a034dc3a8b4cf5a3902d2b7755d4"><!--Delete them-->Eliminarlos</text>
  <text digest="f8a2cff100250140c8bde8d55fa3c959"><!--Delete this comment-->Eliminar este comentario</text>
  <text digest="11250a0cf71313e83d01bb2ff9bd49e1"><!--Delete User Account-->Eliminar Cuenta de Usuario</text>
  <text digest="226d815cf7520958de31ee454ac187e1"><!--Deleting a grid will delete &lt;strong&gt;ALL&lt;/strong&gt; associated regions for that grid from the database.-->Al eliminar una grilla eliminar&#225; &lt;strong&gt;TODAS&lt;/strong&gt; las regiones asociadas para la grilla de la base de datos.</text>
  <text digest="dd2e9661c1742b1362fde903f702cba5"><!--Deleting a language will delete &lt;strong&gt;ALL&lt;/strong&gt; associated texts for that language from the database.-->Al eliminar un idioma eliminar&#225; &lt;strong&gt;TODOS&lt;/strong&gt; los textos asociados para ese idioma de la base de datos.</text>
  <text digest="703bd0f92eab5c26660442bca97a9af2"><!--Deleting a newsletter will permanently remove it from the database.-->Al eliminar una carta de noticias la remover&#225; permanentemente de la base de datos.</text>
  <text digest="d6f727e8bc3b9834fa00154b53d4c9cd"><!--Deleting a region will permanently remove it from the database.-->Al eliminar una regi&#243;n la remover&#225; permanentemente de la base de datos.</text>
  <text digest="5cdb92717822689c27dbef1e9031fc8e"><!--Deleting a user account will permanently remove it from the database.-->Al eliminar una cuenta de usuario la remover&#225; permanentemente de la base de datos.</text>
  <text digest="d41fc32cf752b30eaa4952c3ce024201"><!--Deleting an article will permanently remove it from the database.-->Al eliminar un art&#237;culo se remover&#225; permanentemente de la base de datos.</text>
  <text digest="8de083bc06a2e250e4899eb953fffdef"><!--Describe Your Pixels-->Describa Sus Pixels</text>
  <text digest="e5cfc515f312c9e85f367e9854d9963e"><!--Digest-->Resumen</text>
  <text digest="a51bc38545605e56fa2fc6f529935664"><!--directory are shown-->directorio son mostrados</text>
  <text digest="fb24df5535e7d367bab0b56f4ce8e661"><!--directory, according to
the current region information.-->directorio, de acuerdo a la informaci&#243;n de la regi&#243;n actual.</text>
  <text digest="bcfaccebf745acfd5e75351095a5394a"><!--Disable-->Deshabilitar</text>
  <text digest="296993584750e6ab52793cf0e6fbe27a"><!--Display Order-->Orden de visualizaci&#243;n</text>
  <text digest="d014344ae4d89aad4137a16ad6a74f69"><!--Do you wish to overwrite this file?-->Desea sobreescribir este archivo?</text>
  <text digest="b78ae460675b4d19661913e11951f4aa"><!--does not appear to be a valid address-->parece no ser una direcci&#243;n v&#225;lida</text>
  <text digest="d7e210d720545ec137ea7062c59490e8"><!--does not appear to be a valid e-mail address-->parece no ser una direcci&#243;n de e-mail v&#225;lida</text>
  <text digest="a5f61298da21626d0f490ebd06ecd811"><!--Don't have an account?-->No posee una cuenta?</text>
  <text digest="29d0abeab115c63faaf7fc2a3c9cc5ed"><!--Down for Maintenance-->Inactivo para Mantenimiento</text>
  <text digest="ec585a5e4095d996807fc89d55755798"><!--Duplicate Payment Id-->Id de Pago Duplicado</text>
  <text digest="082e55a73f10496681c84231dc1c88f7"><!--E-Mail-->E-Mail</text>
  <text digest="185d23ff9526ad93077a1c9ad5ed26a2"><!--E-Mail Address-->Direcci&#243;n de E-Mail</text>
  <text digest="f510776e5c9ba250fcf3ee60e7fe78c8"><!--E-Mail address is required-->La direcci&#243;n de E-Mail es requerida</text>
  <text digest="6505425433576237024e3046506a2f4e"><!--E-Mail Address(es)-->Direcci&#243;n(es) de E-Mail</text>
  <text digest="6b27673aa75d2ca88ad746e7512fcdca"><!--Edit Blog Article-->Editar Art&#237;culo de Blog</text>
  <text digest="002a3919156b671a6f64e44d0fbf2793"><!--Edit Email Template-->Editar Plantilla de Email</text>
  <text digest="6259df978c6b6ade43b9610b12ceca8a"><!--Edit Grid-->Editar Grilla</text>
  <text digest="8f6e92037361563f553e283b1cbc139a"><!--Edit Language-->Editar Idioma</text>
  <text digest="7de2efab88c509281ba6f5770bb786ce"><!--Edit Newsletter-->Editar Carta de Noticias</text>
  <text digest="c3c35fbb4b93e280434acb72888c9667"><!--Edit Payment History-->Iditar Historial de Pago</text>
  <text digest="2961b2d8f45b1c45a5fe74f0284273de"><!--Edit Region-->Editar Regi&#243;n</text>
  <text digest="2d4aa0297eaffa9eb6d33cad1f1ba38b"><!--Edit User Account-->Editar Cuenta de Usuario</text>
  <text digest="582c365f0918d19bfe0ded51281ebc8e"><!--Edit Your Details-->Editar Sus Datos</text>
  <text digest="bdfc5da748534e04c57746d7ea0ed351"><!--element does not match requested language to import-->el elemento no concuerda con el idioma que se requiere importar</text>
  <text digest="49c3ba4130a88f7ab532f142fba92efe"><!--element). You should only remove the comment marks if you wish to use the
English text verbatim as the translation text. Do not remove or change the-->elemento). Deber&#237;a s&#243;lo remover las marcas de comentarios si desea utilizar el
texto en ingl&#233;s como el texto de traducci&#243;n. No remueva o cambie los</text>
  <text digest="1fecaa43ef33ed8ede57c234d2016e4b"><!--elements with non-empty comment will be
imported.  The English text enclosed in XML comments will be ignored-->los elementos con comentario no vac&#237;o ser&#225;n
importados. El texto en ingl&#233;s encerrado en comentarios XML ser&#225;n ignorados</text>
  <text digest="ce8ae9da5b7cd6c3df2929543a9af92d"><!--Email-->Email</text>
  <text digest="e958bee302ce77cb42982784cb7529ae"><!--Email Format-->Formato de Email</text>
  <text digest="c143a6b696f32a8cb3aec51f15435239"><!--Email Templates-->Plantillas de Email</text>
  <text digest="2faec1f9f8cc7f8f40d521c4dd574f49"><!--Enable-->Habilitar</text>
  <text digest="e472d07f9c5160054406659749857591"><!--Enter the dimensions for the new grid. Once a grid has been created, its
dimensions cannot be changed. You will be able to change other grid parameters
at the next step.-->Ingrese las dimensiones para la nueva grilla. Una vez que una grilla ha sido creada, sus
dimensiones no pueden ser modificadas. Podr&#225; cambiar otros parametros de la grilla
en el paso siguiente.</text>
  <text digest="4440c0be08f987170f74405f2fabc6a6"><!--Enter Your E-Mail Address-->Ingrese Su Direcci&#243;n de E-Mail</text>
  <text digest="a72ac3935e10f07971dc6934557ef6ca"><!--Enter your E-Mail Address-->Ingrese su Direcci&#243;n de E-Mail</text>
  <text digest="902b0d55fddef6f8d651fe1035b7d4bd"><!--Error-->Error</text>
  <text digest="072d0ff589d26935fcb26469fe880bf5"><!--Error?-->Error?</text>
  <text digest="5ef0c737746fae2ca90e66c39333f8f6"><!--Errors-->Errores</text>
  <text digest="2aef74ba8cae1f8c81d9e38ad08210f3"><!--Expected id-->Id Esperado</text>
  <text digest="652ae06667a8dcee10bf4f69d14cac28"><!--expected id-->Id esperado</text>
  <text digest="90bd4d50d8cd2351aedaadb54aca3205"><!--Export Language Texts-->Exportar Textos de Idioma</text>
  <text digest="f284bb28034af699d1206d2cc04c8bd9"><!--Export Lanugage Texts-->Exportar Textos de Idioma</text>
  <text digest="63f1df06278dd9eb5e07a2ae75e66d08"><!--Export Texts-->Exportar Textos</text>
  <text digest="8b04d5e3775d298e78455efc5ca404d5"><!--first-->primero</text>
  <text digest="bdfab27698872612a30a2ad26368cef9"><!--first if you haven't already done so.-->primero si no lo ha echo antes.</text>
  <text digest="bc910f8bdf70f29374f496f05be0330c"><!--First Name-->Nombre</text>
  <text digest="c6631869fbb1e424e58bf74cdbc387cc"><!--First name is required-->El nombre es requerido</text>
  <text digest="5188c95fcfc3875a0554aaa564278507"><!--Forgot your Password?-->Olvid&#243; su Contrase&#241;a</text>
  <text digest="b24ce0cd392a5b0b8dedc66c25213594"><!--Free-->Gratis</text>
  <text digest="8be74e315d95cf330323b8fd56e82653"><!--Get Pixels-->Obtenga Pixels</text>
  <text digest="5174d1309f275ba6f275db3af9eb3e18"><!--Grid-->Grilla</text>
  <text digest="610930c7ebefa254adf1b54173302149"><!--Grid Description-->Descripci&#243;n de Grilla</text>
  <text digest="e7ada0a0fe0f6526f47f0b3febc6c622"><!--Grid Height-->Alto de Grilla</text>
  <text digest="d2bc02659318db2da688b38ff330e374"><!--Grid Name-->Nombre de Grilla</text>
  <text digest="7663ae33dc58d5c765bdbcafc202cfa6"><!--Grid Title-->T&#237;tulo de Grilla</text>
  <text digest="147ba37d1b04b43e4fa445a65b72e640"><!--Grid Width-->Ancho de Grilla</text>
  <text digest="268409e5f6aa5240754cd811eb2055b9"><!--Grid(s) successfully published.-->Grilla(s) publicada(s) exitosamente</text>
  <text digest="1aa4d06e8e68435726ccfab06f17ed4c"><!--Gridline Color-->Color de l&#237;nea de grilla</text>
  <text digest="bebd00372b825306ad52eb7689461ae6"><!--Gridline Transparency-->Transparencia de l&#237;nea de grilla</text>
  <text digest="e985db04b7808550d0276a72890ded91"><!--Grids-->Grillas</text>
  <text digest="cc72b836bde0c046cd09151316b4aedf"><!--have been exported to-->han sido exportados a</text>
  <text digest="9ac6f89f824e9679c85ead5d1d33f494"><!--have been imported from-->han sido importados desde</text>
  <text digest="8cf04a9734132302f96da8e113e80ce5"><!--Home-->Inicio</text>
  <text digest="4c4ad5fca2e7a3f74dbb1ced00381aa4"><!--HTML-->HTML</text>
  <text digest="490aa6e856ccf208a054389e47ce0d06"><!--Id-->Id</text>
  <text digest="1dc2fb4c9d0bd771d956a75a07c7e6ae"><!--If you already have an account, you may-->Si ya posee una cuenta, puede</text>
  <text digest="d507f81279d3dd09ee13c718820eb75c"><!--if you need to contact us about this transaction.-->si necesita contactarnos acerca de esta transacci&#243;n</text>
  <text digest="be53a0541a6d36f6ecb879fa2c584b08"><!--Image-->Imagen</text>
  <text digest="323126045a230b218de6ebd6a53fb7f8"><!--Image File-->Archivo de Imagen</text>
  <text digest="bb10b1837ff0698fd821afedbfdd6a66"><!--Image Lighten Factor-->Factor de Iluminaci&#243;n de Imagen</text>
  <text digest="712bd47cf0934a7240b43b79d9f0667f"><!--Import Language Texts-->Importar Textos de Idioma</text>
  <text digest="e756487927dd90f1e390f5e37728011c"><!--Import Texts-->Importar Textos</text>
  <text digest="8dee49165153fc68ffacb5f7f7bf9a3a"><!--instead-->en su lugar</text>
  <text digest="dbf373dd3565accf2d2fd19700f6a5ae"><!--Invalid action-->Acci&#243;n inv&#225;lida</text>
  <text digest="6e659c47c94d1e1dc7121859f43fb2b0"><!--Invalid e-mail address-->Direcci&#243;n de e-mail inv&#225;lida</text>
  <text digest="662bba18b2ddcc9c1839c2229ef25c04"><!--Invalid email_key value-->Valor de clave de email inv&#225;lido</text>
  <text digest="9c10994e78fa30b3fedebecbf545a0a4"><!--Invalid module_key-->Clave de m&#243;dulo inv&#225;lida</text>
  <text digest="578f377f078ccbccfe26ea07184460e4"><!--Invalid user name or password-->Nombre de usuario o contrase&#241;a inv&#225;lidos</text>
  <text digest="cde17aa92ac50788ad11b07bf1dc3fdc"><!--is currently down for maintenance. Please check back later.-->se encuentra inactivo por mantenimiento. Por favor regrese m&#225;s tarde.</text>
  <text digest="0a5fa53f3f20f67f98bd6c3b16df059d"><!--is required-->es requerido</text>
  <text digest="d5b4d696faf96035dadc0a5511ec0202"><!--Langage Texts for language-->Textos de Idioma para el idioma</text>
  <text digest="273d4de0292e898b50f9057a136b250d"><!--Langage to Export-->Idioma a Exportar</text>
  <text digest="36aed4d2adb24c429f2730acae8995be"><!--Langage to Import-->Idioma a Importar</text>
  <text digest="32e24b0772629ec41145845076f2f172"><!--Language Code-->C&#243;digo de Idioma</text>
  <text digest="f40309c7972d85f25b031d3e131f4e21"><!--Language Name-->Nombre de Idioma</text>
  <text digest="911b64dd7764a81f683994d1ea5774d3"><!--Language Support-->Soporte de Idioma</text>
  <text digest="d4cb0947a71dfcaa0460d8fd3b42ba9c"><!--Language texts successfully updated.-->Textos de idioma actualizados exitosamente</text>
  <text digest="77587239bf4c54ea493c7033e1dbf636"><!--Last Name-->Apellido</text>
  <text digest="e51b62746c48b9311ae857890adb70ba"><!--Last name is required-->El apellido es requerido</text>
  <text digest="6691dace894a729d5f820d2385c9e30f"><!--Leave blank to keep current address-->Dejar en blanco para mantener la direcci&#243;n actual</text>
  <text digest="ed0028074cce914a81c423192f4db197"><!--Leave blank to keep current password-->Dejar en blanco para mantener la contrase&#241;a actual</text>
  <text digest="4803e6b9e63dabf04de980788d6a13c4"><!--Line-->L&#237;nea</text>
  <text digest="ce5bf551379459c1c61d2a204061c455"><!--Location-->Ubicaci&#243;n</text>
  <text digest="3bbbad631029e3575da7a151bba4f37c"><!--Log In-->Ingresar</text>
  <text digest="2267c8f720278846a7d5098e38dc4bc9"><!--Log In Now-->Ingresar Ahora</text>
  <text digest="b0c2b25b3312c7a32d7aa9d701b6ae1d"><!--Log Out-->Salir</text>
  <text digest="99dea78007133396a7b8ed70578ac6ae"><!--Login-->Ingreso</text>
  <text digest="0323de4f66a1700e2173e9bcdce02715"><!--Logout-->Salida</text>
  <text digest="ab5b979f7bc8c846b49e736bb8bc890a"><!--Magnifier Off-->Lupa Desactivada</text>
  <text digest="10bf5d79406f984de7f857e8377eb640"><!--Magnifier On-->Lupa Activada</text>
  <text digest="290267b42926ffd9c4012025c7e7bfdb"><!--Maintain Grids-->Mantener Grillas</text>
  <text digest="4da1d963b8a0f7e9c699d38a2a40ea90"><!--Maintain Languages-->Mantener Idiomas</text>
  <text digest="ee3715bb2ddfb3c05d5a1049d2adf71e"><!--Maintain Regions-->Mantener Regiones</text>
  <text digest="1305ea717a13a41743beebc1804d538a"><!--Maintain Settings-->Mantener Configuraciones</text>
  <text digest="8d8cc5c9e9d56cdb0736658e9ba3f10f"><!--Maximum Region Height-->Altura M&#225;xima de Regi&#243;n</text>
  <text digest="97f04b260655a4d308b5e92f3d180cdd"><!--Maximum Region Width-->Altura M&#237;nima de Regi&#243;n</text>
  <text digest="457add0e51960b82ece5a58dbd77fc59"><!--Merge Addresses:-->Combinar Direcciones</text>
  <text digest="4c3880bb027f159e801041b1021e88e8"><!--Method-->M&#233;todo</text>
  <text digest="e55f75a29310d7b60f7ac1d390c8ae42"><!--Module-->M&#243;dulo</text>
  <text digest="6bc362dbf494c61ea117fe3c71ca48a5"><!--Move-->Mover</text>
  <text digest="bfe40d134c486fdca406470f14dd9165"><!--must be &gt;= 0-->debe ser &gt;= 0</text>
  <text digest="4b6aa34a50f26e2467e5a35c2ae06247"><!--must be a multiple of-->debe ser m&#250;ltiplo de</text>
  <text digest="006472a83fd02e2b94fe0a57b711f6a6"><!--must be a string of six hex digits-->debe ser una cadena de seis d&#237;gitos hexadecimales</text>
  <text digest="e9b3b28bb29b162e2f0f464a923e0e7f"><!--must be an integer-->debe ser un entero</text>
  <text digest="45e45c524ab0f6767ff5557e3d12a45c"><!--must be between %s and %s-->debe encontrarse entre %s y %s</text>
  <text digest="49ee3087348e8d44e1feda1917443987"><!--Name-->Nombre</text>
  <text digest="2816b5c8a6d091b92e2a8225d38187b1"><!--New Blog Article-->Nuevo Art&#237;culo de Blog</text>
  <text digest="b4b5a594db37ac41771ac560e065d25a"><!--New E-Mail Address-->Nueva Direcci&#243;n de E-Mail</text>
  <text digest="59b53c186d2f13dc1824484fb58e112c"><!--New Grid-->Nueva Grilla</text>
  <text digest="c8bd41f5d0c0d9b5ecb3b2078bcb8726"><!--New Language-->Nuevo Idioma</text>
  <text digest="48f4d45876bb72765da898c88716915d"><!--New Newsletter-->Nueva Carta de Noticias</text>
  <text digest="ae3bb2a1ac61750150b606298091d38a"><!--New Password-->Nueva Contrase&#241;a</text>
  <text digest="fdde48f3e6b48ff72d35274886b96be8"><!--Newsletter successfully sent.-->Carta de Noticias enviada exitosamente</text>
  <text digest="31a5a1743892bdd5a8d76f11666e6e34"><!--Newsletter to Send-->Carta de Noticias a Enviar</text>
  <text digest="d04ccf61aef8e1107d25b84cf8e37d55"><!--Newsletters-->Cartas de Noticias</text>
  <text digest="bafd7322c6e97d25b6299b5d6fe8920b"><!--No-->No</text>
  <text digest="a2519dd09f48ea0c3b48cc3508f4b813"><!--No language XML files were found in-->No se encontraron archivos XML en</text>
  <text digest="a944690800dd22e1e0051b477ae699a9"><!--No matching payments found-->No se encontraron pagos concidentes</text>
  <text digest="459dfbb7f44151c96311b134ec1b9148"><!--No payment is required. Select &quot;Continue&quot; to create your pixels.-->No se requiere pago. Seleccione &quot;Continuar&quot; para crear sus pixels.</text>
  <text digest="0f542d33bb0c412c7c0db5bcd9b88be7"><!--No Payment Required-->No se Requiere Pago</text>
  <text digest="0af453b8ad0f94a2b18912678bb335f0"><!--Not all texts were imported-->No todos los textos han sido importados</text>
  <text digest="d8f4a1993546cc4b850cde3599e27aec"><!--not found-->no encontrado</text>
  <text digest="f4c6f851b00d5518bf888815de279aba"><!--Notes-->Notas</text>
  <text digest="8392461cf759088854e16710b9b75d1a"><!--Only-->S&#243;lo</text>
  <text digest="850068ca05fab9932deb436fcc2f51c0"><!--Only languages for which XML files exist in the-->S&#243;lo idiomas para los cuales existen archivos XML en el</text>
  <text digest="285c71407955765dd84cd3e7a55daf4d"><!--Or, select from a one of the predefined images below:-->O, seleccione una de las im&#225;genes predefinidas abajo:</text>
  <text digest="6311ae17c1ee52b36e68aaf4ad066387"><!--Other-->Otro</text>
  <text digest="3f70f03550aca2dc979d186e3c9d75e1"><!--Parameters Available-->Par&#225;metros Disponibles</text>
  <text digest="dc647eb65e6711e155375218212b3964"><!--Password-->Contrase&#241;a</text>
  <text digest="4a9c16cd3b4e937464aeec7d67dbf67a"><!--Password must be at least 5 characters-->La contrase&#241;a debe tener como m&#237;nimo 5 caracteres</text>
  <text digest="06df4bfdd9e2861a328b6a0a60295a96"><!--Password Sent-->Contrase&#241;a enviada</text>
  <text digest="b06c5ecc37b9cd61a0cab0534ed1f15d"><!--Payment Error-->Error de Pago</text>
  <text digest="91a1bd08a417cbd1ce9ee50d8c67bab6"><!--Payment History-->Historial de Pago</text>
  <text digest="1e63d1811556fc2dad106dcbd4217a69"><!--Payment ID-->ID de Pago</text>
  <text digest="8b34365831eadc0f27586c35fb2c5d91"><!--Payment ID not set-->ID de Pago no establecido</text>
  <text digest="707436a5aa13b82a4d777f64c717a625"><!--Payment Method-->M&#233;todo de Pago</text>
  <text digest="6cbce829ab8d77328a5e093efc071dab"><!--Payment Modules-->M&#243;dulos de Pago</text>
  <text digest="a9afb81f203651728b321a2d316d24bc"><!--Payment not complete-->Pago no completado</text>
  <text digest="daef64964ee3b9b904f5d467586e217f"><!--Payments-->Pagos</text>
  <text digest="2d13df6f8b5e4c5af9f87e0dc39df69d"><!--Pending-->Pendiente</text>
  <text digest="fe3838c7c11aa406dd956566e17360d5"><!--per-->por</text>
  <text digest="4b4ebf8bc3adee2af4f8a818e98eaadd"><!--Per block of-->Por bloque de</text>
  <text digest="c399ace8bdd28dcb36190197ed8d1810"><!--per pixel-->por pixel</text>
  <text digest="2338c4450e3e37e94c766b6f3a117add"><!--pixel block-->bloque de pixels</text>
  <text digest="dc0981bf1c3a58ee19a694d2d924e507"><!--Pixel List-->Lista de Pixels</text>
  <text digest="b806b636baef257e5e767c04b6aa9d93"><!--Pixel Owners-->Propietarios de Pixels</text>
  <text digest="c3d2f5d37334dc978fd8b17fc77408a1"><!--Pixels-->Pixels</text>
  <text digest="d399848208da8b80a306af0fd62bb03f"><!--pixels-->pixels</text>
  <text digest="aa96728344423187c7477819cdb2600d"><!--pixels (must be a multiple of-->pixels (debe ser un m&#250;ltiplo de</text>
  <text digest="94c9c74f6bda44f4e749215cc1629178"><!--Pixels Sold-->Pixels Vendidos</text>
  <text digest="88831291c9aab03e0f3e4304e02fd34c"><!--pixels; must be a multiple of-->pixels; debe ser un m&#250;ltiplo de</text>
  <text digest="e44b145bd8b49b06e0ad2ced1ad56466"><!--Plain Text-->Texto Plano</text>
  <text digest="27e4596406eff1a65381806facfd75aa"><!--Please confirm payment details below:-->Por favor confirme los detalles del pago abajo:</text>
  <text digest="c8f84ddee81641eb502c98df915dac05"><!--Please create a password of at least 5 characters-->Por favor cree una contrase&#241;a de al menos 5 caracteres</text>
  <text digest="3066d74f56ce60e0d9d7c33b63f49ec9"><!--Please enter at least one e-mail address-->Por favor ingrese al menos una direcci&#243;n de e-mail</text>
  <text digest="393d545b14b8865c4121a3ccc58e9db9"><!--Please enter your e-mail address-->Por favor ingrese su direcci&#243;n de e-mail</text>
  <text digest="90c599e1aba75b071b31c68e0cc7c46e"><!--Please enter your E-Mail address-->Por favor ingrese su direcci&#243;n de E-mail</text>
  <text digest="396174fcd62305830c9f0d78ace8e38c"><!--Please enter your E-Mail address (used when you purchased the pixels) to 
confirm your identity.-->Por favor ingrese su direcci&#243;n de E-Mail (utilizada cuando compr&#243; pixels) para
confirmar su identidad.</text>
  <text digest="b7c0f5c88cb24f6f957d16a141f7b35f"><!--Please enter your e-mail address so we can contact you about your pixels.
We will send a special link to this address that you can use to change your
pixel image, URL, or title.-->Por favor ingrese su direcci&#243;n de e-mail para que podamos contactarlo sobre sus pixels.
Le enviaremos un v&#237;nculo especial a esta direcci&#243;n que puede utilizar para cambiar su imagen de
pixel, URL, o t&#237;tulo.</text>
  <text digest="67372fd578db62fc68dace10251b0cda"><!--Please enter your E-Mail address.-->Por favor ingrese su direcci&#243;n de E-Mail.</text>
  <text digest="d204f77cee6364285eac4a5c619ef398"><!--Please enter your first name-->Por favor ingrese su nombre</text>
  <text digest="a4cd68d07493873243dccd63aa7ba0a7"><!--Please enter your friend's E-Mail address.-->Por favor ingrese la direcci&#243;n de E-Mail de su amigo</text>
  <text digest="355f1b7d95d1b0e67b2c3e6425766f21"><!--Please enter your last name-->Por favor ingrese su apellido</text>
  <text digest="3bcf2f9ff620e72576bba9dadd0570fa"><!--Please enter your name.-->Por favor ingrese su nombre.</text>
  <text digest="94afdae0167fe5386318343db5da4c84"><!--Please keep this number in case you need to contact us about your pixels.-->Por favor mantenga este n&#250;mero en caso de que necesite contactarnos por sus pixels.</text>
  <text digest="54ddd162c77ceb6a136f831456c16e27"><!--Please log in before proceeding-->Por favor ingrese antes de proceder</text>
  <text digest="c7f1380a005a2b5100f310ab02add80b"><!--Please log in to access your account-->Por favor ingrese para acceder a su cuenta</text>
  <text digest="b6acebbdd243e7db2506aee7f05c0f2a"><!--Please reference ID number-->Por favor referencie el n&#250;mero de ID</text>
  <text digest="1e0c97491f44d9f69e5753ba75e0d5f3"><!--Please select a Language-->Por favor seleccione un Idioma</text>
  <text digest="cc6c0386db75e53308201df2586b835c"><!--Please select a region-->Por favor seleccione una regi&#243;n</text>
  <text digest="995f77fbdf7d044301a412148f180220"><!--Please select from the functions at left.-->Por favor seleccione de las funciones en la izquierda.</text>
  <text digest="0c5cb0cc4d9883b800c5a7f89dea16c0"><!--Please upload a valid file-->Por favor suba un archivo v&#225;lido</text>
  <text digest="60cc25cace35df4995d399983cc18cc3"><!--Previous Articles-->Art&#237;culos Previos</text>
  <text digest="3601146c4e948c32b6424d2c0a7f0118"><!--Price-->Precio</text>
  <text digest="f2c12ae14393ffc83551d56f32bb03cc"><!--Price:-->Precio:</text>
  <text digest="760d643b436dc8b45291ac8a9e490584"><!--Re-Enter E-Mail Address-->Re-Ingrese la Direcci&#243;n de E-Mail</text>
  <text digest="61ee91f7c2163418ca2682083b030685"><!--Re-Enter New E-Mail Address-->Re-Ingrese la Nueva Direcci&#243;n de E-Mail</text>
  <text digest="b7b5c6d6b7bf1a7d9a4129ed8d08e81b"><!--Re-Enter New Password-->Re-Ingrese la Nueva Contrase&#241;a</text>
  <text digest="67589722e4f4bbe6aa7c843d1de2dff9"><!--Re-enter Password-->Re-Ingrese la Contrase&#241;a</text>
  <text digest="7f547bae34e148f552c6dc4e0601ec1c"><!--Re-enter your E-Mail Address-->Re-ingrese su Direcci&#243;n de E-Mail</text>
  <text digest="1a4bf7b868e3d052692955fe17c303cd"><!--Re-Type New Password-->Re-Escriba la Nueva Contrase&#241;a</text>
  <text digest="cc32a5ae9823284e6dccefcde24902d1"><!--Region Approval Required?-->Requiere Aprobaci&#243;n de Regi&#243;n?</text>
  <text digest="8b1fd00c74b7679cb1bd405a861b9236"><!--Region ID-->ID de Regi&#243;n</text>
  <text digest="5948f3347ebc02ebc690227c059661e1"><!--Regions-->Regiones</text>
  <text digest="5dec156b63fee20ec9d84d44e5cebebd"><!--Replace Image-->Reemplazar Imagen</text>
  <text digest="f9e88481552d37c3c5199d869f55d43d"><!--Republish Grids-->Republicar Grillas</text>
  <text digest="57fe3188ed92a4c4a52f0622231ae8a5"><!--Republish Grids Now-->Republicar Grillas Ahora</text>
  <text digest="942d4e37dd5607ab68e54755540d4a47"><!--Reserved-->Reservado</text>
  <text digest="0d0e2934af7d3bc4e7263fcb1f9bc51c"><!--Retrieve Password-->Recuperar Contrase&#241;a</text>
  <text digest="20d781bd6c9966b7ea0c9f412e68f8bc"><!--Return to Home Page-->Regresar a la P&#225;gina de Inicio</text>
  <text digest="c9cc8cce247e49bae79f15173ce97354"><!--Save-->Guardar</text>
  <text digest="f5d6040ed78ca86ddc73296a49b18510"><!--Save Changes-->Guardar Cambios</text>
  <text digest="0bc3427d153784fd483102834aa250ca"><!--Script Version-->Versi&#243;n de Script</text>
  <text digest="5eb6bb157528b365f84c27bb4784031b"><!--Secret Key-->Clave Secreta</text>
  <text digest="776ce18ce0df318a12121c92afab7279"><!--Select a newsletter title to edit or delete a newsletter. Select the
&quot;Copy&quot; link to create a new newsletter by copying an existing one. Select
the &quot;New Newsletter&quot; link to create a new, blank newsletter.-->Seleccione un t&#237;tulo de carta de noticia para editar o eliminar una carta de noticia. Seleccione el
v&#237;nculo &quot;Copiar&quot; para crear una nueva carta de noticias copiando una existente. Seleccione
el v&#237;nculo &quot;Nueva Carta de Noticia&quot; pra crear una carta de noticias en blanco.</text>
  <text digest="7d1cd83f94cc1b04eaa07df260b0e29d"><!--Select Grid-->Seleccione Grilla</text>
  <text digest="047feb1823201faa75c7f5c2621ba2e5"><!--Select Payment Method-->Seleccione Forma de Pago</text>
  <text digest="6510ea0815f4f5fa90b9d67d87564ea0"><!--Select Your Pixels-->Seleccione Sus Pixels</text>
  <text digest="11a5d0ba5c46912814c0420a82833018"><!--Send My Password-->Enviar Mi Contrase&#241;a</text>
  <text digest="15e1bdee49e196d6c9a0f12dda0ef29f"><!--Send Newsletter-->Enviar Carta de Noticias</text>
  <text digest="98f9aaca12e8998fc97120d9fc5999b1"><!--Sign Up Now-->Registrarse Ahora</text>
  <text digest="a7d6475ec8993b7224d6facc8cb0ead6"><!--Site-->Sitio</text>
  <text digest="22d6a35a4c252115e717adba28374fab"><!--Site Description-->Descripci&#243;n de Sitio</text>
  <text digest="668445f09da337d276dc852bb6a0dbb3"><!--Site Name-->Nombre de Sitio</text>
  <text digest="c79bbde212562ceac1034cebde0ad6d5"><!--Site Status-->Estado de Sitio</text>
  <text digest="6f6cb72d544962fa333e2e34ce64f719"><!--Size-->Tama&#241;o</text>
  <text digest="5a4d5a89d5dca2f301d337f03f4ad92c"><!--Snippet::snippet: invalid language code-->Snippet::snippet: c&#243;digo de idioma inv&#225;lido</text>
  <text digest="7d102b34bca77d98da5f32fec4e7fe2a"><!--Specify the URL for the site your pixels will be linked to. It must start
with &lt;tt&gt;http://&lt;/tt&gt; or &lt;tt&gt;https://&lt;/tt&gt;. You may also specify an optional
title and alt tag value for your pixels. If you leave the title blank, your URL
will be used as the title. If you leave the alt tag value blank, the title (or
URL) will be used.-->Especifique la URL para el sitio al cual estar&#225;n vinculados sus pixels. Debe comenzar
con &lt;tt&gt;http://&lt;/tt&gt; o &lt;tt&gt;https://&lt;/tt&gt;. Puede tambi&#233;n especificar un t&#237;tulo
alternativo y valor de etiqueta alternativo para sus pixels. Si deja el t&#237;tulo en blanco, su URL
ser&#225; utilizada como t&#237;tulo. Si deja el valor de etiqueta alternativo en blanco, el t&#237;tulo (o
URL) ser&#225; utilizado.</text>
  <text digest="ec53a8c4f07baed5d8825072c89799be"><!--Status-->Estado</text>
  <text digest="c7892ebbb139886662c6f2fc8c450710"><!--Subject-->Asunto</text>
  <text digest="821cdce7e19008a18c3089781c783249"><!--Submit Payment-->Enviar Pago</text>
  <text digest="8bf906833cc7aea8084f552217ed9c1d"><!--Suspended-->Suspendido</text>
  <text digest="aeb989922c420dcfd5122b2a23e6d34d"><!--Tell A Friend-->Comentar A Un Amigo</text>
  <text digest="a7ce94417ec99d0de85338df3501176f"><!--Tell a Friend-->Comentar a un Amigo</text>
  <text digest="da9bf09a31dc2e4345e11e8d90c19320"><!--Tell a friend about-->Comentar a un amigo acerca de</text>
  <text digest="0c1ec80465825af171a2cb9df19ac8d7"><!--Template Name-->Nombre de Plantilla</text>
  <text digest="07c698ab44e79839fee2cb77ec7f6d6b"><!--Text from Image at Right-->Texto de la Imagen a la Derecha</text>
  <text digest="94917ab8c61c926e7cb40cfc68cb8928"><!--Texts that do not have a translation will be written to the XML file as
the English text enclosed in an XML comment-->Los textos que no poseen traducci&#243;n ser&#225;n escritos al archivo XML como
el texto ingl&#233;s encerrado en comentario XML</text>
  <text digest="40d65b862ec9137f3a34353b6ae36ddd"><!--Texts to Include-->Textos a Incluir</text>
  <text digest="7a7c46aab7e07559c6f7a8b25f2b9ef4"><!--Thank you-->Gracias</text>
  <text digest="b315ed055787c0994d8a7b08b2be9244"><!--Thank You-->Gracias</text>
  <text digest="e08e65334c09762d91ca607127db9fc9"><!--Thank you for activiating your account.-->Gracias por activar su cuenta</text>
  <text digest="f403ac95a07ddae169d88c4833ace3ce"><!--Thank you for your order!-->Gracias por ordenar!</text>
  <text digest="ff5e09b70599314ffab1a87b4b10112a"><!--That does not appear to be a valid e-mail address-->No parece ser una direcci&#243;n de e-mail v&#225;lida</text>
  <text digest="81354618b50973fd80b9cda3fcf7336a"><!--That E-Mail address is not on file-->Esa direcci&#243;n de E-Mail no se encuentra en el archivo</text>
  <text digest="69c25b790a70384d7fba562500ae8d8a"><!--That email address is not valid. Please enter the address used when you purchased your pixels-->Esa direcci&#243;n de email no es v&#225;lida. Por favor ingrese la direcci&#243;n utilizada al comprar sus pixels</text>
  <text digest="8b44ae62f2d1b6a1051557d02c2179d3"><!--That region exceeds the maxium allowable size-->Esa regi&#243;n excede el tama&#241;o m&#225;ximo permitido</text>
  <text digest="6f025c174d720dc09eeaed572aca998c"><!--That region overlaps one or more existing regions-->Esa regi&#243;n se solapa con una o m&#225;s regiones existentes</text>
  <text digest="403ba0bbb4d362facc94abcaf0ce1980"><!--The export file-->El archivo de exportaci&#243;n</text>
  <text digest="0f07bfc547183c196967d44a8876c01d"><!--The file does not appear to be a valid image-->El archivo no parece ser una imagen v&#225;lida</text>
  <text digest="88388c4c3bf5a6af4c23fd2d8d4f2923"><!--The following languages are available. Select a language to edit its
description or delete it.-->Los idiomas siguientes se encuentran disponibles. Seleccione un idioma para editar su descripci&#243;n
o eliminarlo.</text>
  <text digest="b24b44f7fe548b453ac371ce11301a60"><!--The following unexpected error occurred-->Ha ocurrido el siguiente error inesperado</text>
  <text digest="8bc6239aedc9aabdf85ef7825bb75fbf"><!--The image must be in GIF, JPG, or PNG format-->La imagen debe estar en formato GIF, JPG, o PNG</text>
  <text digest="81184dcc378fe2a42ec8c80b61b94144"><!--The order in which to display this method when multiple payment methods are available-->El orden en el cual mostrar este m&#233;todo cuando se encuentren disponibles m&#250;ltiples metodos de pago</text>
  <text digest="4d31633236d2e82468afd530ca64a224"><!--The supplied digest is invalid-->El resumen suministrado es inv&#225;lido</text>
  <text digest="2ea230d21e70a4b1a0764692b1f48846"><!--The text from the image was not entered correctly-->El texto de la imagen no fue ingresado correctamente</text>
  <text digest="4c70e8b708a4072b3aa495b99f6658d7"><!--The URL must be an absolute URL starting with &quot;http://&quot; or &quot;https://&quot;-->La URL debe ser una URL absoluta comenzando con &quot;http://&quot; o &quot;https://&quot;</text>
  <text digest="43a112a006922a0c0a6f6c5a7bcea819"><!--There has been an error processing this transaction.-->Ha ocurrido un error al procesar esta transacci&#243;n</text>
  <text digest="473c68a65e7b4c0f718c24ca82572480"><!--This function allows you to change a region's status or other
parameters-->Esta funci&#243;n le permite cambiar el estado de una regi&#243;n u otros par&#225;metros</text>
  <text digest="6a6b93c0ba67083cb9aaed5f5fff2698"><!--This function allows you to change the administrator username and/or
password.-->Esta funci&#243;n le permite cambiar el nombre de usuario y/o contrase&#241;a de 
administrador.</text>
  <text digest="063233c7ddc14c12cc803274c2978852"><!--This function allows you to create a region on one of your grids.  The
region will initially be &quot;Reserved&quot;, but you may change its status and other
parameters after creating it.-->Esta funci&#243;n le permite crear una regi&#243;n en una de sus grillas.  La regi&#243;n
inicialmente ser&#225; &quot;Reservada&quot;, pero puede cambiar su estado y otros
par&#225;metros al crearla.</text>
  <text digest="524f80b32e3c7e846f94b7c5d775208e"><!--This function will delete all the compiled Smarty templates from the
following directory:-->Esta funci&#243;n eliminar&#225; todas las plantillas compiladas Smarty del
directorio siguiente:</text>
  <text digest="d5b88e6656ce6e5998b9816284fef16b"><!--This function will export texts for one language to an XML file to your
application's &quot;temp&quot; directory-->Esta funci&#243;n exportar&#225; los textos de un idioma a un archivo XML de su
directorio de aplicaci&#243;n &quot;temp&quot;</text>
  <text digest="2a71ea143a1405497007e10b7ddc5253"><!--This function will import a previously-exported language texts XML file
that has had translations added.-->Esta funci&#243;n importar&#225; un archivo XML de textos previamente exportado
que posee las traducciones agregadas.</text>
  <text digest="ec60db66e736510ba77c8880e8ba9a8c"><!--This function will regenerate the grid image(s) in the-->Esta funci&#243;n regenerar&#225; las im&#225;genes de la grilla en el</text>
  <text digest="1a33eaccf125c602d613dfd2619f1546"><!--This function will scan templates and PHP source code, looking
for multi-language texts enclosed in pairs of hash marks like this:-->Esta funci&#243;n buscar&#225; plantillas y c&#243;digo fuente PHP, buscando
textos multi-idioma encerrados en pares con marcas hash como esta:</text>
  <text digest="8ae96b429400e97874186312dc8be3e7"><!--This transaction has been declined.-->Esta transacci&#243;n ha sido rechazada</text>
  <text digest="aa6879ecc77f2c385a23d73aace50fb9"><!--Thousands Separator Char-->Separador de miles</text>
  <text digest="b78a3223503896721cca1303f776159b"><!--Title-->T&#237;tulo</text>
  <text digest="cfd030171f6152237706919d5739fed4"><!--Title for Your Pixels-->T&#237;tulo para Sus Pixels</text>
  <text digest="88427ec035734b45aae9f7d8859a5008"><!--Transaction ID-->ID de transacci&#243;n</text>
  <text digest="e661b77ea9f3c1a0122aea94ba2c46b7"><!--Unable to create-->Imposible crear</text>
  <text digest="a2fc4090b280a2a81773dc3f5f0ded55"><!--Unable to find grid with prior display_order-->Imposible encontrar grilla con orden de visualizaci&#243;n previo</text>
  <text digest="33c53fb0899e8569ac58219d2060278c"><!--Unable to move uploaded file to temp dir-->Imposible mover el archivo enviado al archivo temp</text>
  <text digest="ae2bd63c09fb292e212849c554f1d04d"><!--Unable to open-->Imposible abrir</text>
  <text digest="733296967e1fffed81e5e7279443a898"><!--Unexpected Error-->Error Inesperado</text>
  <text digest="aee9784c03b80d38d3271cde2b252b8d"><!--Unknown error-->Error desconocido</text>
  <text digest="d5ca088299d5908ca359f17692071761"><!--Unverified-->Sin verificar</text>
  <text digest="258f49887ef8d14ac268c92b02503aaa"><!--Up-->Arriba</text>
  <text digest="46496b1548bc707fb261e7252847afe5"><!--Update Language Texts-->Actualizar Textos de Idioma</text>
  <text digest="9440fda7060e2a4b8738b485186f9261"><!--Update Language Texts Now-->Actualizar Textos de Idioma Ahora</text>
  <text digest="6e3bc548c6e007af186f4ebf5be80df0"><!--Update Your Pixels-->Actualizar Sus Pixels</text>
  <text digest="ff5c08e44e4c7a76922a5cd8e0c99e79"><!--Upload a GIF, JPG, or PNG image. It will automatically be converted to PNG
format and resized to the grid size of-->Enviar una imagen GIF, JPG, o PNG. Ser&#225; autom&#225;ticamente convertida a formato PNG
y redimiensionada al tama&#241;o de la grilla de</text>
  <text digest="f2174ebd1875527abe46f1fe2782e761"><!--Upload a GIF, JPG, or PNG image. It will automatically be converted to PNG
format and resized to the region size of-->Enviar una imagen GIF, JPG, o PNG. Ser&#225; autom&#225;ticamente convertida a formato PNG
y redimensionada al tama&#241;o de la regi&#243;n de</text>
  <text digest="1f98842c354dc496970446bce14f4c50"><!--Upload Image-->Enviar Imagen</text>
  <text digest="7877a94cbd593dd296e342df78aeb213"><!--Upload Your Image-->Env&#237;e Su Imagen</text>
  <text digest="e6b391a8d2c4d45902a23a8b6585703d"><!--URL-->URL</text>
  <text digest="459afb28a6eca8ed130ae2673701da0c"><!--URL for Your Site-->URL de Su Sitio</text>
  <text digest="a0a1cbfacfb5302f99e1dc3440b548ad"><!--Use &lt;a href=&quot;http://www.loc.gov/standards/iso639-2/englangn.html&quot; target=&quot;_blank&quot;&gt;ISO 639-1 Language Code&lt;/a&gt; values-->Usar valores &lt;a href=&quot;http://www.loc.gov/standards/iso639-2/englangn.html&quot; target=&quot;_blank&quot;&gt;ISO 639-1 Language Code&lt;/a&gt;</text>
  <text digest="46eed9a70f2d59210b4034000cc938e0"><!--Use FCKeditor-->Usar FCKeditor</text>
  <text digest="7dba491977ffd22a9b68d9cf12353355"><!--Use this form to create an account on-->Usar este formulario para crear una cuenta en</text>
  <text digest="814df24aafe2a2e88ce6f85134f4dd8d"><!--Use User Accounts?-->Usar Cuentas de Usuario?</text>
  <text digest="e55adecd2f6d6a34c281c35189b654ed"><!--User Accounts-->Cuentas de Usuario</text>
  <text digest="1edcdad89b3a2245d759a169da1bf5a3"><!--User ID-->ID Usuario</text>
  <text digest="92f1b1481fa6ff46c4a3caae78354dab"><!--User Name-->Nombre de Usuario</text>
  <text digest="f9aae5fda8d810a29f12d1e61b4ab25f"><!--Users-->Usuarios</text>
  <text digest="a9647e3663a9e7f4b094d3b9f8e40aa9"><!--Verification Variables-->Variables de Verificaci&#243;n</text>
  <text digest="3f68e67dc6c397aaa9d1c24c356f754f"><!--Verified-->Verificado</text>
  <text digest="9df5e418b69684e9c225bea8bf78f870"><!--Verified?-->Verificado?</text>
  <text digest="522bf35ce3719884885e0e3c6a03f0bf"><!--WARNING!-->ADVERTENCIA!</text>
  <text digest="a750407248427e74c2d7a28eeec8b852"><!--We were unable to process your order.-->Fue imposible procesar su orden</text>
  <text digest="bedac05f805c4746882e489e78b84f03"><!--What should be done with the user's regions, if any?-->Qu&#233; deber&#237;a hacerse con las regiones de usuarios, en caso de existir?</text>
  <text digest="aacc829a685b96825cd2f816658d0085"><!--XML Parsing Error in-->Error de Interpretaci&#243;n de XML</text>
  <text digest="93cba07454f06a4a960172bbd6e2a435"><!--Yes-->Si</text>
  <text digest="c642c7a681c3bd55312067aa05185e2a"><!--Yes, I want to delete grid-->Si, deseo eliminar la grilla</text>
  <text digest="0a795523e2fcfc2df79e52af297d0e1a"><!--Yes, I want to delete language-->Si, deseo eliminar el idioma</text>
  <text digest="9f7194f7ec9dfb7937e3cbea3d042c48"><!--Yes, I want to delete the article-->Si, deseo eliminar el art&#237;culo</text>
  <text digest="608e8153c8e49a1ef7c2c38f8ef7c1e7"><!--Yes, I want to delete the newsletter-->Si, deseo eliminar la carta de noticias</text>
  <text digest="936ea009ed99dd34ca517e708869f93a"><!--Yes, I want to delete the user account of-->Si, deseo eliminar la cuenta de usuario de</text>
  <text digest="27fcbc851fea2ec63719e998b88f9793"><!--Yes, I want to delete this region.-->Si, deseo elminar esta regi&#243;n</text>
  <text digest="4dbf7624e437cd4711e5d77ce24ed154"><!--Yes, I want to overite the file-->Si, deseo sobreescribir el archivo</text>
  <text digest="b4eb4e49176872cff5d0d58129a9336b"><!--You may export all texts, or only those texts that do not have a
translation yet. After making translations, you can re-import the file with-->Puede exportar todos los textos, o solo aquellos textos que no poseen una
traducci&#243;n a&#250;n. Luego de realizar las traducciones puede re-importar el archivo con</text>
  <text digest="16cdce413f6e657526f53c48bde7aff6"><!--You need to export a language using-->Necesita exportar a un idioma utilizando</text>
  <text digest="adfd19e0fe33a9752f0e39596b38303a"><!--You should run-->Deber&#237;a ejecutar</text>
  <text digest="5ac272b74089a85e706873a025f1f929"><!--You will receive an e-mail from us shortly with instructions on how
to update your pixels.-->Recibir&#225; un e-mail nuestro con las instrucciones sobre c&#243;mo
actualizar sus pixels.</text>
  <text digest="a0623b78a5f2cfe415d9dbbd4428ea40"><!--Your Account-->Su Cuenta</text>
  <text digest="e868dd111353d296c2a78c9808c21337"><!--Your Comment-->Su Comentario</text>
  <text digest="26437b002b58282199ab6818edee7bcf"><!--Your confirmation number is-->Su n&#250;mero de confirmaci&#243;n es</text>
  <text digest="acbd4f68b2ca837345b216b38e418b22"><!--Your Details-->Sus Detalles</text>
  <text digest="890c49344604346a2ae9ff5c700c2845"><!--Your E-Mail Address-->Su Direcci&#243;n de E-Mail</text>
  <text digest="817b8002b596344349ad2a2f44c066c7"><!--Your E-Mail address does not appear to be a valid address-->Su direcci&#243;n de E-Mail no parece ser una direcci&#243;n v&#225;lida</text>
  <text digest="c49c70de9f24981a975d0c3dd6f6ec35"><!--Your e-mail address or password is incorrect-->Su direcci&#243;n de e-mail o contrase&#241;a es inv&#225;lida</text>
  <text digest="ce1f86955fbfd05ab0622d04458dd680"><!--Your E-Mail address will be your account login.-->Su direcci&#243;n de E-Mail ser&#225; su cuenta de ingreso</text>
  <text digest="7d8ac38c5db6ff413900f295797695fe"><!--Your Friend's E-Mail Address-->La Direcci&#243;n de E-Mail de su Amigo</text>
  <text digest="174fc8804f98a6ee65c3d24c8779a142"><!--Your friend's E-Mail address does not appear to be a valid address-->La direcci&#243;n de E-Mail de su amigo no parece ser una direcci&#243;n v&#225;lida</text>
  <text digest="29a313aaac4e35189ba323153d8b91cb"><!--Your Image-->Su Imagen</text>
  <text digest="71cb324233a6412bfff64c2530b54911"><!--Your login details have been sent to your E-Mail address.-->Sus detalles de ingreso han sido enviados a su direcci&#243;n de E-Mail</text>
  <text digest="614cffa523202658a898e34a5d94d05e"><!--Your Name-->Su Nombre</text>
  <text digest="df15356c756aed37b001685b36c45b69"><!--Your Pixels-->Sus Pixels</text>
  <text digest="b9fe0b9250a8d4d3d21fd4885af235f9"><!--Your pixels have been updated. Thank you.-->Sus Pixels han sido actualizados</text>
  <text digest="0bb1b513ccc003593dc4f6118f919e82"><!--Your re-entered email address does not match; please check-->Su direcci&#243;n de email re-ingresada no coincide; por favor verifique</text>
  <text digest="4b3f3b3f711d814c0820e2c6bbdea119"><!--Your re-entered password does not match; please check-->Su contrase&#241;a re-ingresada no coincide; por favor verifique</text>
  <text digest="38b235bcc8fc76c2f9f4853912365580"><!--Your recommendataion has been sent to-->Su recomendaci&#243;n ha sido enviada a</text>
  <text digest="9e4c86c49f0ef3e9f73ae04e314d574e"><!--Your Selection-->Su selecci&#243;n</text>
</language>
