<?xml version="1.0" encoding="utf-8"?>
<language code="zh" name="Chinese" decimal_sep="." thousand_sep=",">
  <text digest="f679fc5558402f85339ec5a7e47a2d65">(0-100,0=无变化)</text>
  <text digest="237904cc5ea18e8ead0cf8798c8bb584">(0-100, 0=不透明, 100=完全透明)</text>
  <text digest="2cfe6c6ee7bf12671c84a2b601ee7e61">(留出空白以保留现有密码)</text>
  <text digest="6f0646d61d342cf041668c1b3aabf257">(必须至少有5个字符长)</text>
  <text digest="68cc3e8d8723a18074c321b0394971b7">(每行一个地址)</text>
  <text digest="3ad51f84f9fcd139c484b9657449fc6a">(RRGGBB十六进制数字)</text>
  <text digest="c7ff15f8e20c78720107f6bb411b3903">0=无限制</text>
  <text digest="e3f7f54834cb55663cfc8daa3e1296da">粗体注意，由于PHPXML剖析器,XML文件的局限性，粗体必须在UTF-8的编码中.</text>
  <text digest="294c070625c56242b19a20468cf07e89">需要一个网址</text>
  <text digest="08bd40c7543007ad06e4fce31618f6ec">帐户</text>
  <text digest="3771bf858c98d52dbc5d250dd1f4e72f">帐户详细资料</text>
  <text digest="004bf6c9a40003140292e97330236c53">行为</text>
  <text digest="4d3d769b812b6faa6b76e1a8abaece2d">激活的</text>
  <text digest="a5dac79ddad1cbdb8b60c5b347ee047e">实际尺寸</text>
  <text digest="982efc929531febc7ddd68c5ffd9cdcd">添加一条评论</text>
  <text digest="365b7e8763e8438d42db3f1f4025074d">添加一个栅格</text>
  <text digest="1e22f543ce92434613f8518ea3b3d5ee">添加一种语言</text>
  <text digest="a508cd6ee07b35ea8efdf98d6520ce83">添加评论</text>
  <text digest="1a41181f428efff363c6711afd3cbaae">在评论后面添加您的解释(但是要在--里面</text>
  <text digest="56cc559d234df2ffabc88b8926592264">管理主页</text>
  <text digest="7258e7251413465e0a3eb58094430bde">管理</text>
  <text digest="98aa505f420487b8d46ba6c92535060f">管理区</text>
  <text digest="2e7f473229466aab583b6a5b6c12944b">管理员电邮</text>
  <text digest="0b8b4e972d0c2d2023c02e036e50ed6e">管理员电邮地址</text>
  <text digest="2b996dca68382a098fd21e100119868b">管理员登陆</text>
  <text digest="b1c94ca2fbc3e78fc30069c8d0f01680">所有</text>
  <text digest="717985ca4705973c8e2bcc24f731e685">允许博客评论</text>
  <text digest="102779676feeffd385f7038542c05441">已经存在</text>
  <text digest="0208315ed9010b3aa21e0602b80ff5aa">更改标签值</text>
  <text digest="c1fd3564fa7e4c04ff48aa628b7a1d4f">为您的象素更改标签值</text>
  <text digest="b2f40690858b404ed10e62bdf422c704">数量</text>
  <text digest="0cd5a075b4d373a7cdfef5ef970a9905">此邮箱地址帐户已经存在</text>
  <text digest="4df0983b5f0fef389ff6dde220a2fa00">有关如何激活您的帐户的邮件已经发出.</text>
  <text digest="256dc5b24a8bff2be45053611b5d7688">和它有关联的所有区域</text>
  <text digest="44ad1813bccc5fe8f24b7143f1a720e5">和它有关联的所有正文</text>
  <text digest="33e022c6f0615ded20209d196ba220bd">文章标识</text>
  <text digest="dd183cda820de726fe770720317eb6af">把它们分配给管理员</text>
  <text digest="9159e8b2505e7aa3112e8d92d5bcd662">试图删除行并不保存</text>
  <text digest="d2eb444e35c0a71f0a85df8194acb5b6">属性</text>
  <text digest="a517747c3d12f99244ae598910d979c5">作者</text>
  <text digest="78945de8de090e90045d299651a68a9b">现在可用的</text>
  <text digest="75e7422f2fe253fc69d3f6c148d197ee">背景颜色</text>
  <text digest="abd809c9e3c1c08e97740f86b8ceabfb">背景图像</text>
  <text digest="be8df1f28c0abc85a0ed0c6860e5d832">博客</text>
  <text digest="d3f12f6a2441abf9154561d5511cf99a">博客评论</text>
  <text digest="ac101b32dda4448cf13a93fe283dddd8">正文</text>
  <text digest="97b962852e8f5605148f7bb114e90388">购买按钮标题</text>
  <text digest="30bb48edbb3180b4f158b54154390aca">现在购买</text>
  <text digest="8e4ccc20183151e99e9169d9c9d832a7">不能删除默认语言</text>
  <text digest="c0f9c6715531c64943f20597714f075c">CAPTCHA图像</text>
  <text digest="8f1e77e0d2be21da93cd4d9a939148f7">更改密码</text>
  <text digest="a1a54fabe4d39a33de432c5bcea2a7a4">更改为确认</text>
  <text digest="9c3cc01fe422f094cbb1e0cc31a53224">更改用户名/密码</text>
  <text digest="90052c651c8ee6972bb05e44396ed4a5">选择另一种支付方式</text>
  <text digest="a3b294b172203e5d3cb2840963612ea9">清除已编译的模板</text>
  <text digest="a2185b84cb564de630c6d371938bd55f">现在清除已编译的模板</text>
  <text digest="17738df6781b3f3af8dc83fbf55e6493">清除错误状况</text>
  <text digest="1357e394106c1adabf10aba7b3bbc3b3">清除图像</text>
  <text digest="1e3708f8221705fb1a889efb229b6035">点击并拖动鼠标来选择一片象素区域.</text>
  <text digest="0df37c3395fea64e33cd4f1670428a7a">点击一个站点更新您得象素</text>
  <text digest="cbdb553aaace16e77bb205e9bc3375ef">点击</text>
  <text digest="1976d7f704de389d9fe064e08ea35b2d">专栏</text>
  <text digest="0be8406951cdfda82f00f79328cf4efc">评论</text>
  <text digest="ba280a9b71dfa9bc4fd987ea66295100">评论</text>
  <text digest="8413c683b4b27cc3f4dbd4c90329d8ba">评论</text>
  <text digest="e14891a26424266ae9fed563cd6db1fe">评论在</text>
  <text digest="be7046a84bd4e51e5100b4751a016147">成功清除已编译的模板</text>
  <text digest="07ca5050e697392c9ed47e6453f1453f">完成</text>
  <text digest="f1206f9fadc5ce41694f69129aecac26">设定</text>
  <text digest="ac00a91889d65fde368168c9ff6d3cf6">支付模块设定</text>
  <text digest="413e8eec79fec581e1be288e893e0cb9">确认支付</text>
  <text digest="205bc73c4ab4286a1fb9d4c18322777c">确认</text>
  <text digest="a0bfb8e59e6c13fc8d990781f77694fe">继续</text>
  <text digest="c884b1a5c353df470b30ffe6d42f9f2b">创建一个密码</text>
  <text digest="739405e73cc9f2e323506440d0883734">创建帐户</text>
  <text digest="3e09ef3ed19172303d8d36354e509284">创建交错图像</text>
  <text digest="cc7f8622005b8863ec2699a204a0ebc3">创建调色板图像</text>
  <text digest="aeb0751452ff345883daec1aa25de87c">创建区域</text>
  <text digest="0eceeb45861f9585dd7a97a3e36f85c6">已创建的</text>
  <text digest="4dc7aa6ddf532ae536da360ea389430f">信用卡验证号码</text>
  <text digest="5e038f03415db5461c13d380469436cb">信用卡号码</text>
  <text digest="9dc0432a5467a0c376999d3c0f916244">信用卡主</text>
  <text digest="ccc4262fa6d8d0e05bd79fb58c52e66d">信用卡类型</text>
  <text digest="94cebe752e18a99e25477a437d006771">货币符号</text>
  <text digest="4bc28f132d571b160ba407e143915de2">当前密码</text>
  <text digest="de777c62ae5555f733a06f3ca8afeaf8">数据库错误</text>
  <text digest="44749712dbec183e983dcd78a7736c41">日期</text>
  <text digest="ba989292c988a2d8cc2131b51e13de72">已创建的日期</text>
  <text digest="23f255aef8a8833fbb07a91987d1a42f">已粘贴的日期</text>
  <text digest="29ee8c149301d3cd854208ce0a542ee5">十进制标点字符</text>
  <text digest="22fd15787bc9a2ab3961b3d9b55b373e">需要正文的默认语言版本</text>
  <text digest="9c7382acaa0eff647b9d54d741f97a0e">需要标题的默认语言版本</text>
  <text digest="f2a6c498fb90ee345d997f888fce3b18">删除</text>
  <text digest="4d5362989c7c72cae7b54c0f0b8cc97f">删除博客文章</text>
  <text digest="ca586ff7ae16cd0e4783f5e969bdabf1">删除栅格</text>
  <text digest="7ef5e8668303d811f813e8cfee0ba56c">删除语言</text>
  <text digest="d000c412d028411920210a16a1ad5acc">删除时事通讯</text>
  <text digest="a8d4361ae1587818d8a5d032c6db9a59">删除区域</text>
  <text digest="6ac9a034dc3a8b4cf5a3902d2b7755d4">删除它们</text>
  <text digest="f8a2cff100250140c8bde8d55fa3c959">删除这条评论</text>
  <text digest="11250a0cf71313e83d01bb2ff9bd49e1">删除用户帐户</text>
  <text digest="226d815cf7520958de31ee454ac187e1">删除一个栅格将会删除&lt;粗体&gt;所有&lt;/粗体&gt;这个栅格与数据库的有关联的区域.</text>
  <text digest="dd2e9661c1742b1362fde903f702cba5">删除一种语言将会删除&lt;粗体&gt;所有&lt;/粗体&gt;这种语言与数据库的有关联的区域.</text>
  <text digest="703bd0f92eab5c26660442bca97a9af2">删除一条时事通讯将会永久性地把它从数据库中移走.</text>
  <text digest="d6f727e8bc3b9834fa00154b53d4c9cd">删除一个区域将会永久性地把它从数据库中移走.</text>
  <text digest="5cdb92717822689c27dbef1e9031fc8e">删除一个用户帐户将会永久性地把它从数据库中移走.</text>
  <text digest="d41fc32cf752b30eaa4952c3ce024201">删除一篇文章将会永久性地把它从数据库中移走.</text>
  <text digest="8de083bc06a2e250e4899eb953fffdef">描述您的象素</text>
  <text digest="e5cfc515f312c9e85f367e9854d9963e">摘要</text>
  <text digest="a51bc38545605e56fa2fc6f529935664">目录展示</text>
  <text digest="fb24df5535e7d367bab0b56f4ce8e661">目录,依照当前的区域信息.</text>
  <text digest="bcfaccebf745acfd5e75351095a5394a">不可用的</text>
  <text digest="296993584750e6ab52793cf0e6fbe27a">显示次序</text>
  <text digest="d014344ae4d89aad4137a16ad6a74f69">您希望写在这个文件上面吗?</text>
  <text digest="b78ae460675b4d19661913e11951f4aa">没有出现一个有效的地址</text>
  <text digest="d7e210d720545ec137ea7062c59490e8">没有出现一个有效的电邮地址</text>
  <text digest="a5f61298da21626d0f490ebd06ecd811">没有一个帐户?</text>
  <text digest="29d0abeab115c63faaf7fc2a3c9cc5ed">进行维护</text>
  <text digest="ec585a5e4095d996807fc89d55755798">复制支付标识</text>
  <text digest="082e55a73f10496681c84231dc1c88f7">电邮</text>
  <text digest="185d23ff9526ad93077a1c9ad5ed26a2">电邮地址</text>
  <text digest="f510776e5c9ba250fcf3ee60e7fe78c8">需要电邮地址</text>
  <text digest="6505425433576237024e3046506a2f4e">电邮地址</text>
  <text digest="6b27673aa75d2ca88ad746e7512fcdca">编辑博客文章</text>
  <text digest="002a3919156b671a6f64e44d0fbf2793">编辑电邮模板</text>
  <text digest="6259df978c6b6ade43b9610b12ceca8a">编辑栅格</text>
  <text digest="8f6e92037361563f553e283b1cbc139a">编辑语言</text>
  <text digest="7de2efab88c509281ba6f5770bb786ce">编辑时事通讯</text>
  <text digest="c3c35fbb4b93e280434acb72888c9667">编辑支付历史</text>
  <text digest="2961b2d8f45b1c45a5fe74f0284273de">编辑区域</text>
  <text digest="2d4aa0297eaffa9eb6d33cad1f1ba38b">编辑用户帐户</text>
  <text digest="582c365f0918d19bfe0ded51281ebc8e">编辑您的详细资料</text>
  <text digest="bdfc5da748534e04c57746d7ea0ed351">元素和要求的输入语言不匹配</text>
  <text digest="49c3ba4130a88f7ab532f142fba92efe">元素).您只能移动评论分数如果您希望用英语正文版本作为译本正文.不要移动或改变</text>
  <text digest="1fecaa43ef33ed8ede57c234d2016e4b">不带有空格的内容元素将被导入.附有XML评论的英语正文将被忽略</text>
  <text digest="ce8ae9da5b7cd6c3df2929543a9af92d">电邮</text>
  <text digest="e958bee302ce77cb42982784cb7529ae">电邮格式</text>
  <text digest="c143a6b696f32a8cb3aec51f15435239">电邮模板</text>
  <text digest="2faec1f9f8cc7f8f40d521c4dd574f49">授权</text>
  <text digest="e472d07f9c5160054406659749857591">输入新栅格的尺寸.一旦创建了一个栅格，它的尺寸就不能被改变. 您可以在下一步更改其他栅格的参数.</text>
  <text digest="4440c0be08f987170f74405f2fabc6a6">输入您的电邮地址</text>
  <text digest="a72ac3935e10f07971dc6934557ef6ca">输入您的电邮地址</text>
  <text digest="902b0d55fddef6f8d651fe1035b7d4bd">错误</text>
  <text digest="072d0ff589d26935fcb26469fe880bf5">错误?</text>
  <text digest="5ef0c737746fae2ca90e66c39333f8f6">错误</text>
  <text digest="2aef74ba8cae1f8c81d9e38ad08210f3">期望的标识</text>
  <text digest="652ae06667a8dcee10bf4f69d14cac28">期望的标识</text>
  <text digest="90bd4d50d8cd2351aedaadb54aca3205">输出语言文本</text>
  <text digest="f284bb28034af699d1206d2cc04c8bd9">输出语言文本</text>
  <text digest="63f1df06278dd9eb5e07a2ae75e66d08">输出文本</text>
  <text digest="8b04d5e3775d298e78455efc5ca404d5">首先</text>
  <text digest="bdfab27698872612a30a2ad26368cef9">首先您是否还没有这样做.</text>
  <text digest="bc910f8bdf70f29374f496f05be0330c">姓</text>
  <text digest="c6631869fbb1e424e58bf74cdbc387cc">必须有姓</text>
  <text digest="5188c95fcfc3875a0554aaa564278507">忘记了您的密码?</text>
  <text digest="b24ce0cd392a5b0b8dedc66c25213594">免费的</text>
  <text digest="8be74e315d95cf330323b8fd56e82653">获得象素</text>
  <text digest="5174d1309f275ba6f275db3af9eb3e18">栅格</text>
  <text digest="610930c7ebefa254adf1b54173302149">栅格描述</text>
  <text digest="e7ada0a0fe0f6526f47f0b3febc6c622">栅格高度</text>
  <text digest="d2bc02659318db2da688b38ff330e374">栅格名称</text>
  <text digest="7663ae33dc58d5c765bdbcafc202cfa6">栅格标题</text>
  <text digest="147ba37d1b04b43e4fa445a65b72e640">栅格宽度</text>
  <text digest="268409e5f6aa5240754cd811eb2055b9">所有栅格已被成功发布!</text>
  <text digest="1aa4d06e8e68435726ccfab06f17ed4c">栅格线颜色</text>
  <text digest="bebd00372b825306ad52eb7689461ae6">栅格线透明</text>
  <text digest="e985db04b7808550d0276a72890ded91">所有栅格</text>
  <text digest="cc72b836bde0c046cd09151316b4aedf">已经被输出到</text>
  <text digest="9ac6f89f824e9679c85ead5d1d33f494">已经从导入</text>
  <text digest="8cf04a9734132302f96da8e113e80ce5">主页</text>
  <text digest="4c4ad5fca2e7a3f74dbb1ced00381aa4">HTML</text>
  <text digest="490aa6e856ccf208a054389e47ce0d06">标识</text>
  <text digest="1dc2fb4c9d0bd771d956a75a07c7e6ae">如果您已经有一个帐户，您可以</text>
  <text digest="d507f81279d3dd09ee13c718820eb75c">关于这个处理如果您需要请联系我们.</text>
  <text digest="be53a0541a6d36f6ecb879fa2c584b08">图像</text>
  <text digest="323126045a230b218de6ebd6a53fb7f8">图像文件</text>
  <text digest="bb10b1837ff0698fd821afedbfdd6a66">图像亮度大小</text>
  <text digest="712bd47cf0934a7240b43b79d9f0667f">输入语言文本</text>
  <text digest="e756487927dd90f1e390f5e37728011c">输入文本</text>
  <text digest="8dee49165153fc68ffacb5f7f7bf9a3a">替代</text>
  <text digest="dbf373dd3565accf2d2fd19700f6a5ae">无效的操作</text>
  <text digest="6e659c47c94d1e1dc7121859f43fb2b0">无效的电邮地址</text>
  <text digest="662bba18b2ddcc9c1839c2229ef25c04">无效的电邮关键值</text>
  <text digest="9c10994e78fa30b3fedebecbf545a0a4">无效的模块关键字</text>
  <text digest="578f377f078ccbccfe26ea07184460e4">无效的用户名或密码</text>
  <text digest="cde17aa92ac50788ad11b07bf1dc3fdc">现已做好维护准备，请稍后检查</text>
  <text digest="0a5fa53f3f20f67f98bd6c3b16df059d">必须的</text>
  <text digest="d5b4d696faf96035dadc0a5511ec0202">语言文本--></text>
  <text digest="273d4de0292e898b50f9057a136b250d">输出的语言</text>
  <text digest="36aed4d2adb24c429f2730acae8995be">输出的语言</text>
  <text digest="32e24b0772629ec41145845076f2f172">语言代码</text>
  <text digest="f40309c7972d85f25b031d3e131f4e21">语言名称</text>
  <text digest="911b64dd7764a81f683994d1ea5774d3">语言支持</text>
  <text digest="d4cb0947a71dfcaa0460d8fd3b42ba9c">成功更新语言文本.</text>
  <text digest="77587239bf4c54ea493c7033e1dbf636">名</text>
  <text digest="e51b62746c48b9311ae857890adb70ba">必须有名</text>
  <text digest="6691dace894a729d5f820d2385c9e30f">保留空白以保存当前的地址</text>
  <text digest="ed0028074cce914a81c423192f4db197">保留空白以保存当前的密码</text>
  <text digest="4803e6b9e63dabf04de980788d6a13c4">行</text>
  <text digest="ce5bf551379459c1c61d2a204061c455">位置</text>
  <text digest="3bbbad631029e3575da7a151bba4f37c">登录</text>
  <text digest="2267c8f720278846a7d5098e38dc4bc9">现在登录</text>
  <text digest="b0c2b25b3312c7a32d7aa9d701b6ae1d">退出</text>
  <text digest="99dea78007133396a7b8ed70578ac6ae">登录</text>
  <text digest="0323de4f66a1700e2173e9bcdce02715">退出</text>
  <text digest="ab5b979f7bc8c846b49e736bb8bc890a">放大镜关闭</text>
  <text digest="10bf5d79406f984de7f857e8377eb640">放大镜打开</text>
  <text digest="290267b42926ffd9c4012025c7e7bfdb">维护栅格</text>
  <text digest="4da1d963b8a0f7e9c699d38a2a40ea90">维护语言</text>
  <text digest="ee3715bb2ddfb3c05d5a1049d2adf71e">维护区域</text>
  <text digest="1305ea717a13a41743beebc1804d538a">维护设置</text>
  <text digest="8d8cc5c9e9d56cdb0736658e9ba3f10f">最大的区域高度</text>
  <text digest="97f04b260655a4d308b5e92f3d180cdd">最大的区域宽度</text>
  <text digest="457add0e51960b82ece5a58dbd77fc59">合并地址:</text>
  <text digest="4c3880bb027f159e801041b1021e88e8">方式</text>
  <text digest="e55f75a29310d7b60f7ac1d390c8ae42">模块</text>
  <text digest="6bc362dbf494c61ea117fe3c71ca48a5">移动</text>
  <text digest="bfe40d134c486fdca406470f14dd9165">必须是&gt;=0</text>
  <text digest="4b6aa34a50f26e2467e5a35c2ae06247">必须是多重的</text>
  <text digest="006472a83fd02e2b94fe0a57b711f6a6">必须是一个六个16进制的字符串</text>
  <text digest="e9b3b28bb29b162e2f0f464a923e0e7f">必须是整数</text>
  <text digest="45e45c524ab0f6767ff5557e3d12a45c">必须在%s和%s之间</text>
  <text digest="49ee3087348e8d44e1feda1917443987">名字</text>
  <text digest="2816b5c8a6d091b92e2a8225d38187b1">新的博客文章</text>
  <text digest="b4b5a594db37ac41771ac560e065d25a">新的电邮地址</text>
  <text digest="59b53c186d2f13dc1824484fb58e112c">新的栅格</text>
  <text digest="c8bd41f5d0c0d9b5ecb3b2078bcb8726">新的语言</text>
  <text digest="48f4d45876bb72765da898c88716915d">新的时事通讯</text>
  <text digest="ae3bb2a1ac61750150b606298091d38a">新密码</text>
  <text digest="fdde48f3e6b48ff72d35274886b96be8">成功发出时事通讯.</text>
  <text digest="31a5a1743892bdd5a8d76f11666e6e34">要发送的实施通讯</text>
  <text digest="d04ccf61aef8e1107d25b84cf8e37d55">时事通讯</text>
  <text digest="bafd7322c6e97d25b6299b5d6fe8920b">不</text>
  <text digest="a2519dd09f48ea0c3b48cc3508f4b813">没有建立了的语言XML文件</text>
  <text digest="a944690800dd22e1e0051b477ae699a9">没有符合的付款发现</text>
  <text digest="459dfbb7f44151c96311b134ec1b9148">不需要支付.选择&quot;继续&quot;创建您的象素.</text>
  <text digest="0f542d33bb0c412c7c0db5bcd9b88be7">不需要支付</text>
  <text digest="0af453b8ad0f94a2b18912678bb335f0">并不是所有文本都已经输入了</text>
  <text digest="d8f4a1993546cc4b850cde3599e27aec">未发现</text>
  <text digest="f4c6f851b00d5518bf888815de279aba">注意</text>
  <text digest="8392461cf759088854e16710b9b75d1a">只有</text>
  <text digest="850068ca05fab9932deb436fcc2f51c0">仅仅是XML文件所存在的语言</text>
  <text digest="285c71407955765dd84cd3e7a55daf4d">或者，从下面预先确定的一个图像中挑选:</text>
  <text digest="6311ae17c1ee52b36e68aaf4ad066387">其他</text>
  <text digest="3f70f03550aca2dc979d186e3c9d75e1">有效参数</text>
  <text digest="dc647eb65e6711e155375218212b3964">密码</text>
  <text digest="4a9c16cd3b4e937464aeec7d67dbf67a">密码必须至少有5个字符</text>
  <text digest="06df4bfdd9e2861a328b6a0a60295a96">发送密码></text>
  <text digest="b06c5ecc37b9cd61a0cab0534ed1f15d">支付错误</text>
  <text digest="91a1bd08a417cbd1ce9ee50d8c67bab6">支付<!--Payment History--></text>
  <text digest="1e63d1811556fc2dad106dcbd4217a69">支付标识</text>
  <text digest="8b34365831eadc0f27586c35fb2c5d91">支付标识没有设置</text>
  <text digest="707436a5aa13b82a4d777f64c717a625">支付方式</text>
  <text digest="6cbce829ab8d77328a5e093efc071dab">支付模块</text>
  <text digest="a9afb81f203651728b321a2d316d24bc">支付没有完成</text>
  <text digest="daef64964ee3b9b904f5d467586e217f">支付</text>
  <text digest="2d13df6f8b5e4c5af9f87e0dc39df69d">未决的</text>
  <text digest="fe3838c7c11aa406dd956566e17360d5">每</text>
  <text digest="4b4ebf8bc3adee2af4f8a818e98eaadd">每一块的</text>
  <text digest="c399ace8bdd28dcb36190197ed8d1810">每一像素的</text>
  <text digest="2338c4450e3e37e94c766b6f3a117add">每一块的</text>
  <text digest="dc0981bf1c3a58ee19a694d2d924e507">像素列表</text>
  <text digest="b806b636baef257e5e767c04b6aa9d93">像素所有者</text>
  <text digest="c3d2f5d37334dc978fd8b17fc77408a1">象素</text>
  <text digest="d399848208da8b80a306af0fd62bb03f">象素</text>
  <text digest="aa96728344423187c7477819cdb2600d">像素(必须是多重的)</text>
  <text digest="94c9c74f6bda44f4e749215cc1629178">像素销售</text>
  <text digest="88831291c9aab03e0f3e4304e02fd34c">像素(必须是多重的)</text>
  <text digest="e44b145bd8b49b06e0ad2ced1ad56466">普通文本</text>
  <text digest="27e4596406eff1a65381806facfd75aa">请确认下面的支付详细资料:</text>
  <text digest="c8f84ddee81641eb502c98df915dac05">请创建一个至少有5个字符的密码</text>
  <text digest="3066d74f56ce60e0d9d7c33b63f49ec9">请输入至少一个电邮地址</text>
  <text digest="393d545b14b8865c4121a3ccc58e9db9">请输入您的电邮地址</text>
  <text digest="90c599e1aba75b071b31c68e0cc7c46e">请输入您的电邮地址</text>
  <text digest="396174fcd62305830c9f0d78ace8e38c">请输入您的电邮地址（当您购买象素的时候使用的）用来确认您的身份的.</text>
  <text digest="b7c0f5c88cb24f6f957d16a141f7b35f">请输入您的电邮地址以便有关您的象素我们能联系您.我们将发给您一个到这个网址的特殊链接以便您能使用它来更改您的象素图像, URL,或者标题.</text>
  <text digest="67372fd578db62fc68dace10251b0cda">请输入您的电邮地址.</text>
  <text digest="d204f77cee6364285eac4a5c619ef398">请输入您的姓</text>
  <text digest="a4cd68d07493873243dccd63aa7ba0a7">请输入您朋友的电邮地址.</text>
  <text digest="355f1b7d95d1b0e67b2c3e6425766f21">请输入您的名</text>
  <text digest="3bcf2f9ff620e72576bba9dadd0570fa">请输入您的名字.</text>
  <text digest="94afdae0167fe5386318343db5da4c84">请保存这个号码以便有关您的象素您需要联系我们.</text>
  <text digest="54ddd162c77ceb6a136f831456c16e27">请在进行以前登录</text>
  <text digest="c7f1380a005a2b5100f310ab02add80b">请登录到您的帐户</text>
  <text digest="b6acebbdd243e7db2506aee7f05c0f2a">请指出标识号</text>
  <text digest="1e0c97491f44d9f69e5753ba75e0d5f3">请选择一种语言</text>
  <text digest="cc6c0386db75e53308201df2586b835c">请选择一个区域</text>
  <text digest="995f77fbdf7d044301a412148f180220">请从左边的功能中选择.</text>
  <text digest="0c5cb0cc4d9883b800c5a7f89dea16c0">请上传一个有效的文件</text>
  <text digest="60cc25cace35df4995d399983cc18cc3">上一篇文章</text>
  <text digest="3601146c4e948c32b6424d2c0a7f0118">价格</text>
  <text digest="f2c12ae14393ffc83551d56f32bb03cc">价格:</text>
  <text digest="760d643b436dc8b45291ac8a9e490584">重新输入电邮地址</text>
  <text digest="61ee91f7c2163418ca2682083b030685">重新输入新的电邮地址</text>
  <text digest="b7b5c6d6b7bf1a7d9a4129ed8d08e81b">重新输入新密码</text>
  <text digest="67589722e4f4bbe6aa7c843d1de2dff9">重新输入密码</text>
  <text digest="7f547bae34e148f552c6dc4e0601ec1c">重新输入您的电邮地址</text>
  <text digest="1a4bf7b868e3d052692955fe17c303cd">重新键入新密码</text>
  <text digest="cc32a5ae9823284e6dccefcde24902d1">需要区域认证需求？</text>
  <text digest="8b1fd00c74b7679cb1bd405a861b9236">区域标识</text>
  <text digest="5948f3347ebc02ebc690227c059661e1">区域</text>
  <text digest="5dec156b63fee20ec9d84d44e5cebebd">替换图像</text>
  <text digest="f9e88481552d37c3c5199d869f55d43d">重新发布栅格</text>
  <text digest="57fe3188ed92a4c4a52f0622231ae8a5">现在重新发布栅格</text>
  <text digest="942d4e37dd5607ab68e54755540d4a47">已保留</text>
  <text digest="0d0e2934af7d3bc4e7263fcb1f9bc51c">找回密码</text>
  <text digest="20d781bd6c9966b7ea0c9f412e68f8bc">返回主页</text>
  <text digest="c9cc8cce247e49bae79f15173ce97354">保存</text>
  <text digest="f5d6040ed78ca86ddc73296a49b18510">保存更改</text>
  <text digest="0bc3427d153784fd483102834aa250ca">代码版本</text>
  <text digest="5eb6bb157528b365f84c27bb4784031b">秘密关键字</text>
  <text digest="776ce18ce0df318a12121c92afab7279">选择一个时事通讯标题编辑或删除一个时事通讯. 选择这个&quot;复制&quot;通过复制一个现有的时事通讯链接到创建一个新的时事通讯.选择这个&quot;新的时事通讯&quot;链接到创建一个新的，空白的时事通讯.</text>
  <text digest="7d1cd83f94cc1b04eaa07df260b0e29d">选择栅格</text>
  <text digest="047feb1823201faa75c7f5c2621ba2e5">选择支付方式</text>
  <text digest="6510ea0815f4f5fa90b9d67d87564ea0">选择您的象素</text>
  <text digest="11a5d0ba5c46912814c0420a82833018">发送我的密码</text>
  <text digest="15e1bdee49e196d6c9a0f12dda0ef29f">发送时事通讯</text>
  <text digest="98f9aaca12e8998fc97120d9fc5999b1">现在登入</text>
  <text digest="a7d6475ec8993b7224d6facc8cb0ead6">站点</text>
  <text digest="22d6a35a4c252115e717adba28374fab">站点描述</text>
  <text digest="668445f09da337d276dc852bb6a0dbb3">站点名字</text>
  <text digest="c79bbde212562ceac1034cebde0ad6d5">站点状况</text>
  <text digest="6f6cb72d544962fa333e2e34ce64f719">大小</text>
  <text digest="5a4d5a89d5dca2f301d337f03f4ad92c">无效的语言代码片断</text>
  <text digest="7d102b34bca77d98da5f32fec4e7fe2a">为您的像素将被链接的网站指定网址。它必须以http://开头，您也可以从指定一个可选的
标题开始，并且为您的像数改变标志值。加入您留有标题空白, 您的网址将被用作标题，假如您留有改变标志值空白，标志（或者网址）将被使用。</text>
  <text digest="ec53a8c4f07baed5d8825072c89799be">状况</text>
  <text digest="c7892ebbb139886662c6f2fc8c450710">标题</text>
  <text digest="821cdce7e19008a18c3089781c783249">提交支付</text>
  <text digest="8bf906833cc7aea8084f552217ed9c1d">暂停的</text>
  <text digest="aeb989922c420dcfd5122b2a23e6d34d">告诉一个朋友</text>
  <text digest="a7ce94417ec99d0de85338df3501176f">告诉一个朋友</text>
  <text digest="da9bf09a31dc2e4345e11e8d90c19320">告诉一个朋友关于</text>
  <text digest="0c1ec80465825af171a2cb9df19ac8d7">模板名字</text>
  <text digest="07c698ab44e79839fee2cb77ec7f6d6b">右边图像的文本</text>
  <text digest="94917ab8c61c926e7cb40cfc68cb8928">未经翻译的文本将被写入到XML文件中，英文的注释也被加入</text>
  <text digest="40d65b862ec9137f3a34353b6ae36ddd">包括的文本</text>
  <text digest="7a7c46aab7e07559c6f7a8b25f2b9ef4">谢谢</text>
  <text digest="b315ed055787c0994d8a7b08b2be9244">谢谢</text>
  <text digest="e08e65334c09762d91ca607127db9fc9">谢谢激活您的帐号!</text>
  <text digest="f403ac95a07ddae169d88c4833ace3ce">谢谢您的订单!</text>
  <text digest="ff5e09b70599314ffab1a87b4b10112a">这不是一个有效的电邮地址</text>
  <text digest="81354618b50973fd80b9cda3fcf7336a">电邮地址未在邮件中</text>
  <text digest="69c25b790a70384d7fba562500ae8d8a">电邮地址是无效的，当您使用象素的时候请键入它</text>
  <text digest="8b44ae62f2d1b6a1051557d02c2179d3">该区域超出最大尺寸</text>
  <text digest="6f025c174d720dc09eeaed572aca998c">该区域和一个或多个已存在的区域相重叠</text>
  <text digest="403ba0bbb4d362facc94abcaf0ce1980">导出文件</text>
  <text digest="0f07bfc547183c196967d44a8876c01d">文件未作为一个有效图片出现</text>
  <text digest="88388c4c3bf5a6af4c23fd2d8d4f2923">下列语言无效，请选择一个语言来编辑一个说明或删除它。</text>
  <text digest="b24b44f7fe548b453ac371ce11301a60">下列未知错误发生了</text>
  <text digest="8bc6239aedc9aabdf85ef7825bb75fbf">图片必须是GIF, JPG, 或者PNG格式</text>
  <text digest="81184dcc378fe2a42ec8c80b61b94144">订单上可以显示出多种支付方式都是有效的</text>
  <text digest="4d31633236d2e82468afd530ca64a224">提供的分类是非法的</text>
  <text digest="2ea230d21e70a4b1a0764692b1f48846">图片文本没有被正确键入</text>
  <text digest="4c70e8b708a4072b3aa495b99f6658d7">该网址必须是绝对网址</text>
  <text digest="43a112a006922a0c0a6f6c5a7bcea819">在处理该事务时发生了一个错误</text>
  <text digest="473c68a65e7b4c0f718c24ca82572480">该功能允许您改变一个区域的状态或者其他的参数</text>
  <text digest="6a6b93c0ba67083cb9aaed5f5fff2698">该功能允许您改变管理人用户名，并且/或者改变密码。--></text>
  <text digest="063233c7ddc14c12cc803274c2978852">该功能允许您为您的一个栅格创建一个区域。该区域将被初始保留,但是您可以在创建它之后改变它的状态和其他的参数</text>
  <text digest="524f80b32e3c7e846f94b7c5d775208e">该功能将从下列目录删除所有被编译的美丽模板:</text>
  <text digest="d5b88e6656ce6e5998b9816284fef16b">该功能将用一种语言导出文本到您的程序的XML文件目录--></text>
  <text digest="2a71ea143a1405497007e10b7ddc5253">该功能将导入一个XML文件，它是事先导出后经过翻译后添加的。--></text>
  <text digest="ec60db66e736510ba77c8880e8ba9a8c">该功能将重新生成栅格图片在</text>
  <text digest="1a33eaccf125c602d613dfd2619f1546">该功能扫描模板和PHP源代码,寻找附加在多对无用标记中的多语言文本:</text>
  <text digest="8ae96b429400e97874186312dc8be3e7">这项事务已经被拒绝。</text>
  <text digest="aa6879ecc77f2c385a23d73aace50fb9">数千个分离字符</text>
  <text digest="b78a3223503896721cca1303f776159b">标题</text>
  <text digest="cfd030171f6152237706919d5739fed4">您的像素标题</text>
  <text digest="88427ec035734b45aae9f7d8859a5008">交易标识</text>
  <text digest="e661b77ea9f3c1a0122aea94ba2c46b7">不能创建</text>
  <text digest="a2fc4090b280a2a81773dc3f5f0ded55">在前一个的显示次序中不能发现栅格</text>
  <text digest="33c53fb0899e8569ac58219d2060278c">不能移动上载文件到临时目录</text>
  <text digest="ae2bd63c09fb292e212849c554f1d04d">不能打开</text>
  <text digest="733296967e1fffed81e5e7279443a898">未知错误</text>
  <text digest="aee9784c03b80d38d3271cde2b252b8d">未知错误</text>
  <text digest="d5ca088299d5908ca359f17692071761">未确认</text>
  <text digest="258f49887ef8d14ac268c92b02503aaa">向上</text>
  <text digest="46496b1548bc707fb261e7252847afe5">更新语言文本</text>
  <text digest="9440fda7060e2a4b8738b485186f9261">现在更新语言文本</text>
  <text digest="6e3bc548c6e007af186f4ebf5be80df0">更新您的像素</text>
  <text digest="ff5c08e44e4c7a76922a5cd8e0c99e79">上载一个GIF, JPG, 或者PNG图片。它自动被转换为PNG格式并调整到栅格的尺寸</text>
  <text digest="f2174ebd1875527abe46f1fe2782e761">上载一个GIF, JPG, 或者PNG图片。它自动被转换为PNG格式并调整到栅格的尺寸</text>
  <text digest="1f98842c354dc496970446bce14f4c50">上载图片</text>
  <text digest="7877a94cbd593dd296e342df78aeb213">上载您的图片</text>
  <text digest="e6b391a8d2c4d45902a23a8b6585703d">网址</text>
  <text digest="459afb28a6eca8ed130ae2673701da0c">到您的网站的网址</text>
  <text digest="a0a1cbfacfb5302f99e1dc3440b548ad">使用href=http://www.loc.gov/standards/iso639-2/englangn.html,SO 639-1 语言代码值</text>
  <text digest="46eed9a70f2d59210b4034000cc938e0">用户FCKeditor</text>
  <text digest="7dba491977ffd22a9b68d9cf12353355">使用这个表单来创建一个帐号</text>
  <text digest="814df24aafe2a2e88ce6f85134f4dd8d">使用用户帐号?</text>
  <text digest="e55adecd2f6d6a34c281c35189b654ed">用户帐号</text>
  <text digest="1edcdad89b3a2245d759a169da1bf5a3">用户标识</text>
  <text digest="92f1b1481fa6ff46c4a3caae78354dab">用户名</text>
  <text digest="f9aae5fda8d810a29f12d1e61b4ab25f">用户</text>
  <text digest="a9647e3663a9e7f4b094d3b9f8e40aa9">变量确认</text>
  <text digest="3f68e67dc6c397aaa9d1c24c356f754f">确认</text>
  <text digest="9df5e418b69684e9c225bea8bf78f870">确认？</text>
  <text digest="522bf35ce3719884885e0e3c6a03f0bf">警告</text>
  <text digest="a750407248427e74c2d7a28eeec8b852">我们尚不能处理您的订单</text>
  <text digest="bedac05f805c4746882e489e78b84f03">在用户区域将被处理的事务有?</text>
  <text digest="aacc829a685b96825cd2f816658d0085">XML解析错误</text>
  <text digest="93cba07454f06a4a960172bbd6e2a435">是</text>
  <text digest="c642c7a681c3bd55312067aa05185e2a">是的，我想删除栅格</text>
  <text digest="0a795523e2fcfc2df79e52af297d0e1a">是的，我想删除语言</text>
  <text digest="9f7194f7ec9dfb7937e3cbea3d042c48">是的，我想删除文章</text>
  <text digest="608e8153c8e49a1ef7c2c38f8ef7c1e7">是的，我想删除时事通讯</text>
  <text digest="936ea009ed99dd34ca517e708869f93a">是的，我想删除用户帐户</text>
  <text digest="27fcbc851fea2ec63719e998b88f9793">是的，我想删除这个区域.</text>
  <text digest="4dbf7624e437cd4711e5d77ce24ed154">是，我将重写这个文件</text>
  <text digest="b4eb4e49176872cff5d0d58129a9336b">您可以导出所有文本，或者仅仅是未经翻译的文本，翻译后您可以重新导入文件</text>
  <text digest="16cdce413f6e657526f53c48bde7aff6">您需要导出一个语言，使用</text>
  <text digest="adfd19e0fe33a9752f0e39596b38303a">您必须运行</text>
  <text digest="5ac272b74089a85e706873a025f1f929">不久后您将受到一份电邮，上面的指导将告知您如何更新您的象素。</text>
  <text digest="a0623b78a5f2cfe415d9dbbd4428ea40">您的帐户</text>
  <text digest="e868dd111353d296c2a78c9808c21337">您的评论</text>
  <text digest="26437b002b58282199ab6818edee7bcf">您的确认号码是</text>
  <text digest="acbd4f68b2ca837345b216b38e418b22">您的详细资料</text>
  <text digest="890c49344604346a2ae9ff5c700c2845">您的电邮地址</text>
  <text digest="817b8002b596344349ad2a2f44c066c7">您的电邮地址是无效的地址</text>
  <text digest="c49c70de9f24981a975d0c3dd6f6ec35">您的电邮地址或密码是错误的</text>
  <text digest="ce1f86955fbfd05ab0622d04458dd680">您的电邮地址将是您的注册帐户。</text>
  <text digest="7d8ac38c5db6ff413900f295797695fe">您的朋友的电邮地址</text>
  <text digest="174fc8804f98a6ee65c3d24c8779a142">您朋友的电邮地址是无效的地址</text>
  <text digest="29a313aaac4e35189ba323153d8b91cb">您的图像</text>
  <text digest="71cb324233a6412bfff64c2530b54911">您的注册详细资料将被发送到您的邮箱里.</text>
  <text digest="614cffa523202658a898e34a5d94d05e">您的名字</text>
  <text digest="df15356c756aed37b001685b36c45b69">您的象素</text>
  <text digest="b9fe0b9250a8d4d3d21fd4885af235f9">您的象素已经更新了. 谢谢.</text>
  <text digest="0bb1b513ccc003593dc4f6118f919e82">您重新键入的电邮地址不合法，请检查</text>
  <text digest="4b3f3b3f711d814c0820e2c6bbdea119">您重新键入的电邮地址不合法，请检查</text>
  <text digest="38b235bcc8fc76c2f9f4853912365580">您的推荐已经被送到</text>
  <text digest="9e4c86c49f0ef3e9f73ae04e314d574e">您的选择</text>
  
  </language>
